date,hard_coal_50hz_actual,lignite_50hz_actual,oil_50hz_actual,other_fossil_50hz_actual,gas_50hz_actual,renewables_50hz_actual,biomass_50hz_actual,waste_50hz_actual,hard_coal_50hz_fitted,lignite_50hz_fitted,oil_50hz_fitted,other_fossil_50hz_fitted,gas_50hz_fitted,renewables_50hz_fitted,biomass_50hz_fitted,waste_50hz_fitted,hard_coal_50hz_lower,lignite_50hz_lower,oil_50hz_lower,other_fossil_50hz_lower,gas_50hz_lower,renewables_50hz_lower,biomass_50hz_lower,waste_50hz_lower,hard_coal_50hz_upper,lignite_50hz_upper,oil_50hz_upper,other_fossil_50hz_upper,gas_50hz_upper,renewables_50hz_upper,biomass_50hz_upper,waste_50hz_upper
2026-02-28 00:00:00+00:00,,,,,,,,,373.2301158306192,4252.4903778537555,288.0599787073103,35.91564753688245,1251.3402140223968,216.40477705413332,1011.8656481460657,302.8947330188541,485.4113284821428,4427.6351160466265,321.30533287202377,59.96197808035714,1769.5455587698416,543.2219096676587,988.6460096775795,331.8802791071429,485.4113284821428,4427.6351160466265,321.30533287202377,59.96197808035714,1769.5455587698416,543.2219096676587,988.6460096775795,331.8802791071429
2026-02-28 01:00:00+00:00,,,,,,,,,421.36988775120835,4610.900629418624,296.1478812368865,40.35126890230012,1218.5930046381727,210.2868246545791,1013.2334438837714,305.8343786664577,485.4113284821428,4427.6351160466265,321.30533287202377,59.96197808035714,1769.5455587698416,543.2219096676587,988.6460096775795,331.8802791071429,485.4113284821428,4427.6351160466265,321.30533287202377,59.96197808035714,1769.5455587698416,543.2219096676587,988.6460096775795,331.8802791071429
2026-02-28 02:00:00+00:00,,,,,,,,,439.50651781502484,5001.26462114502,294.7503740152074,35.80679280975542,1223.8509060879683,215.53368816184087,970.4741038869765,346.49124749482013,485.4113284821428,4427.6351160466265,321.30533287202377,59.96197808035714,1769.5455587698416,543.2219096676587,988.6460096775795,331.8802791071429,485.4113284821428,4427.6351160466265,321.30533287202377,59.96197808035714,1769.5455587698416,543.2219096676587,988.6460096775795,331.8802791071429
2026-02-28 03:00:00+00:00,,,,,,,,,385.50327090142287,5026.982707575616,287.3504305750006,28.917333030389134,1371.0067659148278,337.53159638601244,1011.0066451513653,329.43985680523855,485.4113284821428,4427.6351160466265,321.30533287202377,59.96197808035714,1769.5455587698416,543.2219096676587,988.6460096775795,331.8802791071429,485.4113284821428,4427.6351160466265,321.30533287202377,59.96197808035714,1769.5455587698416,543.2219096676587,988.6460096775795,331.8802791071429
2026-02-28 04:00:00+00:00,,,,,,,,,507.3352538058215,4993.136431940766,286.99338278543604,35.55268951461725,1517.7522268230011,478.8735102362197,1010.014034365201,377.47957275666744,485.4113284821428,4427.6351160466265,321.30533287202377,59.96197808035714,1769.5455587698416,543.2219096676587,988.6460096775795,331.8802791071429,485.4113284821428,4427.6351160466265,321.30533287202377,59.96197808035714,1769.5455587698416,543.2219096676587,988.6460096775795,331.8802791071429
2026-02-28 05:00:00+00:00,,,,,,,,,452.988236960907,4821.546937211954,289.8006440197775,64.03939174069082,1700.2634025393497,469.3057876936899,1005.992839798987,366.58809741575163,485.4113284821428,4427.6351160466265,321.30533287202377,59.96197808035714,1769.5455587698416,543.2219096676587,988.6460096775795,331.8802791071429,485.4113284821428,4427.6351160466265,321.30533287202377,59.96197808035714,1769.5455587698416,543.2219096676587,988.6460096775795,331.8802791071429
2026-02-28 06:00:00+00:00,,,,,,,,,329.05806597771607,4612.907616863862,304.0732253379876,60.95271756326865,1805.7850019820946,501.921009662163,1030.4317603492016,370.40673585394916,485.4113284821428,4427.6351160466265,321.30533287202377,59.96197808035714,1769.5455587698416,543.2219096676587,988.6460096775795,331.8802791071429,485.4113284821428,4427.6351160466265,321.30533287202377,59.96197808035714,1769.5455587698416,543.2219096676587,988.6460096775795,331.8802791071429
2026-02-28 07:00:00+00:00,,,,,,,,,328.3752978083114,4575.315199790878,308.449596221159,64.5348318726421,1799.757438340455,427.27566682587786,1030.0587295275893,390.402834683408,485.4113284821428,4427.6351160466265,321.30533287202377,59.96197808035714,1769.5455587698416,543.2219096676587,988.6460096775795,331.8802791071429,485.4113284821428,4427.6351160466265,321.30533287202377,59.96197808035714,1769.5455587698416,543.2219096676587,988.6460096775795,331.8802791071429
2026-02-28 08:00:00+00:00,,,,,,,,,276.2794245545666,3257.430862672861,318.55939996134316,50.19316205084934,1306.7719316831044,297.7736726721564,1024.7111580658159,387.965099064318,485.4113284821428,4427.6351160466265,321.30533287202377,59.96197808035714,1769.5455587698416,543.2219096676587,988.6460096775795,331.8802791071429,485.4113284821428,4427.6351160466265,321.30533287202377,59.96197808035714,1769.5455587698416,543.2219096676587,988.6460096775795,331.8802791071429
2026-02-28 09:00:00+00:00,,,,,,,,,248.54617586059754,2173.3247667507308,273.4488491056878,21.852355396359883,987.1303833608165,175.90227010617508,1009.4660458966417,375.8602613143404,485.4113284821428,4427.6351160466265,321.30533287202377,59.96197808035714,1769.5455587698416,543.2219096676587,988.6460096775795,331.8802791071429,485.4113284821428,4427.6351160466265,321.30533287202377,59.96197808035714,1769.5455587698416,543.2219096676587,988.6460096775795,331.8802791071429
2026-02-28 10:00:00+00:00,,,,,,,,,188.78192512424675,1844.1560819509773,248.73638493562822,20.930010967791667,729.0056859356437,180.84881804219197,1020.3836551400653,372.3718875799169,485.4113284821428,4427.6351160466265,321.30533287202377,59.96197808035714,1769.5455587698416,543.2219096676587,988.6460096775795,331.8802791071429,485.4113284821428,4427.6351160466265,321.30533287202377,59.96197808035714,1769.5455587698416,543.2219096676587,988.6460096775795,331.8802791071429
2026-02-28 11:00:00+00:00,,,,,,,,,179.1250748717897,1525.948400104256,293.2187231140375,21.695777849980054,621.2080719351561,144.23689060253486,1020.1011047112183,356.4827239120722,485.4113284821428,4427.6351160466265,321.30533287202377,59.96197808035714,1769.5455587698416,543.2219096676587,988.6460096775795,331.8802791071429,485.4113284821428,4427.6351160466265,321.30533287202377,59.96197808035714,1769.5455587698416,543.2219096676587,988.6460096775795,331.8802791071429
2026-02-28 12:00:00+00:00,,,,,,,,,167.05244900390926,1588.572876463375,252.52009838272676,24.823306220683925,646.9048040069172,152.7156053104486,982.8754385716095,360.40611681629673,485.4113284821428,4427.6351160466265,321.30533287202377,59.96197808035714,1769.5455587698416,543.2219096676587,988.6460096775795,331.8802791071429,485.4113284821428,4427.6351160466265,321.30533287202377,59.96197808035714,1769.5455587698416,543.2219096676587,988.6460096775795,331.8802791071429
2026-02-28 13:00:00+00:00,,,,,,,,,186.00327440069293,1599.1207687191581,293.6792513477073,15.256140781905408,598.2437336437085,151.1663660103739,1021.7772818817836,346.829194384607,485.4113284821428,4427.6351160466265,321.30533287202377,59.96197808035714,1769.5455587698416,543.2219096676587,988.6460096775795,331.8802791071429,485.4113284821428,4427.6351160466265,321.30533287202377,59.96197808035714,1769.5455587698416,543.2219096676587,988.6460096775795,331.8802791071429
2026-02-28 14:00:00+00:00,,,,,,,,,199.26211586273524,1730.4619855683773,276.8550536347059,11.26137955386023,699.6125429044471,210.93643523571012,1061.7104921646767,371.06764456530817,485.4113284821428,4427.6351160466265,321.30533287202377,59.96197808035714,1769.5455587698416,543.2219096676587,988.6460096775795,331.8802791071429,485.4113284821428,4427.6351160466265,321.30533287202377,59.96197808035714,1769.5455587698416,543.2219096676587,988.6460096775795,331.8802791071429
2026-02-28 15:00:00+00:00,,,,,,,,,231.60432176031574,2195.328637698914,242.1778583599684,8.427897342239326,1110.2933263169684,637.8310116692688,1045.333531279153,360.8063721059039,485.4113284821428,4427.6351160466265,321.30533287202377,59.96197808035714,1769.5455587698416,543.2219096676587,988.6460096775795,331.8802791071429,485.4113284821428,4427.6351160466265,321.30533287202377,59.96197808035714,1769.5455587698416,543.2219096676587,988.6460096775795,331.8802791071429
2026-02-28 16:00:00+00:00,,,,,,,,,302.33902983063103,2834.1919626264107,271.64533993723416,25.650023716683272,1330.897288686919,1395.9179205107873,996.0876687707357,373.97302179791774,485.4113284821428,4427.6351160466265,321.30533287202377,59.96197808035714,1769.5455587698416,543.2219096676587,988.6460096775795,331.8802791071429,485.4113284821428,4427.6351160466265,321.30533287202377,59.96197808035714,1769.5455587698416,543.2219096676587,988.6460096775795,331.8802791071429
2026-02-28 17:00:00+00:00,,,,,,,,,259.54276645717823,2957.6606876411006,272.0899072958569,20.802168985777648,1513.8799093526982,1301.512354821258,1002.1132567396579,343.2225160462481,485.4113284821428,4427.6351160466265,321.30533287202377,59.96197808035714,1769.5455587698416,543.2219096676587,988.6460096775795,331.8802791071429,485.4113284821428,4427.6351160466265,321.30533287202377,59.96197808035714,1769.5455587698416,543.2219096676587,988.6460096775795,331.8802791071429
2026-02-28 18:00:00+00:00,,,,,,,,,215.71592138354197,2815.4251827249423,235.87573649130258,17.430225956536255,1460.0588454773506,1111.6287302629926,1022.8308295272714,375.2800405577708,485.4113284821428,4427.6351160466265,321.30533287202377,59.96197808035714,1769.5455587698416,543.2219096676587,988.6460096775795,331.8802791071429,485.4113284821428,4427.6351160466265,321.30533287202377,59.96197808035714,1769.5455587698416,543.2219096676587,988.6460096775795,331.8802791071429
2026-02-28 19:00:00+00:00,,,,,,,,,296.45659080647766,1969.6673307156111,276.4158384419944,13.065944802989627,1221.3577345632157,1118.2369465337229,1064.7493900100321,412.51225387916,485.4113284821428,4427.6351160466265,321.30533287202377,59.96197808035714,1769.5455587698416,543.2219096676587,988.6460096775795,331.8802791071429,485.4113284821428,4427.6351160466265,321.30533287202377,59.96197808035714,1769.5455587698416,543.2219096676587,988.6460096775795,331.8802791071429
2026-02-28 20:00:00+00:00,,,,,,,,,267.4786512728963,1874.7322381196482,276.1276872608254,10.923478791434142,1239.846062566612,1047.443102767684,1071.4263355822561,406.89526991519364,485.4113284821428,4427.6351160466265,321.30533287202377,59.96197808035714,1769.5455587698416,543.2219096676587,988.6460096775795,331.8802791071429,485.4113284821428,4427.6351160466265,321.30533287202377,59.96197808035714,1769.5455587698416,543.2219096676587,988.6460096775795,331.8802791071429
2026-02-28 21:00:00+00:00,,,,,,,,,260.04350881409346,1944.437993709108,284.49591791948177,10.27298964611208,1008.5065962934349,581.8313087720695,1079.969632864644,404.7161105950076,485.4113284821428,4427.6351160466265,321.30533287202377,59.96197808035714,1769.5455587698416,543.2219096676587,988.6460096775795,331.8802791071429,485.4113284821428,4427.6351160466265,321.30533287202377,59.96197808035714,1769.5455587698416,543.2219096676587,988.6460096775795,331.8802791071429
2026-02-28 22:00:00+00:00,,,,,,,,,280.0157865187926,2077.195344591692,302.62027646824083,7.838044057268107,980.5545485817889,401.26538824155375,1067.2112890037483,398.81811226711136,485.4113284821428,4427.6351160466265,321.30533287202377,59.96197808035714,1769.5455587698416,543.2219096676587,988.6460096775795,331.8802791071429,485.4113284821428,4427.6351160466265,321.30533287202377,59.96197808035714,1769.5455587698416,543.2219096676587,988.6460096775795,331.8802791071429
2026-02-28 23:00:00+00:00,,,,,,,,,287.3164369053344,1993.667466722116,354.69993532652154,11.77920285061056,940.0698165277524,417.3238161191042,1012.4709259866476,363.0555933511212,485.4113284821428,4427.6351160466265,321.30533287202377,59.96197808035714,1769.5455587698416,543.2219096676587,988.6460096775795,331.8802791071429,485.4113284821428,4427.6351160466265,321.30533287202377,59.96197808035714,1769.5455587698416,543.2219096676587,988.6460096775795,331.8802791071429
2026-03-01 00:00:00+00:00,,,,,,,,,307.9030071077848,2369.1994263716206,302.75883618961336,15.213069835118176,1008.2801687040742,348.0807193880272,988.2350385498378,318.230187573517,485.4113284821428,4427.6351160466265,321.30533287202377,59.96197808035714,1769.5455587698416,543.2219096676587,988.6460096775795,331.8802791071429,485.4113284821428,4427.6351160466265,321.30533287202377,59.96197808035714,1769.5455587698416,543.2219096676587,988.6460096775795,331.8802791071429
2026-03-01 01:00:00+00:00,,,,,,,,,314.89076945329043,2237.069283908501,333.1499142643366,13.168662209750046,1098.6894590491374,349.28805535150764,1013.0952625040334,361.6765106609432,485.4113284821428,4427.6351160466265,321.30533287202377,59.96197808035714,1769.5455587698416,543.2219096676587,988.6460096775795,331.8802791071429,485.4113284821428,4427.6351160466265,321.30533287202377,59.96197808035714,1769.5455587698416,543.2219096676587,988.6460096775795,331.8802791071429
2026-03-01 02:00:00+00:00,,,,,,,,,364.22909969856744,2399.9746443398344,294.9789451407121,32.05878039851818,1230.1971528276047,343.52973204995453,1017.641545604044,386.3930516811858,485.4113284821428,4427.6351160466265,321.30533287202377,59.96197808035714,1769.5455587698416,543.2219096676587,988.6460096775795,331.8802791071429,485.4113284821428,4427.6351160466265,321.30533287202377,59.96197808035714,1769.5455587698416,543.2219096676587,988.6460096775795,331.8802791071429
2026-03-01 03:00:00+00:00,,,,,,,,,393.9678220688137,3480.1705847621306,311.8755669296347,50.835061144018844,1530.3246500738753,268.41128194226974,1028.4605112908919,391.94688780825044,485.4113284821428,4427.6351160466265,321.30533287202377,59.96197808035714,1769.5455587698416,543.2219096676587,988.6460096775795,331.8802791071429,485.4113284821428,4427.6351160466265,321.30533287202377,59.96197808035714,1769.5455587698416,543.2219096676587,988.6460096775795,331.8802791071429
2026-03-01 04:00:00+00:00,,,,,,,,,474.88848305324586,4131.925226727395,295.4902031695906,85.86207376985423,1946.639202424261,331.159615691128,991.8102605478466,391.0594041637257,485.4113284821428,4427.6351160466265,321.30533287202377,59.96197808035714,1769.5455587698416,543.2219096676587,988.6460096775795,331.8802791071429,485.4113284821428,4427.6351160466265,321.30533287202377,59.96197808035714,1769.5455587698416,543.2219096676587,988.6460096775795,331.8802791071429
2026-03-01 05:00:00+00:00,,,,,,,,,752.7792932938462,5611.297609157114,283.98304166771277,91.73126947860699,2039.0518694573796,275.05915751809545,1001.1876270374077,364.94497597374357,485.4113284821428,4427.6351160466265,321.30533287202377,59.96197808035714,1769.5455587698416,543.2219096676587,988.6460096775795,331.8802791071429,485.4113284821428,4427.6351160466265,321.30533287202377,59.96197808035714,1769.5455587698416,543.2219096676587,988.6460096775795,331.8802791071429
2026-03-01 06:00:00+00:00,,,,,,,,,763.8093323274185,5481.703364165912,296.33183631917655,103.74566822005781,2219.0385937583656,490.4033760815572,1010.5155277868153,382.4858709971319,485.4113284821428,4427.6351160466265,321.30533287202377,59.96197808035714,1769.5455587698416,543.2219096676587,988.6460096775795,331.8802791071429,485.4113284821428,4427.6351160466265,321.30533287202377,59.96197808035714,1769.5455587698416,543.2219096676587,988.6460096775795,331.8802791071429
2026-03-01 07:00:00+00:00,,,,,,,,,666.1984174005365,5657.11476231127,280.97600962426037,115.98093972568708,2046.7869075090834,321.1253713570915,969.7761727395638,411.9205125520399,485.4113284821428,4427.6351160466265,321.30533287202377,59.96197808035714,1769.5455587698416,543.2219096676587,988.6460096775795,331.8802791071429,485.4113284821428,4427.6351160466265,321.30533287202377,59.96197808035714,1769.5455587698416,543.2219096676587,988.6460096775795,331.8802791071429
2026-03-01 08:00:00+00:00,,,,,,,,,589.3585837159568,5564.9640387866575,300.9050212602937,104.55153196325162,1992.3958529356933,205.41736252084115,972.670320138972,414.64141362597996,485.4113284821428,4427.6351160466265,321.30533287202377,59.96197808035714,1769.5455587698416,543.2219096676587,988.6460096775795,331.8802791071429,485.4113284821428,4427.6351160466265,321.30533287202377,59.96197808035714,1769.5455587698416,543.2219096676587,988.6460096775795,331.8802791071429
2026-03-01 09:00:00+00:00,,,,,,,,,414.67433813769014,3479.054931991529,306.41172734590504,61.38703763987134,1341.6276934531375,151.0714542634513,977.8831936334185,401.83382504979977,485.4113284821428,4427.6351160466265,321.30533287202377,59.96197808035714,1769.5455587698416,543.2219096676587,988.6460096775795,331.8802791071429,485.4113284821428,4427.6351160466265,321.30533287202377,59.96197808035714,1769.5455587698416,543.2219096676587,988.6460096775795,331.8802791071429
2026-03-01 10:00:00+00:00,,,,,,,,,389.37950775298395,2190.521501140688,302.2827062180624,30.03920597310908,918.6531950404587,115.57439920392937,997.3495900239295,405.65710827618017,485.4113284821428,4427.6351160466265,321.30533287202377,59.96197808035714,1769.5455587698416,543.2219096676587,988.6460096775795,331.8802791071429,485.4113284821428,4427.6351160466265,321.30533287202377,59.96197808035714,1769.5455587698416,543.2219096676587,988.6460096775795,331.8802791071429
2026-03-01 11:00:00+00:00,,,,,,,,,324.05888967593984,2277.7621415321046,287.56104627227154,31.72002429616632,829.3631235241063,213.77647580148715,974.9094223145986,414.11247578250783,485.4113284821428,4427.6351160466265,321.30533287202377,59.96197808035714,1769.5455587698416,543.2219096676587,988.6460096775795,331.8802791071429,485.4113284821428,4427.6351160466265,321.30533287202377,59.96197808035714,1769.5455587698416,543.2219096676587,988.6460096775795,331.8802791071429
2026-03-01 12:00:00+00:00,,,,,,,,,366.61525283130544,2013.8471007577514,300.6937745780681,21.85087640764116,860.726397631188,181.522398003182,982.5542393815276,406.76231174722517,485.4113284821428,4427.6351160466265,321.30533287202377,59.96197808035714,1769.5455587698416,543.2219096676587,988.6460096775795,331.8802791071429,485.4113284821428,4427.6351160466265,321.30533287202377,59.96197808035714,1769.5455587698416,543.2219096676587,988.6460096775795,331.8802791071429
2026-03-01 13:00:00+00:00,,,,,,,,,298.6987001994614,1967.4015199366336,304.68575197814386,25.97143326661265,1044.7067074089691,165.39920150031287,966.7386176175208,398.8852313927261,485.4113284821428,4427.6351160466265,321.30533287202377,59.96197808035714,1769.5455587698416,543.2219096676587,988.6460096775795,331.8802791071429,485.4113284821428,4427.6351160466265,321.30533287202377,59.96197808035714,1769.5455587698416,543.2219096676587,988.6460096775795,331.8802791071429
2026-03-01 14:00:00+00:00,,,,,,,,,348.63262753203117,3120.5282962514766,299.17846171069436,42.35872694592625,1392.8802417254738,243.88288058375053,935.6869843623676,392.74902889159034,485.4113284821428,4427.6351160466265,321.30533287202377,59.96197808035714,1769.5455587698416,543.2219096676587,988.6460096775795,331.8802791071429,485.4113284821428,4427.6351160466265,321.30533287202377,59.96197808035714,1769.5455587698416,543.2219096676587,988.6460096775795,331.8802791071429
2026-03-01 15:00:00+00:00,,,,,,,,,409.2842549515071,4287.5604457252,315.83461566258615,70.54083336025057,1982.1288568998962,542.6689560280576,948.6001032694257,382.6443083200104,485.4113284821428,4427.6351160466265,321.30533287202377,59.96197808035714,1769.5455587698416,543.2219096676587,988.6460096775795,331.8802791071429,485.4113284821428,4427.6351160466265,321.30533287202377,59.96197808035714,1769.5455587698416,543.2219096676587,988.6460096775795,331.8802791071429
2026-03-01 16:00:00+00:00,,,,,,,,,539.2607039159054,4556.062725357474,272.43215859280207,68.9587666619824,1903.6900009834462,1364.756123716585,1013.5922986009955,379.92987380751856,485.4113284821428,4427.6351160466265,321.30533287202377,59.96197808035714,1769.5455587698416,543.2219096676587,988.6460096775795,331.8802791071429,485.4113284821428,4427.6351160466265,321.30533287202377,59.96197808035714,1769.5455587698416,543.2219096676587,988.6460096775795,331.8802791071429
2026-03-01 17:00:00+00:00,,,,,,,,,567.9989231515917,4414.457209194219,286.71348816688413,59.41636086562674,1944.4971805303976,1649.4628292011785,993.665192792263,379.6641741087346,485.4113284821428,4427.6351160466265,321.30533287202377,59.96197808035714,1769.5455587698416,543.2219096676587,988.6460096775795,331.8802791071429,485.4113284821428,4427.6351160466265,321.30533287202377,59.96197808035714,1769.5455587698416,543.2219096676587,988.6460096775795,331.8802791071429
2026-03-01 18:00:00+00:00,,,,,,,,,540.8949558341089,4674.726912863825,309.989511320853,47.50792926466796,1956.1378685467348,942.5767296376632,1022.2296260681667,352.95482968379304,485.4113284821428,4427.6351160466265,321.30533287202377,59.96197808035714,1769.5455587698416,543.2219096676587,988.6460096775795,331.8802791071429,485.4113284821428,4427.6351160466265,321.30533287202377,59.96197808035714,1769.5455587698416,543.2219096676587,988.6460096775795,331.8802791071429
2026-03-01 19:00:00+00:00,,,,,,,,,460.36179928412656,5273.8330763511785,288.29411124164096,72.47004782707111,1956.654542869399,572.0069766647134,999.8367320923561,373.38783807451154,485.4113284821428,4427.6351160466265,321.30533287202377,59.96197808035714,1769.5455587698416,543.2219096676587,988.6460096775795,331.8802791071429,485.4113284821428,4427.6351160466265,321.30533287202377,59.96197808035714,1769.5455587698416,543.2219096676587,988.6460096775795,331.8802791071429
2026-03-01 20:00:00+00:00,,,,,,,,,423.96229107498255,4728.517793031693,291.70354478810026,88.62064343170769,2126.765408235947,787.2742687585427,966.0612141813017,371.8338979824769,485.4113284821428,4427.6351160466265,321.30533287202377,59.96197808035714,1769.5455587698416,543.2219096676587,988.6460096775795,331.8802791071429,485.4113284821428,4427.6351160466265,321.30533287202377,59.96197808035714,1769.5455587698416,543.2219096676587,988.6460096775795,331.8802791071429
2026-03-01 21:00:00+00:00,,,,,,,,,440.37733481897067,4680.912237738285,281.4157266883813,85.57096144503156,1822.7389898624729,503.0214038644188,986.5820580021225,370.91758152204454,485.4113284821428,4427.6351160466265,321.30533287202377,59.96197808035714,1769.5455587698416,543.2219096676587,988.6460096775795,331.8802791071429,485.4113284821428,4427.6351160466265,321.30533287202377,59.96197808035714,1769.5455587698416,543.2219096676587,988.6460096775795,331.8802791071429
2026-03-01 22:00:00+00:00,,,,,,,,,452.2495914807364,4292.541324892425,258.59227233800976,73.91799633706543,1805.9323009101872,379.35168000580813,983.348510251577,376.97347609817064,485.4113284821428,4427.6351160466265,321.30533287202377,59.96197808035714,1769.5455587698416,543.2219096676587,988.6460096775795,331.8802791071429,485.4113284821428,4427.6351160466265,321.30533287202377,59.96197808035714,1769.5455587698416,543.2219096676587,988.6460096775795,331.8802791071429
2026-03-01 23:00:00+00:00,,,,,,,,,440.7787478389379,4401.6682031971195,274.38710631753804,76.19310047729124,1964.4989479153553,285.3186030822129,1005.4737825910945,366.58423485943547,485.4113284821428,4427.6351160466265,321.30533287202377,59.96197808035714,1769.5455587698416,543.2219096676587,988.6460096775795,331.8802791071429,485.4113284821428,4427.6351160466265,321.30533287202377,59.96197808035714,1769.5455587698416,543.2219096676587,988.6460096775795,331.8802791071429
2026-03-02 00:00:00+00:00,,,,,,,,,520.1898960950002,4350.4755804561855,251.7253360584681,25.716693100904834,1606.6780505849983,304.6689253302763,1037.56629715695,341.4481432253822,485.4113284821428,4427.6351160466265,321.30533287202377,59.96197808035714,1769.5455587698416,543.2219096676587,988.6460096775795,331.8802791071429,485.4113284821428,4427.6351160466265,321.30533287202377,59.96197808035714,1769.5455587698416,543.2219096676587,988.6460096775795,331.8802791071429
2026-03-02 01:00:00+00:00,,,,,,,,,531.4431212972636,4440.254322063303,263.04612423219646,51.0074174379561,1746.4423232856577,324.383471173663,1027.856979141637,354.07960315731776,485.4113284821428,4427.6351160466265,321.30533287202377,59.96197808035714,1769.5455587698416,543.2219096676587,988.6460096775795,331.8802791071429,485.4113284821428,4427.6351160466265,321.30533287202377,59.96197808035714,1769.5455587698416,543.2219096676587,988.6460096775795,331.8802791071429
2026-03-02 02:00:00+00:00,,,,,,,,,591.0230822062563,4950.072747205831,291.19961876231616,55.11812125969113,1801.2855017192323,324.00188803882503,1005.5630065743856,358.67697132090296,485.4113284821428,4427.6351160466265,321.30533287202377,59.96197808035714,1769.5455587698416,543.2219096676587,988.6460096775795,331.8802791071429,485.4113284821428,4427.6351160466265,321.30533287202377,59.96197808035714,1769.5455587698416,543.2219096676587,988.6460096775795,331.8802791071429
2026-03-02 03:00:00+00:00,,,,,,,,,653.4110336700803,5186.452921682499,297.1541710432947,63.70242757956126,1950.9386100968495,494.17924782387274,973.8910850842351,355.85984713331567,485.4113284821428,4427.6351160466265,321.30533287202377,59.96197808035714,1769.5455587698416,543.2219096676587,988.6460096775795,331.8802791071429,485.4113284821428,4427.6351160466265,321.30533287202377,59.96197808035714,1769.5455587698416,543.2219096676587,988.6460096775795,331.8802791071429
2026-03-02 04:00:00+00:00,,,,,,,,,722.3607145104579,5797.153459024317,302.1875523654365,93.44738104979822,2241.321549146841,1231.9525011064716,959.2254974363169,355.89013249120444,485.4113284821428,4427.6351160466265,321.30533287202377,59.96197808035714,1769.5455587698416,543.2219096676587,988.6460096775795,331.8802791071429,485.4113284821428,4427.6351160466265,321.30533287202377,59.96197808035714,1769.5455587698416,543.2219096676587,988.6460096775795,331.8802791071429
2026-03-02 05:00:00+00:00,,,,,,,,,821.3832979366048,6076.260661042459,301.70351727390926,127.96577348621904,2971.356045226319,1581.196777929547,954.3198154028145,359.74729133594815,485.4113284821428,4427.6351160466265,321.30533287202377,59.96197808035714,1769.5455587698416,543.2219096676587,988.6460096775795,331.8802791071429,485.4113284821428,4427.6351160466265,321.30533287202377,59.96197808035714,1769.5455587698416,543.2219096676587,988.6460096775795,331.8802791071429
2026-03-02 06:00:00+00:00,,,,,,,,,849.0567618639293,6253.480008911649,307.59742903826475,129.2419719846962,3072.937887047868,1595.4581659772566,956.8318418032726,358.65685104542445,485.4113284821428,4427.6351160466265,321.30533287202377,59.96197808035714,1769.5455587698416,543.2219096676587,988.6460096775795,331.8802791071429,485.4113284821428,4427.6351160466265,321.30533287202377,59.96197808035714,1769.5455587698416,543.2219096676587,988.6460096775795,331.8802791071429
2026-03-02 07:00:00+00:00,,,,,,,,,829.5201733755438,6244.160320371262,308.4458950987722,141.91960291317872,2989.7973627475358,1176.2391000423188,975.2891066168397,371.6889290537437,485.4113284821428,4427.6351160466265,321.30533287202377,59.96197808035714,1769.5455587698416,543.2219096676587,988.6460096775795,331.8802791071429,485.4113284821428,4427.6351160466265,321.30533287202377,59.96197808035714,1769.5455587698416,543.2219096676587,988.6460096775795,331.8802791071429
2026-03-02 08:00:00+00:00,,,,,,,,,572.9065947779239,5834.344365906982,299.8501985828975,141.65553191746153,2388.842239993721,349.99238413348905,1015.6922528108297,388.8341878848438,485.4113284821428,4427.6351160466265,321.30533287202377,59.96197808035714,1769.5455587698416,543.2219096676587,988.6460096775795,331.8802791071429,485.4113284821428,4427.6351160466265,321.30533287202377,59.96197808035714,1769.5455587698416,543.2219096676587,988.6460096775795,331.8802791071429
2026-03-02 09:00:00+00:00,,,,,,,,,681.2465666251992,5211.547996790096,285.68704263331546,108.02958211889103,1910.6779968703274,289.4823383821562,1001.2064282584923,368.66947802952785,485.4113284821428,4427.6351160466265,321.30533287202377,59.96197808035714,1769.5455587698416,543.2219096676587,988.6460096775795,331.8802791071429,485.4113284821428,4427.6351160466265,321.30533287202377,59.96197808035714,1769.5455587698416,543.2219096676587,988.6460096775795,331.8802791071429
2026-03-02 10:00:00+00:00,,,,,,,,,564.4240376078076,4821.4473015320345,297.4386065134342,85.6963454551415,1824.0875674661715,187.25246689731244,1017.1438437288783,381.3729649430271,485.4113284821428,4427.6351160466265,321.30533287202377,59.96197808035714,1769.5455587698416,543.2219096676587,988.6460096775795,331.8802791071429,485.4113284821428,4427.6351160466265,321.30533287202377,59.96197808035714,1769.5455587698416,543.2219096676587,988.6460096775795,331.8802791071429
2026-03-02 11:00:00+00:00,,,,,,,,,415.8568140668894,4142.336771915178,294.4384326025619,76.05933783180203,1620.53661153666,139.04349538670948,986.6811707130809,373.03837249867166,485.4113284821428,4427.6351160466265,321.30533287202377,59.96197808035714,1769.5455587698416,543.2219096676587,988.6460096775795,331.8802791071429,485.4113284821428,4427.6351160466265,321.30533287202377,59.96197808035714,1769.5455587698416,543.2219096676587,988.6460096775795,331.8802791071429
2026-03-02 12:00:00+00:00,,,,,,,,,438.04824256421284,4023.096346122382,302.1745817687124,67.3400841987735,1438.9934229589308,162.99993540907184,980.9032950699534,372.4988677414761,485.4113284821428,4427.6351160466265,321.30533287202377,59.96197808035714,1769.5455587698416,543.2219096676587,988.6460096775795,331.8802791071429,485.4113284821428,4427.6351160466265,321.30533287202377,59.96197808035714,1769.5455587698416,543.2219096676587,988.6460096775795,331.8802791071429
2026-03-02 13:00:00+00:00,,,,,,,,,389.0279530369196,4109.413580749313,295.4700232548506,60.739344518734704,1416.1083300034284,164.92380469888928,968.1697477060311,370.82302511191494,485.4113284821428,4427.6351160466265,321.30533287202377,59.96197808035714,1769.5455587698416,543.2219096676587,988.6460096775795,331.8802791071429,485.4113284821428,4427.6351160466265,321.30533287202377,59.96197808035714,1769.5455587698416,543.2219096676587,988.6460096775795,331.8802791071429
2026-03-02 14:00:00+00:00,,,,,,,,,569.590268753463,5155.546986665767,302.26237135458217,54.68644574409281,1795.2059808040515,316.33738791381376,983.9015558395106,387.74926873667823,485.4113284821428,4427.6351160466265,321.30533287202377,59.96197808035714,1769.5455587698416,543.2219096676587,988.6460096775795,331.8802791071429,485.4113284821428,4427.6351160466265,321.30533287202377,59.96197808035714,1769.5455587698416,543.2219096676587,988.6460096775795,331.8802791071429
2026-03-02 15:00:00+00:00,,,,,,,,,780.3198427971291,5901.9090188915925,304.7631890241797,84.41348078184873,1920.9132545164161,1023.5096685272191,983.7520193606107,377.45352282405315,485.4113284821428,4427.6351160466265,321.30533287202377,59.96197808035714,1769.5455587698416,543.2219096676587,988.6460096775795,331.8802791071429,485.4113284821428,4427.6351160466265,321.30533287202377,59.96197808035714,1769.5455587698416,543.2219096676587,988.6460096775795,331.8802791071429
2026-03-02 16:00:00+00:00,,,,,,,,,841.3172995950313,6344.727348007991,280.4314677993369,95.85757501044534,2343.2712139505793,1663.5748673817297,1002.4904880914817,372.99534490886356,485.4113284821428,4427.6351160466265,321.30533287202377,59.96197808035714,1769.5455587698416,543.2219096676587,988.6460096775795,331.8802791071429,485.4113284821428,4427.6351160466265,321.30533287202377,59.96197808035714,1769.5455587698416,543.2219096676587,988.6460096775795,331.8802791071429
2026-03-02 17:00:00+00:00,,,,,,,,,933.1355700619009,6250.883219834226,310.564831807043,96.27967119405812,2657.72077731143,1828.8611530869794,1004.1149900441617,375.51441690782787,485.4113284821428,4427.6351160466265,321.30533287202377,59.96197808035714,1769.5455587698416,543.2219096676587,988.6460096775795,331.8802791071429,485.4113284821428,4427.6351160466265,321.30533287202377,59.96197808035714,1769.5455587698416,543.2219096676587,988.6460096775795,331.8802791071429
2026-03-02 18:00:00+00:00,,,,,,,,,883.6329014929747,5981.864963241761,310.67219776019505,99.34461962869173,2827.7809222757433,1642.423073428014,1003.8498196354444,356.0377909311134,485.4113284821428,4427.6351160466265,321.30533287202377,59.96197808035714,1769.5455587698416,543.2219096676587,988.6460096775795,331.8802791071429,485.4113284821428,4427.6351160466265,321.30533287202377,59.96197808035714,1769.5455587698416,543.2219096676587,988.6460096775795,331.8802791071429
2026-03-02 19:00:00+00:00,,,,,,,,,804.0828777170759,5894.470161053145,307.42964222541093,100.46295113695254,2607.828534961279,1543.040389154041,1001.5628537982312,373.71186115716125,485.4113284821428,4427.6351160466265,321.30533287202377,59.96197808035714,1769.5455587698416,543.2219096676587,988.6460096775795,331.8802791071429,485.4113284821428,4427.6351160466265,321.30533287202377,59.96197808035714,1769.5455587698416,543.2219096676587,988.6460096775795,331.8802791071429
2026-03-02 20:00:00+00:00,,,,,,,,,602.9797324424189,5349.356284088336,292.45943921886726,96.19074100273201,2451.58748184212,1097.1527170438053,1018.0484973548174,380.9385548727767,485.4113284821428,4427.6351160466265,321.30533287202377,59.96197808035714,1769.5455587698416,543.2219096676587,988.6460096775795,331.8802791071429,485.4113284821428,4427.6351160466265,321.30533287202377,59.96197808035714,1769.5455587698416,543.2219096676587,988.6460096775795,331.8802791071429
2026-03-02 21:00:00+00:00,,,,,,,,,584.7870122322333,5441.687860436092,280.6897253639037,100.65484574250192,2345.9722911108174,520.7038553427435,1021.4846357953957,370.16442518624694,485.4113284821428,4427.6351160466265,321.30533287202377,59.96197808035714,1769.5455587698416,543.2219096676587,988.6460096775795,331.8802791071429,485.4113284821428,4427.6351160466265,321.30533287202377,59.96197808035714,1769.5455587698416,543.2219096676587,988.6460096775795,331.8802791071429
2026-03-02 22:00:00+00:00,,,,,,,,,735.4721862310187,5222.040659128113,269.898776490914,94.01692903739409,2133.3325396312866,397.88260982839745,1029.992934619373,370.9889319335563,485.4113284821428,4427.6351160466265,321.30533287202377,59.96197808035714,1769.5455587698416,543.2219096676587,988.6460096775795,331.8802791071429,485.4113284821428,4427.6351160466265,321.30533287202377,59.96197808035714,1769.5455587698416,543.2219096676587,988.6460096775795,331.8802791071429
2026-03-02 23:00:00+00:00,,,,,,,,,839.4621020829949,5376.10378484603,288.01784502981104,104.54557335691572,2442.572205049364,383.7742200241112,1002.9485200244893,370.11207531055106,485.4113284821428,4427.6351160466265,321.30533287202377,59.96197808035714,1769.5455587698416,543.2219096676587,988.6460096775795,331.8802791071429,485.4113284821428,4427.6351160466265,321.30533287202377,59.96197808035714,1769.5455587698416,543.2219096676587,988.6460096775795,331.8802791071429
2026-03-03 00:00:00+00:00,,,,,,,,,767.9823216999878,5909.185342983805,301.581883463773,69.1343093928711,2204.2973544191427,338.4891771891888,1001.3516156890356,375.28736996346015,485.4113284821428,4427.6351160466265,321.30533287202377,59.96197808035714,1769.5455587698416,543.2219096676587,988.6460096775795,331.8802791071429,485.4113284821428,4427.6351160466265,321.30533287202377,59.96197808035714,1769.5455587698416,543.2219096676587,988.6460096775795,331.8802791071429
2026-03-03 01:00:00+00:00,,,,,,,,,954.3501660298575,6213.959908846928,299.2720070604456,73.24079859328847,2323.143578921379,350.4760524933596,989.0372269987641,355.37896005686946,485.4113284821428,4427.6351160466265,321.30533287202377,59.96197808035714,1769.5455587698416,543.2219096676587,988.6460096775795,331.8802791071429,485.4113284821428,4427.6351160466265,321.30533287202377,59.96197808035714,1769.5455587698416,543.2219096676587,988.6460096775795,331.8802791071429
2026-03-03 02:00:00+00:00,,,,,,,,,928.1107565659306,6378.101938010653,310.74085596762035,65.31306793146425,2465.162918154165,361.63900047860363,968.1063121478394,366.41107389083515,485.4113284821428,4427.6351160466265,321.30533287202377,59.96197808035714,1769.5455587698416,543.2219096676587,988.6460096775795,331.8802791071429,485.4113284821428,4427.6351160466265,321.30533287202377,59.96197808035714,1769.5455587698416,543.2219096676587,988.6460096775795,331.8802791071429
2026-03-03 03:00:00+00:00,,,,,,,,,900.4838147195392,6087.738524393804,331.25006869788746,85.02362068075396,2442.631294961052,442.31943527299586,973.3008133006921,355.5368266102581,485.4113284821428,4427.6351160466265,321.30533287202377,59.96197808035714,1769.5455587698416,543.2219096676587,988.6460096775795,331.8802791071429,485.4113284821428,4427.6351160466265,321.30533287202377,59.96197808035714,1769.5455587698416,543.2219096676587,988.6460096775795,331.8802791071429
2026-03-03 04:00:00+00:00,,,,,,,,,991.646483753919,6319.887484254114,344.79047231836364,78.73931465078014,2557.2445805716056,1413.501812837359,904.0871675273143,365.60858746197266,485.4113284821428,4427.6351160466265,321.30533287202377,59.96197808035714,1769.5455587698416,543.2219096676587,988.6460096775795,331.8802791071429,485.4113284821428,4427.6351160466265,321.30533287202377,59.96197808035714,1769.5455587698416,543.2219096676587,988.6460096775795,331.8802791071429
2026-03-03 05:00:00+00:00,,,,,,,,,1008.5713159300019,6454.020136804372,374.4486833679821,107.37214127086474,3123.6685017489535,1456.9705936054506,902.5935785072222,351.2290213421483,485.4113284821428,4427.6351160466265,321.30533287202377,59.96197808035714,1769.5455587698416,543.2219096676587,988.6460096775795,331.8802791071429,485.4113284821428,4427.6351160466265,321.30533287202377,59.96197808035714,1769.5455587698416,543.2219096676587,988.6460096775795,331.8802791071429
2026-03-03 06:00:00+00:00,,,,,,,,,1015.2519340829892,6593.300733754744,364.2796085077697,110.91022249750098,3420.734896909404,1496.2662982095678,923.3446789613723,346.874223805186,485.4113284821428,4427.6351160466265,321.30533287202377,59.96197808035714,1769.5455587698416,543.2219096676587,988.6460096775795,331.8802791071429,485.4113284821428,4427.6351160466265,321.30533287202377,59.96197808035714,1769.5455587698416,543.2219096676587,988.6460096775795,331.8802791071429
2026-03-03 07:00:00+00:00,,,,,,,,,1055.8560891481968,6533.6510535293455,320.20927970055976,111.84365655224477,2980.857570394465,1184.1397260986687,948.6642847854611,352.1059810274406,485.4113284821428,4427.6351160466265,321.30533287202377,59.96197808035714,1769.5455587698416,543.2219096676587,988.6460096775795,331.8802791071429,485.4113284821428,4427.6351160466265,321.30533287202377,59.96197808035714,1769.5455587698416,543.2219096676587,988.6460096775795,331.8802791071429
2026-03-03 08:00:00+00:00,,,,,,,,,889.1793963978848,6367.316695804628,266.39510181917166,115.37683339160907,2695.8906547191273,586.9501640704227,975.9118626230678,400.55726345734115,485.4113284821428,4427.6351160466265,321.30533287202377,59.96197808035714,1769.5455587698416,543.2219096676587,988.6460096775795,331.8802791071429,485.4113284821428,4427.6351160466265,321.30533287202377,59.96197808035714,1769.5455587698416,543.2219096676587,988.6460096775795,331.8802791071429
2026-03-03 09:00:00+00:00,,,,,,,,,913.1459305563128,6369.036520757033,277.28138278996005,107.42353937223658,2445.7459335167496,266.6057157613495,994.8920381424358,348.8393748146299,485.4113284821428,4427.6351160466265,321.30533287202377,59.96197808035714,1769.5455587698416,543.2219096676587,988.6460096775795,331.8802791071429,485.4113284821428,4427.6351160466265,321.30533287202377,59.96197808035714,1769.5455587698416,543.2219096676587,988.6460096775795,331.8802791071429
2026-03-03 10:00:00+00:00,,,,,,,,,668.8214638627759,5766.406299363883,282.75207216138637,87.39043724802143,1783.1466778182528,133.36171893611862,998.6667343630131,386.1024090759355,485.4113284821428,4427.6351160466265,321.30533287202377,59.96197808035714,1769.5455587698416,543.2219096676587,988.6460096775795,331.8802791071429,485.4113284821428,4427.6351160466265,321.30533287202377,59.96197808035714,1769.5455587698416,543.2219096676587,988.6460096775795,331.8802791071429
2026-03-03 11:00:00+00:00,,,,,,,,,652.4297929234165,5311.241830896715,282.8694927174062,90.12811759214988,1609.4152869782815,147.82916244723594,992.2493873477896,383.31784644573554,485.4113284821428,4427.6351160466265,321.30533287202377,59.96197808035714,1769.5455587698416,543.2219096676587,988.6460096775795,331.8802791071429,485.4113284821428,4427.6351160466265,321.30533287202377,59.96197808035714,1769.5455587698416,543.2219096676587,988.6460096775795,331.8802791071429
2026-03-03 12:00:00+00:00,,,,,,,,,515.1563339448508,5048.001601252955,310.39009514972923,63.26780872465891,1409.4970913916607,145.97414811430923,965.260505118309,316.3671621800203,485.4113284821428,4427.6351160466265,321.30533287202377,59.96197808035714,1769.5455587698416,543.2219096676587,988.6460096775795,331.8802791071429,485.4113284821428,4427.6351160466265,321.30533287202377,59.96197808035714,1769.5455587698416,543.2219096676587,988.6460096775795,331.8802791071429
2026-03-03 13:00:00+00:00,,,,,,,,,460.72922387778385,5360.999118040988,318.5939246441179,51.55206778657726,1342.1605198694344,151.74621513883352,995.4257714363359,292.6271894226902,485.4113284821428,4427.6351160466265,321.30533287202377,59.96197808035714,1769.5455587698416,543.2219096676587,988.6460096775795,331.8802791071429,485.4113284821428,4427.6351160466265,321.30533287202377,59.96197808035714,1769.5455587698416,543.2219096676587,988.6460096775795,331.8802791071429
2026-03-03 14:00:00+00:00,,,,,,,,,603.4038523840869,5940.705396728455,314.3889939106772,48.32212581415752,1594.5931011507494,171.2845622013545,1003.5685962182426,286.09483821828326,485.4113284821428,4427.6351160466265,321.30533287202377,59.96197808035714,1769.5455587698416,543.2219096676587,988.6460096775795,331.8802791071429,485.4113284821428,4427.6351160466265,321.30533287202377,59.96197808035714,1769.5455587698416,543.2219096676587,988.6460096775795,331.8802791071429
2026-03-03 15:00:00+00:00,,,,,,,,,703.4806018056723,5940.008613742326,327.4925680532419,61.96907990367978,1837.620672795742,626.3492892443163,1004.1985512137304,321.6088923354007,485.4113284821428,4427.6351160466265,321.30533287202377,59.96197808035714,1769.5455587698416,543.2219096676587,988.6460096775795,331.8802791071429,485.4113284821428,4427.6351160466265,321.30533287202377,59.96197808035714,1769.5455587698416,543.2219096676587,988.6460096775795,331.8802791071429
2026-03-03 16:00:00+00:00,,,,,,,,,948.1942174770813,6220.420288675755,328.8514892408417,82.6508830039871,2326.4136979743007,1774.1493572579839,1002.7111201699064,355.60175589538505,485.4113284821428,4427.6351160466265,321.30533287202377,59.96197808035714,1769.5455587698416,543.2219096676587,988.6460096775795,331.8802791071429,485.4113284821428,4427.6351160466265,321.30533287202377,59.96197808035714,1769.5455587698416,543.2219096676587,988.6460096775795,331.8802791071429
2026-03-03 17:00:00+00:00,,,,,,,,,1006.9500925916636,6275.2748676237,338.8910862098347,82.78389413735178,2523.0428467151373,1929.1656853894078,982.9331341402518,326.14622831240405,485.4113284821428,4427.6351160466265,321.30533287202377,59.96197808035714,1769.5455587698416,543.2219096676587,988.6460096775795,331.8802791071429,485.4113284821428,4427.6351160466265,321.30533287202377,59.96197808035714,1769.5455587698416,543.2219096676587,988.6460096775795,331.8802791071429
2026-03-03 18:00:00+00:00,,,,,,,,,1119.6193662076155,6562.094593113914,344.02750567235347,93.66666562379976,2701.255822907986,1744.9780655507525,994.0100573226615,302.80216777888967,485.4113284821428,4427.6351160466265,321.30533287202377,59.96197808035714,1769.5455587698416,543.2219096676587,988.6460096775795,331.8802791071429,485.4113284821428,4427.6351160466265,321.30533287202377,59.96197808035714,1769.5455587698416,543.2219096676587,988.6460096775795,331.8802791071429
2026-03-03 19:00:00+00:00,,,,,,,,,1000.8773661978207,6493.133138554269,338.0152892351277,71.38808701900327,2547.0904763983644,1698.7514228001169,987.0417059778911,354.08826481033464,485.4113284821428,4427.6351160466265,321.30533287202377,59.96197808035714,1769.5455587698416,543.2219096676587,988.6460096775795,331.8802791071429,485.4113284821428,4427.6351160466265,321.30533287202377,59.96197808035714,1769.5455587698416,543.2219096676587,988.6460096775795,331.8802791071429
2026-03-03 20:00:00+00:00,,,,,,,,,1003.464603742013,6315.9575177423085,288.9682417413477,52.812315849676395,2337.728028410657,1567.7167600475818,995.8627576042783,329.98039078421954,485.4113284821428,4427.6351160466265,321.30533287202377,59.96197808035714,1769.5455587698416,543.2219096676587,988.6460096775795,331.8802791071429,485.4113284821428,4427.6351160466265,321.30533287202377,59.96197808035714,1769.5455587698416,543.2219096676587,988.6460096775795,331.8802791071429
2026-03-03 21:00:00+00:00,,,,,,,,,920.4408870982597,6280.506353972651,301.00354791197555,55.87342010117972,2128.9588452276917,1018.9866195726567,1016.55594931437,336.914984306551,485.4113284821428,4427.6351160466265,321.30533287202377,59.96197808035714,1769.5455587698416,543.2219096676587,988.6460096775795,331.8802791071429,485.4113284821428,4427.6351160466265,321.30533287202377,59.96197808035714,1769.5455587698416,543.2219096676587,988.6460096775795,331.8802791071429
2026-03-03 22:00:00+00:00,,,,,,,,,892.7918810463093,6164.535466261395,294.64742225555085,67.25259323161728,2040.6123243347358,959.9558792765094,1030.569042110175,347.0719347488363,485.4113284821428,4427.6351160466265,321.30533287202377,59.96197808035714,1769.5455587698416,543.2219096676587,988.6460096775795,331.8802791071429,485.4113284821428,4427.6351160466265,321.30533287202377,59.96197808035714,1769.5455587698416,543.2219096676587,988.6460096775795,331.8802791071429
2026-03-03 23:00:00+00:00,,,,,,,,,913.7339537183266,5700.783060789977,298.2238290538024,62.238391609476345,1889.1657029049302,735.6510315373283,1004.336928350333,363.5919794842695,485.4113284821428,4427.6351160466265,321.30533287202377,59.96197808035714,1769.5455587698416,543.2219096676587,988.6460096775795,331.8802791071429,485.4113284821428,4427.6351160466265,321.30533287202377,59.96197808035714,1769.5455587698416,543.2219096676587,988.6460096775795,331.8802791071429
2026-03-04 00:00:00+00:00,,,,,,,,,901.4620659575351,5863.556797848419,299.0462966790829,55.96310520208769,1888.1316473594457,528.4723936661741,997.4954657276531,349.7855144884862,485.4113284821428,4427.6351160466265,321.30533287202377,59.96197808035714,1769.5455587698416,543.2219096676587,988.6460096775795,331.8802791071429,485.4113284821428,4427.6351160466265,321.30533287202377,59.96197808035714,1769.5455587698416,543.2219096676587,988.6460096775795,331.8802791071429
2026-03-04 01:00:00+00:00,,,,,,,,,933.6026979993453,5824.110803097557,303.9838207915008,56.66632844945251,1924.219968450816,547.8108422157636,956.3941706602262,349.298927088743,485.4113284821428,4427.6351160466265,321.30533287202377,59.96197808035714,1769.5455587698416,543.2219096676587,988.6460096775795,331.8802791071429,485.4113284821428,4427.6351160466265,321.30533287202377,59.96197808035714,1769.5455587698416,543.2219096676587,988.6460096775795,331.8802791071429
2026-03-04 02:00:00+00:00,,,,,,,,,972.5167932686397,6037.258988944381,301.3728413719099,62.20252995315467,2000.880620222106,512.9958528681124,955.956670604918,331.5976944794669,485.4113284821428,4427.6351160466265,321.30533287202377,59.96197808035714,1769.5455587698416,543.2219096676587,988.6460096775795,331.8802791071429,485.4113284821428,4427.6351160466265,321.30533287202377,59.96197808035714,1769.5455587698416,543.2219096676587,988.6460096775795,331.8802791071429
2026-03-04 03:00:00+00:00,,,,,,,,,944.5034688366328,5941.641409241228,331.87515255995464,78.16999565577582,2204.112937964538,630.1634791223814,961.5668993992006,350.54770486719576,485.4113284821428,4427.6351160466265,321.30533287202377,59.96197808035714,1769.5455587698416,543.2219096676587,988.6460096775795,331.8802791071429,485.4113284821428,4427.6351160466265,321.30533287202377,59.96197808035714,1769.5455587698416,543.2219096676587,988.6460096775795,331.8802791071429
2026-03-04 04:00:00+00:00,,,,,,,,,951.3122358404704,6334.300901322276,355.555624849815,96.62460026773554,2556.4242779881233,1500.3955817441015,926.0734716168499,371.3968252397206,485.4113284821428,4427.6351160466265,321.30533287202377,59.96197808035714,1769.5455587698416,543.2219096676587,988.6460096775795,331.8802791071429,485.4113284821428,4427.6351160466265,321.30533287202377,59.96197808035714,1769.5455587698416,543.2219096676587,988.6460096775795,331.8802791071429
2026-03-04 05:00:00+00:00,,,,,,,,,922.4702717908754,6493.948317696515,379.4695584435114,122.63980587698734,3127.481837476961,1581.6586169048487,894.2947007811439,340.1391669141542,485.4113284821428,4427.6351160466265,321.30533287202377,59.96197808035714,1769.5455587698416,543.2219096676587,988.6460096775795,331.8802791071429,485.4113284821428,4427.6351160466265,321.30533287202377,59.96197808035714,1769.5455587698416,543.2219096676587,988.6460096775795,331.8802791071429
2026-03-04 06:00:00+00:00,,,,,,,,,1018.5377405928066,6699.571157167813,405.78420558255243,123.78056809782014,3148.4589132901724,1586.285108731453,911.590261854117,370.7595552473715,485.4113284821428,4427.6351160466265,321.30533287202377,59.96197808035714,1769.5455587698416,543.2219096676587,988.6460096775795,331.8802791071429,485.4113284821428,4427.6351160466265,321.30533287202377,59.96197808035714,1769.5455587698416,543.2219096676587,988.6460096775795,331.8802791071429
2026-03-04 07:00:00+00:00,,,,,,,,,905.1563884549547,6545.124873750305,327.599765567481,132.42748888606843,2990.7414189285346,1322.3338550384278,963.2297163963176,387.3081679803482,485.4113284821428,4427.6351160466265,321.30533287202377,59.96197808035714,1769.5455587698416,543.2219096676587,988.6460096775795,331.8802791071429,485.4113284821428,4427.6351160466265,321.30533287202377,59.96197808035714,1769.5455587698416,543.2219096676587,988.6460096775795,331.8802791071429
2026-03-04 08:00:00+00:00,,,,,,,,,869.2164327795281,6524.842889069992,307.48197838985305,114.40424375498816,2930.64530960917,663.121871352569,964.3235720565777,409.5714955105802,485.4113284821428,4427.6351160466265,321.30533287202377,59.96197808035714,1769.5455587698416,543.2219096676587,988.6460096775795,331.8802791071429,485.4113284821428,4427.6351160466265,321.30533287202377,59.96197808035714,1769.5455587698416,543.2219096676587,988.6460096775795,331.8802791071429
2026-03-04 09:00:00+00:00,,,,,,,,,999.7804522160013,6465.767953466741,310.92162449280283,114.74527231638461,2525.7832590263392,262.3503668115483,991.5370687472692,368.9370054335159,485.4113284821428,4427.6351160466265,321.30533287202377,59.96197808035714,1769.5455587698416,543.2219096676587,988.6460096775795,331.8802791071429,485.4113284821428,4427.6351160466265,321.30533287202377,59.96197808035714,1769.5455587698416,543.2219096676587,988.6460096775795,331.8802791071429
2026-03-04 10:00:00+00:00,,,,,,,,,835.0864568264769,6103.091577304013,279.15983244448705,98.25713215147891,1974.8263052814104,196.78696284494305,993.9312974280938,347.7605056112617,485.4113284821428,4427.6351160466265,321.30533287202377,59.96197808035714,1769.5455587698416,543.2219096676587,988.6460096775795,331.8802791071429,485.4113284821428,4427.6351160466265,321.30533287202377,59.96197808035714,1769.5455587698416,543.2219096676587,988.6460096775795,331.8802791071429
2026-03-04 11:00:00+00:00,,,,,,,,,707.1453678303968,5463.026129579735,276.2701539532883,88.53910138991289,1721.1046180976714,174.2836350559436,981.7613370840326,311.6578195625058,485.4113284821428,4427.6351160466265,321.30533287202377,59.96197808035714,1769.5455587698416,543.2219096676587,988.6460096775795,331.8802791071429,485.4113284821428,4427.6351160466265,321.30533287202377,59.96197808035714,1769.5455587698416,543.2219096676587,988.6460096775795,331.8802791071429
2026-03-04 12:00:00+00:00,,,,,,,,,680.3287351828451,5155.5678023485825,293.1812807454422,72.5900298767388,1627.659631539217,180.89199348813008,975.4987306384386,291.8363918118293,485.4113284821428,4427.6351160466265,321.30533287202377,59.96197808035714,1769.5455587698416,543.2219096676587,988.6460096775795,331.8802791071429,485.4113284821428,4427.6351160466265,321.30533287202377,59.96197808035714,1769.5455587698416,543.2219096676587,988.6460096775795,331.8802791071429
2026-03-04 13:00:00+00:00,,,,,,,,,518.606193029058,5392.959840346364,285.56787863209183,47.26303534312425,1538.85000253732,179.61286148366685,975.2027809577277,259.6729227679736,485.4113284821428,4427.6351160466265,321.30533287202377,59.96197808035714,1769.5455587698416,543.2219096676587,988.6460096775795,331.8802791071429,485.4113284821428,4427.6351160466265,321.30533287202377,59.96197808035714,1769.5455587698416,543.2219096676587,988.6460096775795,331.8802791071429
2026-03-04 14:00:00+00:00,,,,,,,,,650.6010423804506,5906.905063139884,284.1233768514623,42.400513384436564,1889.9000409954488,171.8044077822588,980.2378888088301,274.26841116472656,485.4113284821428,4427.6351160466265,321.30533287202377,59.96197808035714,1769.5455587698416,543.2219096676587,988.6460096775795,331.8802791071429,485.4113284821428,4427.6351160466265,321.30533287202377,59.96197808035714,1769.5455587698416,543.2219096676587,988.6460096775795,331.8802791071429
2026-03-04 15:00:00+00:00,,,,,,,,,798.4888216993845,5887.2842859862785,306.7030277394968,60.132410427733625,1936.1715580517891,693.5859245155784,976.2014725816875,317.4408651230223,485.4113284821428,4427.6351160466265,321.30533287202377,59.96197808035714,1769.5455587698416,543.2219096676587,988.6460096775795,331.8802791071429,485.4113284821428,4427.6351160466265,321.30533287202377,59.96197808035714,1769.5455587698416,543.2219096676587,988.6460096775795,331.8802791071429
2026-03-04 16:00:00+00:00,,,,,,,,,951.6606924258626,6485.236656210913,297.95656475959436,94.5747038644556,2493.767618839994,1675.8888470070542,999.3598543023797,358.62562543269013,485.4113284821428,4427.6351160466265,321.30533287202377,59.96197808035714,1769.5455587698416,543.2219096676587,988.6460096775795,331.8802791071429,485.4113284821428,4427.6351160466265,321.30533287202377,59.96197808035714,1769.5455587698416,543.2219096676587,988.6460096775795,331.8802791071429
2026-03-04 17:00:00+00:00,,,,,,,,,1029.5718469042806,6332.446903345129,328.80763836841317,87.99214012743697,2603.760382257044,1865.2967687553528,969.2289279729689,355.73658231774243,485.4113284821428,4427.6351160466265,321.30533287202377,59.96197808035714,1769.5455587698416,543.2219096676587,988.6460096775795,331.8802791071429,485.4113284821428,4427.6351160466265,321.30533287202377,59.96197808035714,1769.5455587698416,543.2219096676587,988.6460096775795,331.8802791071429
2026-03-04 18:00:00+00:00,,,,,,,,,1058.0701783514075,6352.033751357432,326.10837512992975,101.72600882235662,2706.2973676781326,1876.267930764201,990.1695664293752,366.56036477842434,485.4113284821428,4427.6351160466265,321.30533287202377,59.96197808035714,1769.5455587698416,543.2219096676587,988.6460096775795,331.8802791071429,485.4113284821428,4427.6351160466265,321.30533287202377,59.96197808035714,1769.5455587698416,543.2219096676587,988.6460096775795,331.8802791071429
2026-03-04 19:00:00+00:00,,,,,,,,,1047.9247318094974,6521.327879846072,311.2113364117966,82.51698063727876,2601.436419724305,1722.9246744524517,977.0794507276338,355.99655623109834,485.4113284821428,4427.6351160466265,321.30533287202377,59.96197808035714,1769.5455587698416,543.2219096676587,988.6460096775795,331.8802791071429,485.4113284821428,4427.6351160466265,321.30533287202377,59.96197808035714,1769.5455587698416,543.2219096676587,988.6460096775795,331.8802791071429
2026-03-04 20:00:00+00:00,,,,,,,,,995.351962250402,6256.854598612224,331.41449125583983,89.77886330710609,2443.7930096891887,1471.8257204277475,975.4028147842018,341.10355375425394,485.4113284821428,4427.6351160466265,321.30533287202377,59.96197808035714,1769.5455587698416,543.2219096676587,988.6460096775795,331.8802791071429,485.4113284821428,4427.6351160466265,321.30533287202377,59.96197808035714,1769.5455587698416,543.2219096676587,988.6460096775795,331.8802791071429
2026-03-04 21:00:00+00:00,,,,,,,,,954.1798541175065,6263.877368891164,324.9430976710309,99.4564566258504,2370.6787039222454,848.3811873569161,989.8714433595467,341.12953973350864,485.4113284821428,4427.6351160466265,321.30533287202377,59.96197808035714,1769.5455587698416,543.2219096676587,988.6460096775795,331.8802791071429,485.4113284821428,4427.6351160466265,321.30533287202377,59.96197808035714,1769.5455587698416,543.2219096676587,988.6460096775795,331.8802791071429
2026-03-04 22:00:00+00:00,,,,,,,,,923.8706870288937,5990.787126174553,315.6027375420932,93.55798150899048,2106.487539243286,838.7865879774365,1007.9681442976073,374.7587880808756,485.4113284821428,4427.6351160466265,321.30533287202377,59.96197808035714,1769.5455587698416,543.2219096676587,988.6460096775795,331.8802791071429,485.4113284821428,4427.6351160466265,321.30533287202377,59.96197808035714,1769.5455587698416,543.2219096676587,988.6460096775795,331.8802791071429
2026-03-04 23:00:00+00:00,,,,,,,,,925.4214600005639,5958.404577525475,319.86995690818844,86.4601291939313,2002.0894797086971,684.012401164598,1017.3759236532761,348.5049023206873,485.4113284821428,4427.6351160466265,321.30533287202377,59.96197808035714,1769.5455587698416,543.2219096676587,988.6460096775795,331.8802791071429,485.4113284821428,4427.6351160466265,321.30533287202377,59.96197808035714,1769.5455587698416,543.2219096676587,988.6460096775795,331.8802791071429
2026-03-05 00:00:00+00:00,,,,,,,,,713.2591032608764,5709.040141911758,322.7955076090581,70.71500199464407,2025.7405579178699,433.8597498540289,1003.7347677878685,356.9219646029127,485.4113284821428,4427.6351160466265,321.30533287202377,59.96197808035714,1769.5455587698416,543.2219096676587,988.6460096775795,331.8802791071429,485.4113284821428,4427.6351160466265,321.30533287202377,59.96197808035714,1769.5455587698416,543.2219096676587,988.6460096775795,331.8802791071429
2026-03-05 01:00:00+00:00,,,,,,,,,730.8881974287069,5962.352837378332,338.9180123020283,72.28827291840186,2165.0336487749305,439.83427482665945,1011.2864137251872,342.79169716714466,485.4113284821428,4427.6351160466265,321.30533287202377,59.96197808035714,1769.5455587698416,543.2219096676587,988.6460096775795,331.8802791071429,485.4113284821428,4427.6351160466265,321.30533287202377,59.96197808035714,1769.5455587698416,543.2219096676587,988.6460096775795,331.8802791071429
2026-03-05 02:00:00+00:00,,,,,,,,,771.0764056124011,5695.216948028654,328.3614822810572,78.20213537358116,2223.71784841434,398.2387259089335,991.1606726012903,371.14541962093347,485.4113284821428,4427.6351160466265,321.30533287202377,59.96197808035714,1769.5455587698416,543.2219096676587,988.6460096775795,331.8802791071429,485.4113284821428,4427.6351160466265,321.30533287202377,59.96197808035714,1769.5455587698416,543.2219096676587,988.6460096775795,331.8802791071429
2026-03-05 03:00:00+00:00,,,,,,,,,802.2808594477156,6028.871884300902,335.9621588202853,94.24446723815576,2502.6488364602997,616.309279163611,991.8935282016917,369.03666775189714,485.4113284821428,4427.6351160466265,321.30533287202377,59.96197808035714,1769.5455587698416,543.2219096676587,988.6460096775795,331.8802791071429,485.4113284821428,4427.6351160466265,321.30533287202377,59.96197808035714,1769.5455587698416,543.2219096676587,988.6460096775795,331.8802791071429
2026-03-05 04:00:00+00:00,,,,,,,,,947.0877631286635,5956.58846025215,346.6717872582718,130.34045634185816,3130.5359721714294,1275.7158214652752,969.0604445570917,365.9690551895773,485.4113284821428,4427.6351160466265,321.30533287202377,59.96197808035714,1769.5455587698416,543.2219096676587,988.6460096775795,331.8802791071429,485.4113284821428,4427.6351160466265,321.30533287202377,59.96197808035714,1769.5455587698416,543.2219096676587,988.6460096775795,331.8802791071429
2026-03-05 05:00:00+00:00,,,,,,,,,967.9881086127971,6044.070850632007,344.82609182192454,150.5582426912113,3506.558171918743,1324.0418112769994,967.1521408674829,364.9428510887548,485.4113284821428,4427.6351160466265,321.30533287202377,59.96197808035714,1769.5455587698416,543.2219096676587,988.6460096775795,331.8802791071429,485.4113284821428,4427.6351160466265,321.30533287202377,59.96197808035714,1769.5455587698416,543.2219096676587,988.6460096775795,331.8802791071429
2026-03-05 06:00:00+00:00,,,,,,,,,943.0540643228068,6352.128253260059,345.8173461508506,155.919474808215,3654.5411490864417,1617.1527502174663,1000.5188442828302,366.58808485362454,485.4113284821428,4427.6351160466265,321.30533287202377,59.96197808035714,1769.5455587698416,543.2219096676587,988.6460096775795,331.8802791071429,485.4113284821428,4427.6351160466265,321.30533287202377,59.96197808035714,1769.5455587698416,543.2219096676587,988.6460096775795,331.8802791071429
2026-03-05 07:00:00+00:00,,,,,,,,,918.6692440949138,6376.1166194060515,294.637997380405,126.79362478891453,3131.6646488818906,1164.0393645570614,1027.8442886493845,349.91549565323726,485.4113284821428,4427.6351160466265,321.30533287202377,59.96197808035714,1769.5455587698416,543.2219096676587,988.6460096775795,331.8802791071429,485.4113284821428,4427.6351160466265,321.30533287202377,59.96197808035714,1769.5455587698416,543.2219096676587,988.6460096775795,331.8802791071429
2026-03-05 08:00:00+00:00,,,,,,,,,867.8234876192241,6381.868557088962,301.7746796577402,101.2413074649773,2460.0154968788606,355.9720422087732,1024.4952623697138,332.83332847964704,485.4113284821428,4427.6351160466265,321.30533287202377,59.96197808035714,1769.5455587698416,543.2219096676587,988.6460096775795,331.8802791071429,485.4113284821428,4427.6351160466265,321.30533287202377,59.96197808035714,1769.5455587698416,543.2219096676587,988.6460096775795,331.8802791071429
2026-03-05 09:00:00+00:00,,,,,,,,,897.5170088955045,6294.219493848027,282.98916528231746,106.78056493982396,2251.0209707152067,213.34400127895503,1015.6770051756133,347.609303526411,485.4113284821428,4427.6351160466265,321.30533287202377,59.96197808035714,1769.5455587698416,543.2219096676587,988.6460096775795,331.8802791071429,485.4113284821428,4427.6351160466265,321.30533287202377,59.96197808035714,1769.5455587698416,543.2219096676587,988.6460096775795,331.8802791071429
2026-03-05 10:00:00+00:00,,,,,,,,,582.7259598632385,4978.328368458,308.7005806892377,81.48867596357857,1641.5327852722944,148.7461640527829,999.3463027957384,358.8013617660137,485.4113284821428,4427.6351160466265,321.30533287202377,59.96197808035714,1769.5455587698416,543.2219096676587,988.6460096775795,331.8802791071429,485.4113284821428,4427.6351160466265,321.30533287202377,59.96197808035714,1769.5455587698416,543.2219096676587,988.6460096775795,331.8802791071429
2026-03-05 11:00:00+00:00,,,,,,,,,406.68157635862167,4029.980458764295,310.5887916151771,83.19363361307482,1439.1899984694135,139.5237794644649,1011.0217064236659,328.96763769956414,485.4113284821428,4427.6351160466265,321.30533287202377,59.96197808035714,1769.5455587698416,543.2219096676587,988.6460096775795,331.8802791071429,485.4113284821428,4427.6351160466265,321.30533287202377,59.96197808035714,1769.5455587698416,543.2219096676587,988.6460096775795,331.8802791071429
2026-03-05 12:00:00+00:00,,,,,,,,,327.11437025161047,3389.649189789555,299.12734395757934,56.677052118252895,1139.6270050731732,160.77171803034838,983.2942862256142,314.1207010938309,485.4113284821428,4427.6351160466265,321.30533287202377,59.96197808035714,1769.5455587698416,543.2219096676587,988.6460096775795,331.8802791071429,485.4113284821428,4427.6351160466265,321.30533287202377,59.96197808035714,1769.5455587698416,543.2219096676587,988.6460096775795,331.8802791071429
2026-03-05 13:00:00+00:00,,,,,,,,,317.38298783596787,3243.5135443567406,273.7472645640189,37.62252005983264,1135.3007667528277,152.1558534737573,983.7182147781441,300.50100548268614,485.4113284821428,4427.6351160466265,321.30533287202377,59.96197808035714,1769.5455587698416,543.2219096676587,988.6460096775795,331.8802791071429,485.4113284821428,4427.6351160466265,321.30533287202377,59.96197808035714,1769.5455587698416,543.2219096676587,988.6460096775795,331.8802791071429
2026-03-05 14:00:00+00:00,,,,,,,,,415.08673341936463,3813.7656326383817,277.235999976763,46.691798442812825,1386.6321520432202,181.78572971985085,990.2448646974876,267.4732723232032,485.4113284821428,4427.6351160466265,321.30533287202377,59.96197808035714,1769.5455587698416,543.2219096676587,988.6460096775795,331.8802791071429,485.4113284821428,4427.6351160466265,321.30533287202377,59.96197808035714,1769.5455587698416,543.2219096676587,988.6460096775795,331.8802791071429
2026-03-05 15:00:00+00:00,,,,,,,,,556.9362148681491,4761.167512352629,287.57810445185703,55.08843817469319,1790.4580386766384,487.4842449177968,1000.9279992666285,300.30028597795126,485.4113284821428,4427.6351160466265,321.30533287202377,59.96197808035714,1769.5455587698416,543.2219096676587,988.6460096775795,331.8802791071429,485.4113284821428,4427.6351160466265,321.30533287202377,59.96197808035714,1769.5455587698416,543.2219096676587,988.6460096775795,331.8802791071429
2026-03-05 16:00:00+00:00,,,,,,,,,823.2447402198251,5311.060335945506,293.8507147498768,88.57825083336527,2302.626288572946,1531.3627303083372,1011.2970934540134,349.91004303012664,485.4113284821428,4427.6351160466265,321.30533287202377,59.96197808035714,1769.5455587698416,543.2219096676587,988.6460096775795,331.8802791071429,485.4113284821428,4427.6351160466265,321.30533287202377,59.96197808035714,1769.5455587698416,543.2219096676587,988.6460096775795,331.8802791071429
2026-03-05 17:00:00+00:00,,,,,,,,,784.139040751949,5380.361710180906,286.1364872187677,87.4594733241523,2474.1597052462935,1786.341531046498,1005.5746846616623,323.50838888025487,485.4113284821428,4427.6351160466265,321.30533287202377,59.96197808035714,1769.5455587698416,543.2219096676587,988.6460096775795,331.8802791071429,485.4113284821428,4427.6351160466265,321.30533287202377,59.96197808035714,1769.5455587698416,543.2219096676587,988.6460096775795,331.8802791071429
2026-03-05 18:00:00+00:00,,,,,,,,,698.9603339803277,5604.753785993959,287.32338225493527,95.93632967165914,2644.211131914892,1584.3984359360797,1070.2899150565224,348.5558029882439,485.4113284821428,4427.6351160466265,321.30533287202377,59.96197808035714,1769.5455587698416,543.2219096676587,988.6460096775795,331.8802791071429,485.4113284821428,4427.6351160466265,321.30533287202377,59.96197808035714,1769.5455587698416,543.2219096676587,988.6460096775795,331.8802791071429
2026-03-05 19:00:00+00:00,,,,,,,,,655.1677267433367,5413.347235034248,287.46823513721813,95.33260390617541,2535.7186924921916,1476.8837200767655,1059.7107704361968,362.7775733935503,485.4113284821428,4427.6351160466265,321.30533287202377,59.96197808035714,1769.5455587698416,543.2219096676587,988.6460096775795,331.8802791071429,485.4113284821428,4427.6351160466265,321.30533287202377,59.96197808035714,1769.5455587698416,543.2219096676587,988.6460096775795,331.8802791071429
2026-03-05 20:00:00+00:00,,,,,,,,,669.6328384064925,5393.686648562566,298.007769632697,84.19007500802152,2601.556745269182,1112.7653248580714,1042.0130683182188,316.27529811431805,485.4113284821428,4427.6351160466265,321.30533287202377,59.96197808035714,1769.5455587698416,543.2219096676587,988.6460096775795,331.8802791071429,485.4113284821428,4427.6351160466265,321.30533287202377,59.96197808035714,1769.5455587698416,543.2219096676587,988.6460096775795,331.8802791071429
2026-03-05 21:00:00+00:00,,,,,,,,,695.309065944286,5492.289271729584,308.13156821853056,83.27990190554057,2298.6962621185735,670.430901007984,1040.111109745551,322.8978467465799,485.4113284821428,4427.6351160466265,321.30533287202377,59.96197808035714,1769.5455587698416,543.2219096676587,988.6460096775795,331.8802791071429,485.4113284821428,4427.6351160466265,321.30533287202377,59.96197808035714,1769.5455587698416,543.2219096676587,988.6460096775795,331.8802791071429
2026-03-05 22:00:00+00:00,,,,,,,,,667.7463973417217,4942.252230939883,285.16298975417635,71.70521036908215,2037.2950591919634,378.4672564981878,1026.3848258091857,310.1384983272768,485.4113284821428,4427.6351160466265,321.30533287202377,59.96197808035714,1769.5455587698416,543.2219096676587,988.6460096775795,331.8802791071429,485.4113284821428,4427.6351160466265,321.30533287202377,59.96197808035714,1769.5455587698416,543.2219096676587,988.6460096775795,331.8802791071429
2026-03-05 23:00:00+00:00,,,,,,,,,649.1103861001011,4694.345272934462,303.8122717342238,73.12109787851215,1967.5108781403162,362.91091664783846,1004.3243306300627,312.75535463006526,485.4113284821428,4427.6351160466265,321.30533287202377,59.96197808035714,1769.5455587698416,543.2219096676587,988.6460096775795,331.8802791071429,485.4113284821428,4427.6351160466265,321.30533287202377,59.96197808035714,1769.5455587698416,543.2219096676587,988.6460096775795,331.8802791071429
2026-03-06 00:00:00+00:00,,,,,,,,,622.6970363602363,4325.227934652341,285.5985803918018,61.97368762541309,1927.6657545627581,299.00502970824556,965.2217418194424,339.441499362399,485.4113284821428,4427.6351160466265,321.30533287202377,59.96197808035714,1769.5455587698416,543.2219096676587,988.6460096775795,331.8802791071429,485.4113284821428,4427.6351160466265,321.30533287202377,59.96197808035714,1769.5455587698416,543.2219096676587,988.6460096775795,331.8802791071429
2026-03-06 01:00:00+00:00,,,,,,,,,621.7028109549959,4435.225708009291,296.85283770872746,44.77049854260091,1802.7568935722545,291.568547581206,1027.1169322395708,339.798848011079,485.4113284821428,4427.6351160466265,321.30533287202377,59.96197808035714,1769.5455587698416,543.2219096676587,988.6460096775795,331.8802791071429,485.4113284821428,4427.6351160466265,321.30533287202377,59.96197808035714,1769.5455587698416,543.2219096676587,988.6460096775795,331.8802791071429
2026-03-06 02:00:00+00:00,,,,,,,,,648.8477478357497,5032.234360012802,298.6936071236285,56.490598672586636,2127.7867030322836,296.1402992078017,1045.457863998807,306.31592359174937,485.4113284821428,4427.6351160466265,321.30533287202377,59.96197808035714,1769.5455587698416,543.2219096676587,988.6460096775795,331.8802791071429,485.4113284821428,4427.6351160466265,321.30533287202377,59.96197808035714,1769.5455587698416,543.2219096676587,988.6460096775795,331.8802791071429
2026-03-06 03:00:00+00:00,,,,,,,,,679.7914743439859,5590.478042679344,307.478889830968,67.19126008930918,2290.147017264443,302.4283829166034,1035.0661802981883,301.3500040385951,485.4113284821428,4427.6351160466265,321.30533287202377,59.96197808035714,1769.5455587698416,543.2219096676587,988.6460096775795,331.8802791071429,485.4113284821428,4427.6351160466265,321.30533287202377,59.96197808035714,1769.5455587698416,543.2219096676587,988.6460096775795,331.8802791071429
2026-03-06 04:00:00+00:00,,,,,,,,,740.7478371624703,5524.258207811739,304.4591203675646,66.94629653760205,2740.633172737871,949.3883736713203,1032.0383075233228,349.3893703594483,485.4113284821428,4427.6351160466265,321.30533287202377,59.96197808035714,1769.5455587698416,543.2219096676587,988.6460096775795,331.8802791071429,485.4113284821428,4427.6351160466265,321.30533287202377,59.96197808035714,1769.5455587698416,543.2219096676587,988.6460096775795,331.8802791071429
2026-03-06 05:00:00+00:00,,,,,,,,,922.9562117465808,6028.599388555169,279.45713905058824,113.33446273958191,3085.6503581288807,1153.136704810215,1031.46267682586,368.65114884718145,485.4113284821428,4427.6351160466265,321.30533287202377,59.96197808035714,1769.5455587698416,543.2219096676587,988.6460096775795,331.8802791071429,485.4113284821428,4427.6351160466265,321.30533287202377,59.96197808035714,1769.5455587698416,543.2219096676587,988.6460096775795,331.8802791071429
2026-03-06 06:00:00+00:00,,,,,,,,,946.2496485521283,6227.893005903777,283.0966217815051,113.56157178117508,3054.0612898876443,1354.7171541317732,1054.6007325125272,371.1912638001895,485.4113284821428,4427.6351160466265,321.30533287202377,59.96197808035714,1769.5455587698416,543.2219096676587,988.6460096775795,331.8802791071429,485.4113284821428,4427.6351160466265,321.30533287202377,59.96197808035714,1769.5455587698416,543.2219096676587,988.6460096775795,331.8802791071429
2026-03-06 07:00:00+00:00,,,,,,,,,727.6844880645318,5624.266139370366,276.4351163330194,87.54250861535881,2860.1891619543967,1030.6119049206773,1063.8171471306184,268.9978096864194,485.4113284821428,4427.6351160466265,321.30533287202377,59.96197808035714,1769.5455587698416,543.2219096676587,988.6460096775795,331.8802791071429,485.4113284821428,4427.6351160466265,321.30533287202377,59.96197808035714,1769.5455587698416,543.2219096676587,988.6460096775795,331.8802791071429
2026-03-06 08:00:00+00:00,,,,,,,,,705.1863125609892,4958.825616344919,250.54159965634227,106.87135979712001,2618.376508633939,420.9503035052635,1057.9236687119271,285.76277093713685,485.4113284821428,4427.6351160466265,321.30533287202377,59.96197808035714,1769.5455587698416,543.2219096676587,988.6460096775795,331.8802791071429,485.4113284821428,4427.6351160466265,321.30533287202377,59.96197808035714,1769.5455587698416,543.2219096676587,988.6460096775795,331.8802791071429
2026-03-06 09:00:00+00:00,,,,,,,,,654.8108586695271,3524.9645408783426,249.31466910612897,82.87262945573784,2038.5745919353235,199.65090090271684,1046.0927009994778,267.18796170248606,485.4113284821428,4427.6351160466265,321.30533287202377,59.96197808035714,1769.5455587698416,543.2219096676587,988.6460096775795,331.8802791071429,485.4113284821428,4427.6351160466265,321.30533287202377,59.96197808035714,1769.5455587698416,543.2219096676587,988.6460096775795,331.8802791071429
2026-03-06 10:00:00+00:00,,,,,,,,,451.0732828002089,3235.251027242189,306.33180777765784,97.11404451277983,1887.8077511740685,181.10829617007602,1051.889452791572,330.61480076114947,485.4113284821428,4427.6351160466265,321.30533287202377,59.96197808035714,1769.5455587698416,543.2219096676587,988.6460096775795,331.8802791071429,485.4113284821428,4427.6351160466265,321.30533287202377,59.96197808035714,1769.5455587698416,543.2219096676587,988.6460096775795,331.8802791071429
2026-03-06 11:00:00+00:00,,,,,,,,,362.73411186231317,2927.900055895446,297.6069690093353,48.510159007748335,1298.3271621555086,179.4473602488012,1035.9310928744271,345.09440222567275,485.4113284821428,4427.6351160466265,321.30533287202377,59.96197808035714,1769.5455587698416,543.2219096676587,988.6460096775795,331.8802791071429,485.4113284821428,4427.6351160466265,321.30533287202377,59.96197808035714,1769.5455587698416,543.2219096676587,988.6460096775795,331.8802791071429
2026-03-06 12:00:00+00:00,,,,,,,,,357.4261855869427,2838.801983322306,273.0664989452516,35.07919937543921,1242.4898463096974,178.80339729833787,1028.2585110224654,332.3731949413048,485.4113284821428,4427.6351160466265,321.30533287202377,59.96197808035714,1769.5455587698416,543.2219096676587,988.6460096775795,331.8802791071429,485.4113284821428,4427.6351160466265,321.30533287202377,59.96197808035714,1769.5455587698416,543.2219096676587,988.6460096775795,331.8802791071429
2026-03-06 13:00:00+00:00,,,,,,,,,304.3746352263143,2970.3704482629264,265.10702230409936,31.012503937260426,1258.126232393397,154.28789920589537,1033.5258424501608,316.14795499354267,485.4113284821428,4427.6351160466265,321.30533287202377,59.96197808035714,1769.5455587698416,543.2219096676587,988.6460096775795,331.8802791071429,485.4113284821428,4427.6351160466265,321.30533287202377,59.96197808035714,1769.5455587698416,543.2219096676587,988.6460096775795,331.8802791071429
2026-03-06 14:00:00+00:00,,,,,,,,,562.1798908606414,3709.0706147139676,272.3086989372079,48.17351831787584,1567.0907291576048,224.29365426399102,1038.9428629530535,322.1934464304325,485.4113284821428,4427.6351160466265,321.30533287202377,59.96197808035714,1769.5455587698416,543.2219096676587,988.6460096775795,331.8802791071429,485.4113284821428,4427.6351160466265,321.30533287202377,59.96197808035714,1769.5455587698416,543.2219096676587,988.6460096775795,331.8802791071429
2026-03-06 15:00:00+00:00,,,,,,,,,932.7970028645394,5387.84875555383,281.6806604798139,75.88160043967387,1949.3143168076942,617.0777501133855,1028.9719731529626,316.6558499439973,485.4113284821428,4427.6351160466265,321.30533287202377,59.96197808035714,1769.5455587698416,543.2219096676587,988.6460096775795,331.8802791071429,485.4113284821428,4427.6351160466265,321.30533287202377,59.96197808035714,1769.5455587698416,543.2219096676587,988.6460096775795,331.8802791071429
2026-03-06 16:00:00+00:00,,,,,,,,,903.4905791914814,6135.356052736738,289.6404287674181,68.77241912499694,2468.970357459333,1444.5237079883873,1036.7736589740048,371.88943393355805,485.4113284821428,4427.6351160466265,321.30533287202377,59.96197808035714,1769.5455587698416,543.2219096676587,988.6460096775795,331.8802791071429,485.4113284821428,4427.6351160466265,321.30533287202377,59.96197808035714,1769.5455587698416,543.2219096676587,988.6460096775795,331.8802791071429
2026-03-06 17:00:00+00:00,,,,,,,,,941.8603178709457,6150.737139369852,309.8465954475591,90.66482161278293,2827.7114623760035,1938.971631400425,1018.191806507656,379.56018700551203,485.4113284821428,4427.6351160466265,321.30533287202377,59.96197808035714,1769.5455587698416,543.2219096676587,988.6460096775795,331.8802791071429,485.4113284821428,4427.6351160466265,321.30533287202377,59.96197808035714,1769.5455587698416,543.2219096676587,988.6460096775795,331.8802791071429
2026-03-06 18:00:00+00:00,,,,,,,,,887.9052172393461,6068.9083309794305,339.32622114821913,74.60887299367376,2992.464975565881,1801.9877451585385,1038.0443119032507,354.25621058571136,485.4113284821428,4427.6351160466265,321.30533287202377,59.96197808035714,1769.5455587698416,543.2219096676587,988.6460096775795,331.8802791071429,485.4113284821428,4427.6351160466265,321.30533287202377,59.96197808035714,1769.5455587698416,543.2219096676587,988.6460096775795,331.8802791071429
2026-03-06 19:00:00+00:00,,,,,,,,,887.0525516353312,5974.870506061243,321.0354170361732,84.31368945714951,2744.8839656713103,1580.8200075003251,1032.3287405724866,384.79892881563967,485.4113284821428,4427.6351160466265,321.30533287202377,59.96197808035714,1769.5455587698416,543.2219096676587,988.6460096775795,331.8802791071429,485.4113284821428,4427.6351160466265,321.30533287202377,59.96197808035714,1769.5455587698416,543.2219096676587,988.6460096775795,331.8802791071429
2026-03-06 20:00:00+00:00,,,,,,,,,870.5197335961991,5796.398400950869,326.51130563713923,88.27589374331811,2735.3403341180024,1162.9456295968318,1041.7910400386247,374.2099397280283,485.4113284821428,4427.6351160466265,321.30533287202377,59.96197808035714,1769.5455587698416,543.2219096676587,988.6460096775795,331.8802791071429,485.4113284821428,4427.6351160466265,321.30533287202377,59.96197808035714,1769.5455587698416,543.2219096676587,988.6460096775795,331.8802791071429
2026-03-06 21:00:00+00:00,,,,,,,,,885.1047158828459,6023.712374024813,323.47222168472797,109.24679957534548,2591.7667453120634,544.0015211965102,1034.082833684577,358.99689735542614,485.4113284821428,4427.6351160466265,321.30533287202377,59.96197808035714,1769.5455587698416,543.2219096676587,988.6460096775795,331.8802791071429,485.4113284821428,4427.6351160466265,321.30533287202377,59.96197808035714,1769.5455587698416,543.2219096676587,988.6460096775795,331.8802791071429
2026-03-06 22:00:00+00:00,,,,,,,,,898.2467817564428,6333.843530885286,330.8040751104002,113.8928099090815,2535.761531621456,547.7836041241258,1013.7422176559298,361.59315394585076,485.4113284821428,4427.6351160466265,321.30533287202377,59.96197808035714,1769.5455587698416,543.2219096676587,988.6460096775795,331.8802791071429,485.4113284821428,4427.6351160466265,321.30533287202377,59.96197808035714,1769.5455587698416,543.2219096676587,988.6460096775795,331.8802791071429
2026-03-06 23:00:00+00:00,,,,,,,,,797.7442771920375,6428.321315251973,341.8960823037043,116.35883463739059,2305.9735898481476,465.1591792524441,998.6282596241808,396.30896795030117,485.4113284821428,4427.6351160466265,321.30533287202377,59.96197808035714,1769.5455587698416,543.2219096676587,988.6460096775795,331.8802791071429,485.4113284821428,4427.6351160466265,321.30533287202377,59.96197808035714,1769.5455587698416,543.2219096676587,988.6460096775795,331.8802791071429
