date,load_tenn_actual,load_tenn_fitted,load_tenn_lower,load_tenn_upper
2026-02-28 00:00:00+00:00,,12040.686659069048,11416.98714240814,12664.386175729956
2026-02-28 01:00:00+00:00,,11788.379317550864,11164.679800889955,12412.078834211772
2026-02-28 02:00:00+00:00,,12060.675430284677,11436.975913623766,12684.374946945585
2026-02-28 03:00:00+00:00,,12939.401216280594,12315.701699619685,13563.100732941504
2026-02-28 04:00:00+00:00,,13378.11808332341,12754.4185666625,14001.817599984319
2026-02-28 05:00:00+00:00,,14221.600586178585,13597.901069517677,14845.300102839496
2026-02-28 06:00:00+00:00,,15081.957249511895,14458.257732850987,15705.656766172804
2026-02-28 07:00:00+00:00,,15998.163588341471,15374.46407168056,16621.86310500238
2026-02-28 08:00:00+00:00,,16733.30130212292,16109.601785462011,17357.00081878383
2026-02-28 09:00:00+00:00,,16993.736148308282,16370.036631647374,17617.43566496919
2026-02-28 10:00:00+00:00,,16903.940536980976,16280.241020320067,17527.640053641884
2026-02-28 11:00:00+00:00,,16691.07038569474,16067.370869033834,17314.769902355652
2026-02-28 12:00:00+00:00,,16189.322979600673,15565.623462939764,16813.022496261583
2026-02-28 13:00:00+00:00,,15574.122146464553,14950.422629803645,16197.821663125464
2026-02-28 14:00:00+00:00,,15759.516725627842,15135.817208966933,16383.21624228875
2026-02-28 15:00:00+00:00,,15986.495499480212,15362.795982819303,16610.195016141122
2026-02-28 16:00:00+00:00,,16148.402982388956,15524.703465728047,16772.102499049863
2026-02-28 17:00:00+00:00,,16336.862534434202,15713.163017773293,16960.562051095112
2026-02-28 18:00:00+00:00,,15896.531106195833,15272.831589534924,16520.230622856743
2026-02-28 19:00:00+00:00,,15169.027350565413,14545.327833904505,15792.726867226322
2026-02-28 20:00:00+00:00,,14504.269821066937,13880.570304406028,15127.969337727845
2026-02-28 21:00:00+00:00,,14252.39803615956,13628.69851949865,14876.097552820469
2026-02-28 22:00:00+00:00,,13538.023418996294,12914.323902335385,14161.722935657202
2026-02-28 23:00:00+00:00,,13131.270263590408,12507.570746929498,13754.969780251316
2026-03-01 00:00:00+00:00,,12453.432123888371,11829.732607227463,13077.13164054928
2026-03-01 01:00:00+00:00,,12488.417253323845,11864.717736662937,13112.116769984756
2026-03-01 02:00:00+00:00,,11937.920980236957,11314.221463576047,12561.620496897865
2026-03-01 03:00:00+00:00,,12215.580940968679,11591.881424307769,12839.280457629588
2026-03-01 04:00:00+00:00,,12613.373172773889,11989.67365611298,13237.072689434797
2026-03-01 05:00:00+00:00,,13034.757736016189,12411.058219355278,13658.457252677097
2026-03-01 06:00:00+00:00,,13862.718152149715,13239.018635488806,14486.417668810624
2026-03-01 07:00:00+00:00,,14959.50068371019,14335.801167049282,15583.2002003711
2026-03-01 08:00:00+00:00,,15567.838251842408,14944.1387351815,16191.537768503316
2026-03-01 09:00:00+00:00,,15973.46589259105,15349.76637593014,16597.165409251957
2026-03-01 10:00:00+00:00,,15635.311554849055,15011.612038188146,16259.011071509964
2026-03-01 11:00:00+00:00,,15268.489647089044,14644.790130428135,15892.189163749954
2026-03-01 12:00:00+00:00,,15104.199399565545,14480.499882904636,15727.898916226453
2026-03-01 13:00:00+00:00,,14303.205554191292,13679.506037530382,14926.9050708522
2026-03-01 14:00:00+00:00,,14026.106651502605,13402.407134841696,14649.806168163514
2026-03-01 15:00:00+00:00,,14854.30395479777,14230.604438136861,15478.003471458678
2026-03-01 16:00:00+00:00,,15778.791126009148,15155.09160934824,16402.490642670058
2026-03-01 17:00:00+00:00,,16019.851774968854,15396.152258307946,16643.551291629763
2026-03-01 18:00:00+00:00,,15842.800581889864,15219.101065228955,16466.500098550772
2026-03-01 19:00:00+00:00,,15373.982158737812,14750.282642076903,15997.68167539872
2026-03-01 20:00:00+00:00,,14854.827779825388,14231.128263164479,15478.527296486296
2026-03-01 21:00:00+00:00,,14240.866045388346,13617.166528727437,14864.565562049256
2026-03-01 22:00:00+00:00,,13645.126987459154,13021.427470798246,14268.826504120063
2026-03-01 23:00:00+00:00,,13305.47293325698,12681.773416596072,13929.17244991789
2026-03-02 00:00:00+00:00,,13058.199805244169,12434.50028858326,13681.899321905079
2026-03-02 01:00:00+00:00,,13097.285651632696,12473.586134971785,13720.985168293604
2026-03-02 02:00:00+00:00,,13155.350012823414,12531.650496162505,13779.049529484322
2026-03-02 03:00:00+00:00,,13886.520158715297,13262.820642054388,14510.219675376207
2026-03-02 04:00:00+00:00,,15552.657778187282,14928.958261526373,16176.357294848192
2026-03-02 05:00:00+00:00,,17303.726589655114,16680.027072994206,17927.426106316023
2026-03-02 06:00:00+00:00,,18993.641896731584,18369.942380070675,19617.341413392493
2026-03-02 07:00:00+00:00,,19635.209961641405,19011.510444980497,20258.909478302314
2026-03-02 08:00:00+00:00,,20070.255921864868,19446.55640520396,20693.955438525776
2026-03-02 09:00:00+00:00,,20214.495018694255,19590.795502033347,20838.194535355164
2026-03-02 10:00:00+00:00,,19704.164703628514,19080.465186967605,20327.864220289423
2026-03-02 11:00:00+00:00,,19408.030576471818,18784.33105981091,20031.730093132726
2026-03-02 12:00:00+00:00,,18781.197613634067,18157.498096973162,19404.89713029498
2026-03-02 13:00:00+00:00,,18141.874413315123,17518.174896654215,18765.57392997603
2026-03-02 14:00:00+00:00,,17905.19800572132,17281.49848906041,18528.897522382227
2026-03-02 15:00:00+00:00,,17973.691140499963,17349.991623839054,18597.390657160875
2026-03-02 16:00:00+00:00,,17878.055046981284,17254.355530320376,18501.754563642193
2026-03-02 17:00:00+00:00,,18146.1450599842,17522.44554332329,18769.844576645108
2026-03-02 18:00:00+00:00,,17650.935602572663,17027.236085911754,18274.63511923357
2026-03-02 19:00:00+00:00,,17366.365457693628,16742.66594103272,17990.064974354536
2026-03-02 20:00:00+00:00,,16278.668175505649,15654.96865884474,16902.367692166557
2026-03-02 21:00:00+00:00,,14974.31220364843,14350.61268698752,15598.011720309338
2026-03-02 22:00:00+00:00,,14062.329690067983,13438.630173407075,14686.029206728892
2026-03-02 23:00:00+00:00,,13620.755978501737,12997.056461840828,14244.455495162645
2026-03-03 00:00:00+00:00,,13594.704123004387,12971.004606343478,14218.403639665295
2026-03-03 01:00:00+00:00,,13453.26987158729,12829.570354926382,14076.9693882482
2026-03-03 02:00:00+00:00,,13874.33285472583,13250.63333806492,14498.032371386738
2026-03-03 03:00:00+00:00,,14708.228372623995,14084.528855963086,15331.927889284905
2026-03-03 04:00:00+00:00,,16568.175323132957,15944.47580647205,17191.874839793865
2026-03-03 05:00:00+00:00,,18291.440708505637,17667.74119184473,18915.140225166546
2026-03-03 06:00:00+00:00,,19663.4946581677,19039.79514150679,20287.194174828608
2026-03-03 07:00:00+00:00,,20562.30377840063,19938.60426173972,21186.00329506154
2026-03-03 08:00:00+00:00,,21108.111988521712,20484.412471860807,21731.811505182624
2026-03-03 09:00:00+00:00,,21190.302393852955,20566.602877192046,21814.001910513864
2026-03-03 10:00:00+00:00,,20570.58722116811,19946.8877045072,21194.286737829018
2026-03-03 11:00:00+00:00,,19766.312444056355,19142.612927395443,20390.011960717264
2026-03-03 12:00:00+00:00,,18680.382377760277,18056.68286109937,19304.081894421186
2026-03-03 13:00:00+00:00,,18604.734955408,17981.03543874709,19228.434472068908
2026-03-03 14:00:00+00:00,,18626.393272155987,18002.69375549508,19250.092788816895
2026-03-03 15:00:00+00:00,,18600.02227596401,17976.3227593031,19223.721792624918
2026-03-03 16:00:00+00:00,,18225.139150213803,17601.439633552895,18848.83866687471
2026-03-03 17:00:00+00:00,,18095.97660972807,17472.27709306716,18719.67612638898
2026-03-03 18:00:00+00:00,,17810.031924166513,17186.332407505604,18433.73144082742
2026-03-03 19:00:00+00:00,,17287.525960407333,16663.826443746424,17911.22547706824
2026-03-03 20:00:00+00:00,,16986.789962177354,16363.090445516445,17610.489478838263
2026-03-03 21:00:00+00:00,,15270.24141795776,14646.54190129685,15893.94093461867
2026-03-03 22:00:00+00:00,,14199.309941409,13575.61042474809,14823.00945806991
2026-03-03 23:00:00+00:00,,13753.940012507152,13130.240495846243,14377.63952916806
2026-03-04 00:00:00+00:00,,13613.490626948567,12989.791110287659,14237.190143609478
2026-03-04 01:00:00+00:00,,13700.938603849052,13077.239087188143,14324.638120509962
2026-03-04 02:00:00+00:00,,13955.673079900738,13331.97356323983,14579.372596561647
2026-03-04 03:00:00+00:00,,14752.589678553146,14128.890161892235,15376.289195214054
2026-03-04 04:00:00+00:00,,16296.082943141897,15672.383426480988,16919.782459802806
2026-03-04 05:00:00+00:00,,18495.32298152478,17871.62346486387,19119.022498185688
2026-03-04 06:00:00+00:00,,20030.06884495783,19406.369328296918,20653.768361618735
2026-03-04 07:00:00+00:00,,21195.690130382485,20571.990613721577,21819.389647043397
2026-03-04 08:00:00+00:00,,21180.898575104733,20557.199058443824,21804.59809176564
2026-03-04 09:00:00+00:00,,21155.339862987148,20531.64034632624,21779.039379648057
2026-03-04 10:00:00+00:00,,20581.0776218963,19957.378105235395,21204.777138557212
2026-03-04 11:00:00+00:00,,20209.348012243845,19585.648495582936,20833.047528904754
2026-03-04 12:00:00+00:00,,18760.08884065288,18136.38932399197,19383.788357313788
2026-03-04 13:00:00+00:00,,18291.92544946376,17668.225932802852,18915.62496612467
2026-03-04 14:00:00+00:00,,17938.930651406852,17315.231134745944,18562.63016806776
2026-03-04 15:00:00+00:00,,17634.093529016885,17010.394012355977,18257.793045677794
2026-03-04 16:00:00+00:00,,17894.55942891718,17270.859912256266,18518.258945578084
2026-03-04 17:00:00+00:00,,17933.869761439113,17310.170244778205,18557.56927810002
2026-03-04 18:00:00+00:00,,17772.347393346892,17148.647876685984,18396.0469100078
2026-03-04 19:00:00+00:00,,17111.376042730706,16487.676526069798,17735.075559391615
2026-03-04 20:00:00+00:00,,16354.605029249824,15730.905512588915,16978.30454591073
2026-03-04 21:00:00+00:00,,15057.778471868322,14434.078955207413,15681.47798852923
2026-03-04 22:00:00+00:00,,14196.19357056807,13572.494053907161,14819.89308722898
2026-03-04 23:00:00+00:00,,13305.010861006469,12681.31134434556,13928.710377667378
2026-03-05 00:00:00+00:00,,13108.10845080503,12484.408934144121,13731.807967465938
2026-03-05 01:00:00+00:00,,13150.641270011907,12526.941753350999,13774.340786672816
2026-03-05 02:00:00+00:00,,13327.797642724014,12704.098126063103,13951.497159384922
2026-03-05 03:00:00+00:00,,14133.43642227968,13509.73690561877,14757.135938940588
2026-03-05 04:00:00+00:00,,16010.641462000109,15386.9419453392,16634.340978661017
2026-03-05 05:00:00+00:00,,17845.637417365964,17221.93790070506,18469.336934026876
2026-03-05 06:00:00+00:00,,18904.357742585948,18280.65822592504,19528.05725924686
2026-03-05 07:00:00+00:00,,19963.33304652864,19339.633529867733,20587.032563189554
2026-03-05 08:00:00+00:00,,19939.32562993669,19315.626113275786,20563.025146597603
2026-03-05 09:00:00+00:00,,19612.580792070366,18988.881275409454,20236.28030873127
2026-03-05 10:00:00+00:00,,19055.16031381082,18431.460797149906,19678.859830471727
2026-03-05 11:00:00+00:00,,18093.74293528521,17470.0434186243,18717.442451946117
2026-03-05 12:00:00+00:00,,17481.081338710006,16857.381822049098,18104.780855370915
2026-03-05 13:00:00+00:00,,17071.268029226565,16447.568512565656,17694.967545887477
2026-03-05 14:00:00+00:00,,16553.85458906986,15930.155072408952,17177.55410573077
2026-03-05 15:00:00+00:00,,16637.260332373764,16013.560815712854,17260.959849034673
2026-03-05 16:00:00+00:00,,16841.630688168636,16217.931171507727,17465.330204829545
2026-03-05 17:00:00+00:00,,17362.57145444214,16738.87193778123,17986.270971103047
2026-03-05 18:00:00+00:00,,17454.74609739137,16831.04658073046,18078.445614052278
2026-03-05 19:00:00+00:00,,16729.04215675676,16105.34264009585,17352.74167341767
2026-03-05 20:00:00+00:00,,15709.80819680251,15086.108680141602,16333.50771346342
2026-03-05 21:00:00+00:00,,14138.52166456054,13514.822147899631,14762.221181221448
2026-03-05 22:00:00+00:00,,13206.077114615215,12582.377597954306,13829.776631276123
2026-03-05 23:00:00+00:00,,12811.070343235553,12187.370826574645,13434.769859896462
2026-03-06 00:00:00+00:00,,12354.683037643848,11730.98352098294,12978.382554304757
2026-03-06 01:00:00+00:00,,12441.395129732226,11817.695613071317,13065.094646393136
2026-03-06 02:00:00+00:00,,12856.036836324321,12232.337319663413,13479.73635298523
2026-03-06 03:00:00+00:00,,13627.651286485789,13003.95176982488,14251.350803146697
2026-03-06 04:00:00+00:00,,15171.203747056165,14547.504230395256,15794.903263717073
2026-03-06 05:00:00+00:00,,16824.352825322498,16200.65330866159,17448.052341983406
2026-03-06 06:00:00+00:00,,17984.18476444645,17360.485247785542,18607.88428110736
2026-03-06 07:00:00+00:00,,18953.87397447356,18330.174457812653,19577.57349113447
2026-03-06 08:00:00+00:00,,18937.35906064498,18313.65954398407,19561.05857730589
2026-03-06 09:00:00+00:00,,19037.293490278986,18413.593973618077,19660.993006939894
2026-03-06 10:00:00+00:00,,18933.40006049931,18309.7005438384,19557.099577160217
2026-03-06 11:00:00+00:00,,18106.565169881353,17482.865653220444,18730.26468654226
2026-03-06 12:00:00+00:00,,17301.403939250846,16677.704422589937,17925.103455911754
2026-03-06 13:00:00+00:00,,16792.106939289704,16168.407422628796,17415.806455950613
2026-03-06 14:00:00+00:00,,16556.03129391609,15932.331777255182,17179.730810577
2026-03-06 15:00:00+00:00,,16609.729732391595,15986.030215730687,17233.429249052504
2026-03-06 16:00:00+00:00,,16804.418887093005,16180.719370432098,17428.118403753913
2026-03-06 17:00:00+00:00,,16545.78483648128,15922.085319820373,17169.48435314219
2026-03-06 18:00:00+00:00,,16613.998748283928,15990.299231623017,17237.698264944836
2026-03-06 19:00:00+00:00,,15836.992560049473,15213.293043388565,16460.692076710384
2026-03-06 20:00:00+00:00,,14844.086055685411,14220.386539024503,15467.78557234632
2026-03-06 21:00:00+00:00,,14236.645701436835,13612.946184775927,14860.345218097746
2026-03-06 22:00:00+00:00,,13436.879008771608,12813.1794921107,14060.578525432516
2026-03-06 23:00:00+00:00,,12772.635570465223,12148.936053804315,13396.335087126134
