date,solar_ampr_actual,solar_ampr_fitted,solar_ampr_lower,solar_ampr_upper
2026-01-24 00:00:00+00:00,0.0,1.4109142967909065,-331.9638618270815,334.7856904206633
2026-01-24 01:00:00+00:00,0.0,-0.9460980022672629,-334.32087412613964,332.4286781216049
2026-01-24 02:00:00+00:00,0.0,-1.6869511412166958,-335.0617272650893,331.6878249826559
2026-01-24 03:00:00+00:00,0.0,-1.6869511412166958,-335.0617272650893,331.6878249826559
2026-01-24 04:00:00+00:00,0.0,6.000928070240434,-327.3738480536322,339.3757041941128
2026-01-24 05:00:00+00:00,0.0,24.84121071451409,-308.5335654093583,358.2159868383867
2026-01-24 06:00:00+00:00,0.018999999999778083,58.0829418893793,-275.2918342344931,391.4577180132519
2026-01-24 07:00:00+00:00,91.86950000000002,164.17415849500276,-169.20061762886985,497.5489346188749
2026-01-24 08:00:00+00:00,744.7137500000001,776.091435767739,442.7166596438667,1109.4662118916112
2026-01-24 09:00:00+00:00,2013.8600000000001,1848.1681647418557,1514.7933886179833,2181.542940865728
2026-01-24 10:00:00+00:00,3154.6989999999996,2862.0351284350854,2528.660352311213,3195.409904558958
2026-01-24 11:00:00+00:00,4113.5435,3400.8392877003835,3067.4645115765106,3734.2140638242554
2026-01-24 12:00:00+00:00,4239.59375,3408.5379494288327,3075.1631733049608,3741.9127255527046
2026-01-24 13:00:00+00:00,3446.31325,2674.7146838084336,2341.3399076845612,3008.0894599323055
2026-01-24 14:00:00+00:00,1771.232,1614.2282891266323,1280.8535130027599,1947.6030652505046
2026-01-24 15:00:00+00:00,383.31399999999985,355.9907207533422,22.61594462947005,689.3654968772144
2026-01-24 16:00:00+00:00,3.4502500000000964,15.728431116795718,-317.64634500707666,349.1032072406683
2026-01-24 17:00:00+00:00,0.0,1.8489805930678358,-331.52579553080454,335.22375671694044
2026-01-24 18:00:00+00:00,0.0,2.5771205515643487,-330.79765557230803,335.9518966754367
2026-01-24 19:00:00+00:00,0.0,2.151767435740112,-331.22300868813204,335.52654355961226
2026-01-24 20:00:00+00:00,0.0,2.151767435740112,-331.22300868813204,335.52654355961226
2026-01-24 21:00:00+00:00,0.0,2.151767435740112,-331.22300868813204,335.52654355961226
2026-01-24 22:00:00+00:00,0.0,2.151767435740112,-331.22300868813204,335.52654355961226
2026-01-24 23:00:00+00:00,0.0,2.151767435740112,-331.22300868813204,335.52654355961226
2026-01-25 00:00:00+00:00,0.0,0.8156807722518806,-332.5590953516203,334.19045689612426
2026-01-25 01:00:00+00:00,0.0,0.8156807722518806,-332.5590953516203,334.19045689612426
2026-01-25 02:00:00+00:00,0.0,0.8156807722518806,-332.5590953516203,334.19045689612426
2026-01-25 03:00:00+00:00,0.0,0.8156807722518806,-332.5590953516203,334.19045689612426
2026-01-25 04:00:00+00:00,0.0,4.007295962504259,-329.3674801613681,337.38207208637664
2026-01-25 05:00:00+00:00,0.0,22.764270912076654,-310.6105052117955,356.1390470359488
2026-01-25 06:00:00+00:00,0.013500000000021828,53.79077769220203,-279.5839984316701,387.1655538160742
2026-01-25 07:00:00+00:00,57.622249999999894,153.8395035577953,-179.53527256607708,487.2142796816677
2026-01-25 08:00:00+00:00,500.90824999999995,669.9431028433471,336.5683267194747,1003.3178789672195
2026-01-25 09:00:00+00:00,1165.37625,1563.2645197858237,1229.8897436619513,1896.639295909696
2026-01-25 10:00:00+00:00,1777.7805,2394.3994378218495,2061.024661697977,2727.7742139457214
2026-01-25 11:00:00+00:00,1989.7745,2680.3617611802806,2346.9869850564082,3013.736537304153
2026-01-25 12:00:00+00:00,1801.53325,2718.320132730285,2384.945356606412,3051.694908854157
2026-01-25 13:00:00+00:00,1385.0475,1975.9008198989895,1642.5260437751174,2309.275596022862
2026-01-25 14:00:00+00:00,836.9337499999999,1166.0888482179064,832.7140720940341,1499.4636243417788
2026-01-25 15:00:00+00:00,275.7829999999999,288.88111545304787,-44.49366067082474,622.25589157692
2026-01-25 16:00:00+00:00,4.363000000000056,5.6248307721039055,-327.74994535176825,338.99960689597606
2026-01-25 17:00:00+00:00,0.0,-3.325824647376976,-336.70060077124936,330.0489514764952
2026-01-25 18:00:00+00:00,0.0,-3.325824647376976,-336.70060077124936,330.0489514764952
2026-01-25 19:00:00+00:00,0.0,-3.023037804704927,-336.3978139285773,330.3517383191677
2026-01-25 20:00:00+00:00,0.0,-3.023037804704927,-336.3978139285773,330.3517383191677
2026-01-25 21:00:00+00:00,0.0,0.07482763330267517,-333.2999484905697,333.44960375717505
2026-01-25 22:00:00+00:00,0.0,0.8156807722518806,-332.5590953516203,334.19045689612426
2026-01-25 23:00:00+00:00,0.0,0.8156807722518806,-332.5590953516203,334.19045689612426
2026-01-26 00:00:00+00:00,0.0,0.8156807722518806,-332.5590953516203,334.19045689612426
2026-01-26 01:00:00+00:00,0.0,0.8156807722518806,-332.5590953516203,334.19045689612426
2026-01-26 02:00:00+00:00,0.0,-2.2821846657554943,-335.65696078962765,331.09259145811666
2026-01-26 03:00:00+00:00,0.0,-3.023037804704927,-336.3978139285773,330.3517383191677
2026-01-26 04:00:00+00:00,0.0,3.266442823555053,-330.1083333003173,336.6412189474272
2026-01-26 05:00:00+00:00,0.0,22.764270912076654,-310.6105052117955,356.1390470359488
2026-01-26 06:00:00+00:00,0.009250000000292857,52.39237910900465,-280.98239701486773,385.76715523287726
2026-01-26 07:00:00+00:00,14.918249999999944,153.0986504188461,-180.27612570502606,486.47342654271847
2026-01-26 08:00:00+00:00,130.0730000000001,693.0745909650141,359.6998148411417,1026.4493670888864
2026-01-26 09:00:00+00:00,368.4072500000002,1542.301008269395,1208.9262321455228,1875.6757843932673
2026-01-26 10:00:00+00:00,728.60325,2326.7299012957983,1993.355125171926,2660.1046774196707
2026-01-26 11:00:00+00:00,879.08825,2699.79473305728,2366.419956933408,3033.1695091811525
2026-01-26 12:00:00+00:00,780.41075,2739.5258292075337,2406.1510530836613,3072.900605331406
2026-01-26 13:00:00+00:00,600.0554999999999,2047.2143545190258,1713.8395783951537,2380.5891306428985
2026-01-26 14:00:00+00:00,366.3677500000001,1181.7242291695202,848.3494530456478,1515.0990052933923
2026-01-26 15:00:00+00:00,120.66750000000002,277.843619171166,-55.53115695270617,611.2183952950384
2026-01-26 16:00:00+00:00,1.1669999999999163,4.5158222128250145,-328.8589539110476,337.8905983366974
2026-01-26 17:00:00+00:00,0.0,-3.325824647376976,-336.70060077124936,330.0489514764952
2026-01-26 18:00:00+00:00,0.0,-3.023037804704927,-336.3978139285773,330.3517383191677
2026-01-26 19:00:00+00:00,0.0,-3.023037804704927,-336.3978139285773,330.3517383191677
2026-01-26 20:00:00+00:00,0.0,-3.023037804704927,-336.3978139285773,330.3517383191677
2026-01-26 21:00:00+00:00,0.0,-3.023037804704927,-336.3978139285773,330.3517383191677
2026-01-26 22:00:00+00:00,0.0,-3.023037804704927,-336.3978139285773,330.3517383191677
2026-01-26 23:00:00+00:00,0.0,-3.023037804704927,-336.3978139285773,330.3517383191677
2026-01-27 00:00:00+00:00,0.0,-3.023037804704927,-336.3978139285773,330.3517383191677
2026-01-27 01:00:00+00:00,0.0,0.07482763330267517,-333.2999484905697,333.44960375717505
2026-01-27 02:00:00+00:00,0.0,-2.2821846657554943,-335.65696078962765,331.09259145811666
2026-01-27 03:00:00+00:00,0.0,-3.023037804704927,-336.3978139285773,330.3517383191677
2026-01-27 04:00:00+00:00,0.0,4.664841406752203,-328.7099347171202,338.0396175306246
2026-01-27 05:00:00+00:00,0.0,23.505124051026087,-309.8696520728465,356.87990017489847
2026-01-27 06:00:00+00:00,0.3420000000000982,52.39237910900465,-280.98239701486773,385.76715523287726
2026-01-27 07:00:00+00:00,261.8795,162.83807183151453,-170.53670429235808,496.2128479553869
2026-01-27 08:00:00+00:00,1242.5215,693.0745909650141,359.6998148411417,1026.4493670888864
2026-01-27 09:00:00+00:00,2192.51925,1464.072540971729,1130.697764847857,1797.4473170956014
2026-01-27 10:00:00+00:00,2795.9877500000002,2080.2367731162963,1746.861996992424,2413.6115492401686
2026-01-27 11:00:00+00:00,2889.60275,2293.116203597773,1959.7414274739008,2626.4909797216455
2026-01-27 12:00:00+00:00,2414.2690000000002,2117.0332124964716,1783.6584363725995,2450.407988620344
2026-01-27 13:00:00+00:00,1642.12225,1603.4372736197347,1270.0624974958623,1936.812049743607
2026-01-27 14:00:00+00:00,657.6122500000001,945.1191574910513,611.7443813671789,1278.4939336149237
2026-01-27 15:00:00+00:00,117.70799999999986,250.38207926702626,-82.99269685684612,583.7568553908986
2026-01-27 16:00:00+00:00,1.4282499999999345,6.348836199348625,-327.0259399245235,339.7236123232208
2026-01-27 17:00:00+00:00,0.0,-3.325824647376976,-336.70060077124936,330.0489514764952
2026-01-27 18:00:00+00:00,0.0,-3.023037804704927,-336.3978139285773,330.3517383191677
2026-01-27 19:00:00+00:00,0.0,-3.023037804704927,-336.3978139285773,330.3517383191677
2026-01-27 20:00:00+00:00,0.0,-3.023037804704927,-336.3978139285773,330.3517383191677
2026-01-27 21:00:00+00:00,0.0,-3.023037804704927,-336.3978139285773,330.3517383191677
2026-01-27 22:00:00+00:00,0.0,-3.023037804704927,-336.3978139285773,330.3517383191677
2026-01-27 23:00:00+00:00,0.0,-3.023037804704927,-336.3978139285773,330.3517383191677
2026-01-28 00:00:00+00:00,0.0,-3.023037804704927,-336.3978139285773,330.3517383191677
2026-01-28 01:00:00+00:00,0.0,-3.023037804704927,-336.3978139285773,330.3517383191677
2026-01-28 02:00:00+00:00,0.0,-3.023037804704927,-336.3978139285773,330.3517383191677
2026-01-28 03:00:00+00:00,0.0,-3.023037804704927,-336.3978139285773,330.3517383191677
2026-01-28 04:00:00+00:00,0.0,3.266442823555053,-330.1083333003173,336.6412189474272
2026-01-28 05:00:00+00:00,0.0,22.764270912076654,-310.6105052117955,356.1390470359488
2026-01-28 06:00:00+00:00,0.13425000000006548,52.39237910900465,-280.98239701486773,385.76715523287726
2026-01-28 07:00:00+00:00,80.95449999999983,196.7661412924981,-136.60863483137427,530.1409174163705
2026-01-28 08:00:00+00:00,474.068,699.4691449507379,366.09436882686555,1032.8439210746103
2026-01-28 09:00:00+00:00,1106.434,1504.9950211472976,1171.6202450234255,1838.36979727117
2026-01-28 10:00:00+00:00,1627.93,2249.152442750539,1915.777666626667,2582.5272188744116
2026-01-28 11:00:00+00:00,1470.26875,2502.4146813362613,2169.039905212389,2835.7894574601332
2026-01-28 12:00:00+00:00,1085.0595,2374.7104672734517,2041.3356911495796,2708.085243397324
2026-01-28 13:00:00+00:00,697.018,1932.3987517692049,1599.0239756453325,2265.7735278930772
2026-01-28 14:00:00+00:00,381.60725,1098.9527214865006,765.5779453626284,1432.327497610373
2026-01-28 15:00:00+00:00,97.7037499999999,268.1597055731588,-65.21507055071334,601.5344816970312
2026-01-28 16:00:00+00:00,1.1545000000000982,6.348836199348625,-327.0259399245235,339.7236123232208
2026-01-28 17:00:00+00:00,0.0,-3.023037804704927,-336.3978139285773,330.3517383191677
2026-01-28 18:00:00+00:00,0.0,-3.023037804704927,-336.3978139285773,330.3517383191677
2026-01-28 19:00:00+00:00,0.0,-3.023037804704927,-336.3978139285773,330.3517383191677
2026-01-28 20:00:00+00:00,0.0,-3.023037804704927,-336.3978139285773,330.3517383191677
2026-01-28 21:00:00+00:00,0.0,-3.023037804704927,-336.3978139285773,330.3517383191677
2026-01-28 22:00:00+00:00,0.0,-3.023037804704927,-336.3978139285773,330.3517383191677
2026-01-28 23:00:00+00:00,0.0,-3.023037804704927,-336.3978139285773,330.3517383191677
2026-01-29 00:00:00+00:00,0.0,-3.023037804704927,-336.3978139285773,330.3517383191677
2026-01-29 01:00:00+00:00,0.0,-3.023037804704927,-336.3978139285773,330.3517383191677
2026-01-29 02:00:00+00:00,0.0,-3.023037804704927,-336.3978139285773,330.3517383191677
2026-01-29 03:00:00+00:00,0.0,-3.023037804704927,-336.3978139285773,330.3517383191677
2026-01-29 04:00:00+00:00,0.0,3.266442823555053,-330.1083333003173,336.6412189474272
2026-01-29 05:00:00+00:00,0.0,22.764270912076654,-310.6105052117955,356.1390470359488
2026-01-29 06:00:00+00:00,0.01375000000007276,52.39237910900465,-280.98239701486773,385.76715523287726
2026-01-29 07:00:00+00:00,10.135250000000042,185.58773056558084,-147.7870455582913,518.9625066894532
2026-01-29 08:00:00+00:00,96.17100000000005,699.4691449507379,366.09436882686555,1032.8439210746103
2026-01-29 09:00:00+00:00,231.77475000000004,1305.7542059973234,972.379429873451,1639.1289821211958
2026-01-29 10:00:00+00:00,376.98350000000005,1991.5612627683963,1658.186486644524,2324.9360388922687
2026-01-29 11:00:00+00:00,476.05050000000006,2280.3307943833984,1946.956018259526,2613.7055705072707
2026-01-29 12:00:00+00:00,483.8265000000001,2141.745897023235,1808.3711208993627,2475.1206731471075
2026-01-29 13:00:00+00:00,419.63699999999994,1646.2164758385961,1312.8416997147237,1979.5912519624683
2026-01-29 14:00:00+00:00,282.9972499999999,958.4760025378207,625.1012264139483,1291.850778661693
2026-01-29 15:00:00+00:00,110.91049999999996,250.38207926702626,-82.99269685684612,583.7568553908986
2026-01-29 16:00:00+00:00,6.337999999999965,6.348836199348625,-327.0259399245235,339.7236123232208
2026-01-29 17:00:00+00:00,0.08774999999991451,-3.325824647376976,-336.70060077124936,330.0489514764952
2026-01-29 18:00:00+00:00,0.0,-3.023037804704927,-336.3978139285773,330.3517383191677
2026-01-29 19:00:00+00:00,0.0,-3.023037804704927,-336.3978139285773,330.3517383191677
2026-01-29 20:00:00+00:00,0.0,-3.023037804704927,-336.3978139285773,330.3517383191677
2026-01-29 21:00:00+00:00,0.0,-3.023037804704927,-336.3978139285773,330.3517383191677
2026-01-29 22:00:00+00:00,0.0,0.07482763330267517,-333.2999484905697,333.44960375717505
2026-01-29 23:00:00+00:00,0.0,0.8156807722518806,-332.5590953516203,334.19045689612426
2026-01-30 00:00:00+00:00,0.0,-2.2821846657554943,-335.65696078962765,331.09259145811666
2026-01-30 01:00:00+00:00,0.0,-3.023037804704927,-336.3978139285773,330.3517383191677
2026-01-30 02:00:00+00:00,0.0,-3.023037804704927,-336.3978139285773,330.3517383191677
2026-01-30 03:00:00+00:00,0.0,-3.023037804704927,-336.3978139285773,330.3517383191677
2026-01-30 04:00:00+00:00,0.0,3.266442823555053,-330.1083333003173,336.6412189474272
2026-01-30 05:00:00+00:00,0.0,24.890809453770316,-308.48396667010206,358.2655855776429
2026-01-30 06:00:00+00:00,0.2207499999999527,54.53163083115123,-278.84314529272115,387.9064069550236
2026-01-30 07:00:00+00:00,124.22500000000014,228.54270075955105,-104.83207536432133,561.9174768834234
2026-01-30 08:00:00+00:00,697.66475,1347.168792367525,1013.7940162436524,1680.543568491397
2026-01-30 09:00:00+00:00,1531.6577499999999,3151.436074135035,2818.0612980111628,3484.8108502589075
2026-01-30 10:00:00+00:00,2425.56625,4539.553059579881,4206.178283456009,4872.927835703754
2026-01-30 11:00:00+00:00,3067.0795,4925.587791035539,4592.213014911667,5258.962567159411
2026-01-30 12:00:00+00:00,3090.53675,4621.072267510786,4287.697491386914,4954.44704363466
2026-01-30 13:00:00+00:00,2444.95325,3586.8404644474404,3253.465688323568,3920.2152405713123
2026-01-30 14:00:00+00:00,1281.427,1851.211427534872,1517.8366514109996,2184.586203658744
2026-01-30 15:00:00+00:00,325.1602499999999,473.53242166221753,140.15764553834515,806.9071977860898
2026-01-30 16:00:00+00:00,5.604749999999967,17.833712560070353,-315.54106356380225,351.20848868394273
2026-01-30 17:00:00+00:00,0.0,1.2410338880761174,-332.13374223579626,334.6158100119487
2026-01-30 18:00:00+00:00,0.0,0.5128939295798318,-332.8618821942928,333.8876700534522
2026-01-30 19:00:00+00:00,0.0,-2.2821846657554943,-335.65696078962765,331.09259145811666
2026-01-30 20:00:00+00:00,0.0,-3.023037804704927,-336.3978139285773,330.3517383191677
2026-01-30 21:00:00+00:00,0.0,-3.023037804704927,-336.3978139285773,330.3517383191677
2026-01-30 22:00:00+00:00,0.0,0.8029675917991881,-332.5718085320734,334.17774371567157
2026-01-30 23:00:00+00:00,0.0,0.8156807722518806,-332.5590953516203,334.19045689612426
2026-01-31 00:00:00+00:00,0.0,2.151767435740112,-331.22300868813204,335.52654355961226
2026-01-31 01:00:00+00:00,0.0,-0.9460980022672629,-334.32087412613964,332.4286781216049
2026-01-31 02:00:00+00:00,0.0,-1.6869511412166958,-335.0617272650893,331.6878249826559
2026-01-31 03:00:00+00:00,0.0,-1.6869511412166958,-335.0617272650893,331.6878249826559
2026-01-31 04:00:00+00:00,0.0,4.602529487043057,-328.7722466368291,337.9773056109152
2026-01-31 05:00:00+00:00,0.0,24.100357575564885,-309.27441854830727,357.47513369943704
2026-01-31 06:00:00+00:00,0.46499999999991815,53.72846577249288,-279.6463103513795,387.10324189636526
2026-01-31 07:00:00+00:00,167.58424999999988,198.10222795598634,-135.27254816788604,531.4770040798587
2026-01-31 08:00:00+00:00,752.9427499999999,807.5300066029885,474.1552304791162,1140.9047827268607
2026-01-31 09:00:00+00:00,1387.7977500000002,1445.7137779353002,1112.3390018114278,1779.0885540591723
2026-01-31 10:00:00+00:00,1892.21475,2082.2626038889894,1748.8878277651168,2415.6373800128613
2026-01-31 11:00:00+00:00,2241.2465,2306.4036858477148,1973.0289097238424,2639.778461971587
2026-01-31 12:00:00+00:00,2227.8175,2217.002152654847,1883.6273765309747,2550.376928778719
2026-01-31 13:00:00+00:00,1738.37825,1738.1767782353973,1404.802002111525,2071.5515543592696
2026-01-31 14:00:00+00:00,977.9650000000001,1081.689729570695,748.3149534468226,1415.0645056945673
2026-01-31 15:00:00+00:00,266.11900000000014,325.9266353451085,-7.448140778763673,659.3014114689809
2026-01-31 16:00:00+00:00,6.954999999999927,13.36686710380468,-320.0079090200677,346.74164322767706
2026-01-31 17:00:00+00:00,0.0,1.8489805930678358,-331.52579553080454,335.22375671694044
2026-01-31 18:00:00+00:00,0.0,1.8489805930678358,-331.52579553080454,335.22375671694044
2026-01-31 19:00:00+00:00,0.0,-0.9460980022672629,-334.32087412613964,332.4286781216049
2026-01-31 20:00:00+00:00,0.0,1.4109142967909065,-331.9638618270815,334.7856904206633
2026-01-31 21:00:00+00:00,0.0,2.151767435740112,-331.22300868813204,335.52654355961226
2026-01-31 22:00:00+00:00,0.0,2.151767435740112,-331.22300868813204,335.52654355961226
2026-01-31 23:00:00+00:00,0.0,2.151767435740112,-331.22300868813204,335.52654355961226
2026-02-01 00:00:00+00:00,0.0,0.8156807722518806,-332.5590953516203,334.19045689612426
2026-02-01 01:00:00+00:00,0.0,0.8156807722518806,-332.5590953516203,334.19045689612426
2026-02-01 02:00:00+00:00,0.0,-2.2821846657554943,-335.65696078962765,331.09259145811666
2026-02-01 03:00:00+00:00,0.0,0.07482763330267517,-333.2999484905697,333.44960375717505
2026-02-01 04:00:00+00:00,0.0,6.133834504197921,-327.24094161967423,339.5086106280701
2026-02-01 05:00:00+00:00,0.0,25.63166259271975,-307.7431135311524,359.0064387165919
2026-02-01 06:00:00+00:00,1.534249999999929,55.259770789647746,-278.11500533422486,388.6345469135201
2026-02-01 07:00:00+00:00,153.28250000000025,232.59771858575846,-100.7770575381137,565.9724947096306
2026-02-01 08:00:00+00:00,827.3582500000001,1236.4759702689696,903.1011941450972,1569.8507463928418
2026-02-01 09:00:00+00:00,1738.3705,2766.587646703991,2433.2128705801188,3099.9624228278635
2026-02-01 10:00:00+00:00,2744.8995,3914.4403981032374,3581.065621979365,4247.815174227109
2026-02-01 11:00:00+00:00,3295.83825,4391.516464830687,4058.1416887068144,4724.891240954559
2026-02-01 12:00:00+00:00,3069.90525,4253.455326110377,3920.080549986506,4586.83010223425
2026-02-01 13:00:00+00:00,2405.255,3275.811889773039,2942.4371136491673,3609.1866658969116
2026-02-01 14:00:00+00:00,1336.539,1694.5038498099477,1361.1290736860753,2027.8786259338199
2026-02-01 15:00:00+00:00,404.98,408.7937881444236,75.41901202055146,742.168564268296
2026-02-01 16:00:00+00:00,12.746000000000095,6.716991619678311,-326.65778450419384,340.09176774355046
2026-02-01 17:00:00+00:00,0.0,-3.325824647376976,-336.70060077124936,330.0489514764952
2026-02-01 18:00:00+00:00,0.0,-0.227959209369601,-333.6027353332415,333.14681691450255
2026-02-01 19:00:00+00:00,0.0,0.8156807722518806,-332.5590953516203,334.19045689612426
2026-02-01 20:00:00+00:00,0.0,0.8156807722518806,-332.5590953516203,334.19045689612426
2026-02-01 21:00:00+00:00,0.0,-2.2821846657554943,-335.65696078962765,331.09259145811666
2026-02-01 22:00:00+00:00,0.0,-3.023037804704927,-336.3978139285773,330.3517383191677
2026-02-01 23:00:00+00:00,0.0,0.07482763330267517,-333.2999484905697,333.44960375717505
2026-02-02 00:00:00+00:00,0.0,-2.2821846657554943,-335.65696078962765,331.09259145811666
2026-02-02 01:00:00+00:00,0.0,-3.023037804704927,-336.3978139285773,330.3517383191677
2026-02-02 02:00:00+00:00,0.0,-3.023037804704927,-336.3978139285773,330.3517383191677
2026-02-02 03:00:00+00:00,0.0,-3.023037804704927,-336.3978139285773,330.3517383191677
2026-02-02 04:00:00+00:00,0.0,3.266442823555053,-330.1083333003173,336.6412189474272
2026-02-02 05:00:00+00:00,0.0,22.764270912076654,-310.6105052117955,356.1390470359488
2026-02-02 06:00:00+00:00,0.9414999999999054,53.79077769220203,-279.5839984316701,387.1655538160742
2026-02-02 07:00:00+00:00,230.1187500000001,294.869230118564,-38.50554600530813,628.2440062424362
2026-02-02 08:00:00+00:00,1184.14075,1293.7490984844312,960.3743223605591,1627.1238746083036
2026-02-02 09:00:00+00:00,2480.66125,2794.687872869773,2461.3130967459006,3128.062648993645
2026-02-02 10:00:00+00:00,3484.85175,4029.9639964096714,3696.5892202857985,4363.338772533543
2026-02-02 11:00:00+00:00,3859.7965,4485.657203217887,4152.282427094015,4819.03197934176
2026-02-02 12:00:00+00:00,3934.72425,4285.06457501614,3951.6897988922674,4618.439351140012
2026-02-02 13:00:00+00:00,2989.464,3304.9069221038867,2971.5321459800143,3638.281698227759
2026-02-02 14:00:00+00:00,1821.838,1886.726795557556,1553.3520194336836,2220.101571681428
2026-02-02 15:00:00+00:00,597.3199999999999,473.53242166221753,140.15764553834515,806.9071977860898
2026-02-02 16:00:00+00:00,16.479000000000042,17.833712560070353,-315.54106356380225,351.20848868394273
2026-02-02 17:00:00+00:00,0.0,6.436410297435714,-326.93836582643667,339.8111864213081
2026-02-02 18:00:00+00:00,0.0,1.2410338880761174,-332.13374223579626,334.6158100119487
2026-02-02 19:00:00+00:00,0.0,1.5438207307483935,-331.83095539312376,334.91859685462055
2026-02-02 20:00:00+00:00,0.0,1.5438207307483935,-331.83095539312376,334.91859685462055
2026-02-02 21:00:00+00:00,0.0,1.5438207307483935,-331.83095539312376,334.91859685462055
2026-02-02 22:00:00+00:00,0.0,1.5438207307483935,-331.83095539312376,334.91859685462055
2026-02-02 23:00:00+00:00,0.0,1.5438207307483935,-331.83095539312376,334.91859685462055
2026-02-03 00:00:00+00:00,0.0,0.8156807722518806,-332.5590953516203,334.19045689612426
2026-02-03 01:00:00+00:00,0.0,0.8156807722518806,-332.5590953516203,334.19045689612426
2026-02-03 02:00:00+00:00,0.0,1.5438207307483935,-331.83095539312376,334.91859685462055
2026-02-03 03:00:00+00:00,0.0,1.5438207307483935,-331.83095539312376,334.91859685462055
2026-02-03 04:00:00+00:00,0.0,5.405694545701408,-327.96908157817074,338.78047066957356
2026-02-03 05:00:00+00:00,0.0,24.903522634223236,-308.4712534896489,358.2782987580954
2026-02-03 06:00:00+00:00,1.3667499999999109,54.53163083115123,-278.84314529272115,387.9064069550236
2026-02-03 07:00:00+00:00,225.0757500000002,303.88051157273594,-29.494264551136666,637.2552876966083
2026-02-03 08:00:00+00:00,937.2572499999999,1040.2672133057104,706.8924371818381,1373.6419894295827
2026-02-03 09:00:00+00:00,1615.3242500000001,1778.2064777361486,1444.8317016122764,2111.581253860021
2026-02-03 10:00:00+00:00,2087.50975,2635.9271398382243,2302.552363714352,2969.3019159620967
2026-02-03 11:00:00+00:00,2361.15,2969.295414068145,2635.9206379442726,3302.670190192017
2026-02-03 12:00:00+00:00,2201.40375,3052.910373475727,2719.5355973518544,3386.285149599599
2026-02-03 13:00:00+00:00,1678.47375,2281.680117761809,1948.3053416379366,2615.054893885681
2026-02-03 14:00:00+00:00,940.20975,1354.1222098141575,1020.7474336902852,1687.4969859380299
2026-02-03 15:00:00+00:00,237.52700000000004,399.35736212478196,65.9825860009098,732.7321382486542
2026-02-03 16:00:00+00:00,10.489249999999856,6.348836199348625,-327.0259399245235,339.7236123232208
2026-02-03 17:00:00+00:00,0.0,-3.023037804704927,-336.3978139285773,330.3517383191677
2026-02-03 18:00:00+00:00,0.0,-3.023037804704927,-336.3978139285773,330.3517383191677
2026-02-03 19:00:00+00:00,0.0,-3.023037804704927,-336.3978139285773,330.3517383191677
2026-02-03 20:00:00+00:00,0.0,-3.023037804704927,-336.3978139285773,330.3517383191677
2026-02-03 21:00:00+00:00,0.0,-3.023037804704927,-336.3978139285773,330.3517383191677
2026-02-03 22:00:00+00:00,0.0,-3.023037804704927,-336.3978139285773,330.3517383191677
2026-02-03 23:00:00+00:00,0.0,0.07482763330267517,-333.2999484905697,333.44960375717505
2026-02-04 00:00:00+00:00,0.0,0.8156807722518806,-332.5590953516203,334.19045689612426
2026-02-04 01:00:00+00:00,0.0,0.8156807722518806,-332.5590953516203,334.19045689612426
2026-02-04 02:00:00+00:00,0.0,0.8156807722518806,-332.5590953516203,334.19045689612426
2026-02-04 03:00:00+00:00,0.0,0.8156807722518806,-332.5590953516203,334.19045689612426
2026-02-04 04:00:00+00:00,0.0,5.405694545701408,-327.96908157817074,338.78047066957356
2026-02-04 05:00:00+00:00,0.0,25.63166259271975,-307.7431135311524,359.0064387165919
2026-02-04 06:00:00+00:00,1.4707499999999527,55.259770789647746,-278.11500533422486,388.6345469135201
2026-02-04 07:00:00+00:00,333.1332500000001,315.7870622581497,-17.587713865722435,649.1618383820219
2026-02-04 08:00:00+00:00,1648.0045,1455.3821302964711,1122.0073541725988,1788.7569064203433
2026-02-04 09:00:00+00:00,3100.08275,2978.0566152122024,2644.68183908833,3311.4313913360747
2026-02-04 10:00:00+00:00,4306.17175,4349.3692886806375,4015.994512556765,4682.74406480451
2026-02-04 11:00:00+00:00,4824.6145,4785.423385270416,4452.048609146543,5118.798161394288
2026-02-04 12:00:00+00:00,4485.7635,4531.766470715565,4198.391694591693,4865.141246839437
2026-02-04 13:00:00+00:00,3257.042,3554.976214581256,3221.6014384573837,3888.3509907051284
2026-02-04 14:00:00+00:00,1763.08275,1952.5770726006956,1619.2022964768234,2285.9518487245678
2026-02-04 15:00:00+00:00,530.05225,503.7660662593098,170.39129013543766,837.1408423831821
2026-02-04 16:00:00+00:00,29.783750000000055,12.54876833042681,-320.82600779344557,345.9235444542994
2026-02-04 17:00:00+00:00,0.0015000000000782165,-3.325824647376976,-336.70060077124936,330.0489514764952
2026-02-04 18:00:00+00:00,0.0,-3.325824647376976,-336.70060077124936,330.0489514764952
2026-02-04 19:00:00+00:00,0.0,-0.227959209369601,-333.6027353332415,333.14681691450255
2026-02-04 20:00:00+00:00,0.0,0.8156807722518806,-332.5590953516203,334.19045689612426
2026-02-04 21:00:00+00:00,0.0,0.8156807722518806,-332.5590953516203,334.19045689612426
2026-02-04 22:00:00+00:00,0.0,0.8156807722518806,-332.5590953516203,334.19045689612426
2026-02-04 23:00:00+00:00,0.0,0.8156807722518806,-332.5590953516203,334.19045689612426
2026-02-05 00:00:00+00:00,0.0,-2.2821846657554943,-335.65696078962765,331.09259145811666
2026-02-05 01:00:00+00:00,0.0,-3.023037804704927,-336.3978139285773,330.3517383191677
2026-02-05 02:00:00+00:00,0.0,-3.023037804704927,-336.3978139285773,330.3517383191677
2026-02-05 03:00:00+00:00,0.0,-3.023037804704927,-336.3978139285773,330.3517383191677
2026-02-05 04:00:00+00:00,0.0,3.266442823555053,-330.1083333003173,336.6412189474272
2026-02-05 05:00:00+00:00,0.0,22.764270912076654,-310.6105052117955,356.1390470359488
2026-02-05 06:00:00+00:00,0.8647499999999582,53.79077769220203,-279.5839984316701,387.1655538160742
2026-02-05 07:00:00+00:00,155.77600000000007,305.31950088698477,-28.05527523688761,638.6942770108571
2026-02-05 08:00:00+00:00,756.76675,1198.9349920131294,865.5602158892572,1532.3097681370018
2026-02-05 09:00:00+00:00,1852.37925,2304.6362445252416,1971.2614684013693,2638.011020649114
2026-02-05 10:00:00+00:00,3114.9545,3248.090638236209,2914.715862112337,3581.4654143600815
2026-02-05 11:00:00+00:00,3943.1885,3620.144956163159,3286.7701800392865,3953.519732287031
2026-02-05 12:00:00+00:00,4329.7252499999995,3484.031658683537,3150.6568825596646,3817.406434807409
2026-02-05 13:00:00+00:00,3679.24925,2837.41273708838,2504.0379609645074,3170.7875132122517
2026-02-05 14:00:00+00:00,2193.06275,1726.6780674181343,1393.3032912942622,2060.0528435420065
2026-02-05 15:00:00+00:00,705.1130000000002,484.5449280753994,151.17015195152703,817.9197041992718
2026-02-05 16:00:00+00:00,32.11674999999991,12.265817287731807,-321.1089588361408,345.6405934116042
2026-02-05 17:00:00+00:00,0.0039999999999054126,-0.227959209369601,-333.6027353332415,333.14681691450255
2026-02-05 18:00:00+00:00,0.0,0.5128939295798318,-332.8618821942928,333.8876700534522
2026-02-05 19:00:00+00:00,0.0,1.5438207307483935,-331.83095539312376,334.91859685462055
2026-02-05 20:00:00+00:00,0.0,1.5438207307483935,-331.83095539312376,334.91859685462055
2026-02-05 21:00:00+00:00,0.0,0.8156807722518806,-332.5590953516203,334.19045689612426
2026-02-05 22:00:00+00:00,0.0,0.8156807722518806,-332.5590953516203,334.19045689612426
2026-02-05 23:00:00+00:00,0.0,-2.2821846657554943,-335.65696078962765,331.09259145811666
2026-02-06 00:00:00+00:00,0.0,-3.023037804704927,-336.3978139285773,330.3517383191677
2026-02-06 01:00:00+00:00,0.0,-3.023037804704927,-336.3978139285773,330.3517383191677
2026-02-06 02:00:00+00:00,0.0,-3.023037804704927,-336.3978139285773,330.3517383191677
2026-02-06 03:00:00+00:00,0.0,-3.023037804704927,-336.3978139285773,330.3517383191677
2026-02-06 04:00:00+00:00,0.0,3.266442823555053,-330.1083333003173,336.6412189474272
2026-02-06 05:00:00+00:00,0.0,22.764270912076654,-310.6105052117955,356.1390470359488
2026-02-06 06:00:00+00:00,2.272999999999911,52.39237910900465,-280.98239701486773,385.76715523287726
2026-02-06 07:00:00+00:00,229.35775000000012,284.4843549141856,-48.89042120968702,617.8591310380577
2026-02-06 08:00:00+00:00,887.994,1083.2624907270979,749.8877146032257,1416.6372668509703
2026-02-06 09:00:00+00:00,1720.08975,1883.0424568474193,1549.667680723547,2216.4172329712915
2026-02-06 10:00:00+00:00,2392.956,2623.198665834104,2289.8238897102315,2956.573441957976
2026-02-06 11:00:00+00:00,2419.5122499999998,2939.4237101391263,2606.048934015254,3272.7984862629987
2026-02-06 12:00:00+00:00,2130.62925,2999.437862261363,2666.0630861374907,3332.8126383852355
2026-02-06 13:00:00+00:00,1700.11375,2288.050328961081,1954.6755528372087,2621.4251050849534
2026-02-06 14:00:00+00:00,1063.7535,1356.6423445873656,1023.2675684634934,1690.017120711238
2026-02-06 15:00:00+00:00,447.99299999999994,391.4327325346014,58.05795641072905,724.8075086584738
2026-02-06 16:00:00+00:00,37.61075000000005,9.74441242246462,-323.63036370140776,343.119188546337
2026-02-06 17:00:00+00:00,0.025249999999687134,-3.325824647376976,-336.70060077124936,330.0489514764952
2026-02-06 18:00:00+00:00,0.0,-0.227959209369601,-333.6027353332415,333.14681691450255
2026-02-06 19:00:00+00:00,0.0,0.8156807722518806,-332.5590953516203,334.19045689612426
2026-02-06 20:00:00+00:00,0.0,0.8156807722518806,-332.5590953516203,334.19045689612426
2026-02-06 21:00:00+00:00,0.0,0.8156807722518806,-332.5590953516203,334.19045689612426
2026-02-06 22:00:00+00:00,0.0,0.8156807722518806,-332.5590953516203,334.19045689612426
2026-02-06 23:00:00+00:00,0.0,0.8156807722518806,-332.5590953516203,334.19045689612426
2026-02-07 00:00:00+00:00,0.0,2.151767435740112,-331.22300868813204,335.52654355961226
2026-02-07 01:00:00+00:00,0.0,2.151767435740112,-331.22300868813204,335.52654355961226
2026-02-07 02:00:00+00:00,0.0,2.151767435740112,-331.22300868813204,335.52654355961226
2026-02-07 03:00:00+00:00,0.0,2.151767435740112,-331.22300868813204,335.52654355961226
2026-02-07 04:00:00+00:00,0.0,6.741781209189639,-326.6329949146825,340.1165573330618
2026-02-07 05:00:00+00:00,0.0,26.96774925620798,-306.4070268676644,360.34252538008013
2026-02-07 06:00:00+00:00,6.3587500000001,55.867717494639464,-277.5070586292329,389.24249361851184
2026-02-07 07:00:00+00:00,342.7529999999997,377.0645915396169,43.68981541574476,710.4393676634893
2026-02-07 08:00:00+00:00,1675.993,1675.000877587104,1341.6261014632319,2008.3756537109764
2026-02-07 09:00:00+00:00,3573.50525,3054.7044183082194,2721.329642184347,3388.0791944320918
2026-02-07 10:00:00+00:00,5104.6095000000005,4296.328581982552,3962.9538058586804,4629.703358106424
2026-02-07 11:00:00+00:00,5616.64775,4693.605263958218,4360.230487834344,5026.9800400820895
2026-02-07 12:00:00+00:00,5379.313250000001,4477.747361024549,4144.372584900677,4811.122137148423
2026-02-07 13:00:00+00:00,4439.8395,3486.3550341538094,3152.9802580299374,3819.729810277682
2026-02-07 14:00:00+00:00,2931.56175,2058.746301290527,1725.3715251666545,2392.121077414399
2026-02-07 15:00:00+00:00,1155.4535,539.7023222024175,206.32754607854486,873.0770983262897
2026-02-07 16:00:00+00:00,67.37900000000013,46.99837618091783,-286.3763999429543,380.37315230479
2026-02-07 17:00:00+00:00,1.047249999999849,4.8258221027490436,-328.54895402112356,338.2005982266214
2026-02-07 18:00:00+00:00,0.0,2.4573579993079875,-330.91741812456416,335.83213412318014
2026-02-07 19:00:00+00:00,0.0,2.5771205515643487,-330.79765557230803,335.9518966754367
2026-02-07 20:00:00+00:00,0.0,2.151767435740112,-331.22300868813204,335.52654355961226
2026-02-07 21:00:00+00:00,0.0,-0.9460980022672629,-334.32087412613964,332.4286781216049
2026-02-07 22:00:00+00:00,0.0,1.4109142967909065,-331.9638618270815,334.7856904206633
2026-02-07 23:00:00+00:00,0.0,2.151767435740112,-331.22300868813204,335.52654355961226
2026-02-08 00:00:00+00:00,0.0,0.8156807722518806,-332.5590953516203,334.19045689612426
2026-02-08 01:00:00+00:00,0.0,0.8156807722518806,-332.5590953516203,334.19045689612426
2026-02-08 02:00:00+00:00,0.0,1.5438207307483935,-331.83095539312376,334.91859685462055
2026-02-08 03:00:00+00:00,0.0,0.8156807722518806,-332.5590953516203,334.19045689612426
2026-02-08 04:00:00+00:00,0.0,5.405694545701408,-327.96908157817074,338.78047066957356
2026-02-08 05:00:00+00:00,0.0,24.903522634223236,-308.4712534896489,358.2782987580954
2026-02-08 06:00:00+00:00,3.8757499999999254,55.259770789647746,-278.11500533422486,388.6345469135201
2026-02-08 07:00:00+00:00,328.20924999999966,375.2289947057643,41.85421858189193,708.6037708296366
2026-02-08 08:00:00+00:00,1268.4545,1593.1084199962495,1259.7336438723773,1926.4831961201219
2026-02-08 09:00:00+00:00,2246.8095,3096.9626818017773,2763.587905677905,3430.3374579256497
2026-02-08 10:00:00+00:00,3014.735,4204.418069408335,3871.0432932844633,4537.792845532209
2026-02-08 11:00:00+00:00,3608.36075,4607.1780338039025,4273.803257680031,4940.552809927774
2026-02-08 12:00:00+00:00,3774.0192500000003,4556.029533007625,4222.654756883752,4889.404309131498
2026-02-08 13:00:00+00:00,3300.7385,3621.66168897923,3288.2869128553575,3955.0364651031023
2026-02-08 14:00:00+00:00,2288.98475,2034.1558571429039,1700.7810810190315,2367.530633266776
2026-02-08 15:00:00+00:00,881.193,710.3311823618326,376.9564062379602,1043.705958485705
2026-02-08 16:00:00+00:00,56.924749999999904,51.41156833717923,-281.9632077866929,384.7863444610514
2026-02-08 17:00:00+00:00,0.2315000000000964,4.199211979698248,-329.1755641441739,337.5739881035704
2026-02-08 18:00:00+00:00,0.0,1.2410338880761174,-332.13374223579626,334.6158100119487
2026-02-08 19:00:00+00:00,0.0,1.2410338880761174,-332.13374223579626,334.6158100119487
2026-02-08 20:00:00+00:00,0.0,1.5438207307483935,-331.83095539312376,334.91859685462055
2026-02-08 21:00:00+00:00,0.0,1.5438207307483935,-331.83095539312376,334.91859685462055
2026-02-08 22:00:00+00:00,0.0,1.5438207307483935,-331.83095539312376,334.91859685462055
2026-02-08 23:00:00+00:00,0.0,1.5438207307483935,-331.83095539312376,334.91859685462055
2026-02-09 00:00:00+00:00,0.0,1.5438207307483935,-331.83095539312376,334.91859685462055
2026-02-09 01:00:00+00:00,0.0,1.5438207307483935,-331.83095539312376,334.91859685462055
2026-02-09 02:00:00+00:00,0.0,1.5438207307483935,-331.83095539312376,334.91859685462055
2026-02-09 03:00:00+00:00,0.0,1.5438207307483935,-331.83095539312376,334.91859685462055
2026-02-09 04:00:00+00:00,0.0,5.405694545701408,-327.96908157817074,338.78047066957356
2026-02-09 05:00:00+00:00,0.0,24.903522634223236,-308.4712534896489,358.2782987580954
2026-02-09 06:00:00+00:00,1.6832500000000437,55.259770789647746,-278.11500533422486,388.6345469135201
2026-02-09 07:00:00+00:00,362.86850000000004,380.2573748254249,46.88259870155275,713.6321509492972
2026-02-09 08:00:00+00:00,1562.415,1615.3626239627645,1281.987847838892,1948.7374000866369
2026-02-09 09:00:00+00:00,3244.853,3076.0163377871127,2742.6415616632403,3409.391113910985
2026-02-09 10:00:00+00:00,4563.873750000001,4010.5686309619255,3677.193854838053,4343.943407085797
2026-02-09 11:00:00+00:00,4907.9895,4381.937054911268,4048.562278787396,4715.31183103514
2026-02-09 12:00:00+00:00,4413.31025,4095.742648410255,3762.3678722863824,4429.117424534127
2026-02-09 13:00:00+00:00,3320.749,2945.0858085639843,2611.711032440112,3278.4605846878567
2026-02-09 14:00:00+00:00,2047.2157499999998,1684.6359734638663,1351.261197339994,2018.0107495877387
2026-02-09 15:00:00+00:00,805.18375,582.3004391833633,248.92566305949072,915.6752153072356
2026-02-09 16:00:00+00:00,73.32500000000005,24.655439717697618,-308.719336406175,358.03021584157
2026-02-09 17:00:00+00:00,0.0,1.53421709452914,-331.840559029343,334.9089932184013
2026-02-09 18:00:00+00:00,0.0,0.5128939295798318,-332.8618821942928,333.8876700534522
2026-02-09 19:00:00+00:00,0.0,0.5128939295798318,-332.8618821942928,333.8876700534522
2026-02-09 20:00:00+00:00,0.0,0.8156807722518806,-332.5590953516203,334.19045689612426
2026-02-09 21:00:00+00:00,0.0,-2.2821846657554943,-335.65696078962765,331.09259145811666
2026-02-09 22:00:00+00:00,0.0,0.07482763330267517,-333.2999484905697,333.44960375717505
2026-02-09 23:00:00+00:00,0.0,1.5438207307483935,-331.83095539312376,334.91859685462055
2026-02-10 00:00:00+00:00,0.0,1.5438207307483935,-331.83095539312376,334.91859685462055
2026-02-10 01:00:00+00:00,0.0,0.8156807722518806,-332.5590953516203,334.19045689612426
2026-02-10 02:00:00+00:00,0.0,1.5438207307483935,-331.83095539312376,334.91859685462055
2026-02-10 03:00:00+00:00,0.0,0.8156807722518806,-332.5590953516203,334.19045689612426
2026-02-10 04:00:00+00:00,0.0,5.405694545701408,-327.96908157817074,338.78047066957356
2026-02-10 05:00:00+00:00,0.0,47.81748241476339,-285.557293709109,381.19225853863554
2026-02-10 06:00:00+00:00,15.185750000000098,65.53595551999206,-267.83882060388055,398.91073164386444
2026-02-10 07:00:00+00:00,415.96225000000004,397.5254162157155,64.15064009184334,730.9001923395879
2026-02-10 08:00:00+00:00,1138.001,1234.1960978676402,900.821321743768,1567.5708739915126
2026-02-10 09:00:00+00:00,2076.5355,2172.8724508340188,1839.4976747101464,2506.247226957891
2026-02-10 10:00:00+00:00,2694.3085,2880.5226839863,2547.1479078624275,3213.8974601101722
2026-02-10 11:00:00+00:00,2782.035,3117.0661407624593,2783.6913646385874,3450.440916886332
2026-02-10 12:00:00+00:00,2445.13175,3124.5564426147216,2791.1816664908492,3457.931218738594
2026-02-10 13:00:00+00:00,1700.9782500000001,2389.1521403713346,2055.777364247462,2722.526916495207
2026-02-10 14:00:00+00:00,1136.868,1546.1637256581316,1212.7889495342595,1879.538501782004
2026-02-10 15:00:00+00:00,516.3865000000001,528.1176236668566,194.74284754298446,861.492399790729
2026-02-10 16:00:00+00:00,31.001999999999953,74.86509740729025,-258.50967871658213,408.23987353116263
2026-02-10 17:00:00+00:00,0.0,-3.325824647376976,-336.70060077124936,330.0489514764952
2026-02-10 18:00:00+00:00,0.0,-0.227959209369601,-333.6027353332415,333.14681691450255
2026-02-10 19:00:00+00:00,0.0,0.8156807722518806,-332.5590953516203,334.19045689612426
2026-02-10 20:00:00+00:00,0.0,0.8156807722518806,-332.5590953516203,334.19045689612426
2026-02-10 21:00:00+00:00,0.0,0.8156807722518806,-332.5590953516203,334.19045689612426
2026-02-10 22:00:00+00:00,0.0,0.8156807722518806,-332.5590953516203,334.19045689612426
2026-02-10 23:00:00+00:00,0.0,-2.2821846657554943,-335.65696078962765,331.09259145811666
2026-02-11 00:00:00+00:00,0.0,-3.023037804704927,-336.3978139285773,330.3517383191677
2026-02-11 01:00:00+00:00,0.0,-3.023037804704927,-336.3978139285773,330.3517383191677
2026-02-11 02:00:00+00:00,0.0,-3.023037804704927,-336.3978139285773,330.3517383191677
2026-02-11 03:00:00+00:00,0.0,-3.023037804704927,-336.3978139285773,330.3517383191677
2026-02-11 04:00:00+00:00,0.0,3.266442823555053,-330.1083333003173,336.6412189474272
2026-02-11 05:00:00+00:00,0.0,22.764270912076654,-310.6105052117955,356.1390470359488
2026-02-11 06:00:00+00:00,6.036250000000109,52.39237910900465,-280.98239701486773,385.76715523287726
2026-02-11 07:00:00+00:00,204.16975000000002,344.4257975321648,11.051021408292172,677.8005736560369
2026-02-11 08:00:00+00:00,775.54925,976.2084842082841,642.8337080844117,1309.5832603321564
2026-02-11 09:00:00+00:00,1313.39725,1660.2320456265065,1326.8572695026342,1993.6068217503787
2026-02-11 10:00:00+00:00,1631.6115,2288.989539321974,1955.6147631981019,2622.3643154458464
2026-02-11 11:00:00+00:00,1833.9315,2562.424431845767,2229.0496557218944,2895.7992079696387
2026-02-11 12:00:00+00:00,1897.3845000000001,2508.6344186913884,2175.2596425675165,2842.0091948152613
2026-02-11 13:00:00+00:00,1403.06625,2069.8642513357604,1736.489475211888,2403.239027459633
2026-02-11 14:00:00+00:00,876.9989999999999,1281.1276954111686,947.7529192872964,1614.502471535041
2026-02-11 15:00:00+00:00,438.50575000000003,480.2836575362103,146.90888141233813,813.6584336600826
2026-02-11 16:00:00+00:00,43.557000000000016,93.74896688489957,-239.6258092389728,427.12374300877195
2026-02-11 17:00:00+00:00,0.0,68.29109214550408,-265.0836839783681,401.66586826937646
2026-02-11 18:00:00+00:00,0.0,0.5128939295798318,-332.8618821942928,333.8876700534522
2026-02-11 19:00:00+00:00,0.0,0.8156807722518806,-332.5590953516203,334.19045689612426
2026-02-11 20:00:00+00:00,0.0,-2.2821846657554943,-335.65696078962765,331.09259145811666
2026-02-11 21:00:00+00:00,0.0,-3.023037804704927,-336.3978139285773,330.3517383191677
2026-02-11 22:00:00+00:00,0.0,-3.023037804704927,-336.3978139285773,330.3517383191677
2026-02-11 23:00:00+00:00,0.0,-3.023037804704927,-336.3978139285773,330.3517383191677
2026-02-12 00:00:00+00:00,0.0,-3.023037804704927,-336.3978139285773,330.3517383191677
2026-02-12 01:00:00+00:00,0.0,-3.023037804704927,-336.3978139285773,330.3517383191677
2026-02-12 02:00:00+00:00,0.0,-3.023037804704927,-336.3978139285773,330.3517383191677
2026-02-12 03:00:00+00:00,0.0,-3.023037804704927,-336.3978139285773,330.3517383191677
2026-02-12 04:00:00+00:00,0.0,3.266442823555053,-330.1083333003173,336.6412189474272
2026-02-12 05:00:00+00:00,0.0,22.764270912076654,-310.6105052117955,356.1390470359488
2026-02-12 06:00:00+00:00,14.52299999999991,52.39237910900465,-280.98239701486773,385.76715523287726
2026-02-12 07:00:00+00:00,368.59574999999995,344.4257975321648,11.051021408292172,677.8005736560369
2026-02-12 08:00:00+00:00,1026.9955,983.742439717083,650.3676635932106,1317.1172158409554
2026-02-12 09:00:00+00:00,1323.38225,1608.8359663685078,1275.4611902446356,1942.2107424923802
2026-02-12 10:00:00+00:00,1403.8425,2281.3633354523436,1947.9885593284714,2614.7381115762164
2026-02-12 11:00:00+00:00,1577.7932500000002,2582.5323365012955,2249.157560377423,2915.9071126251674
2026-02-12 12:00:00+00:00,1616.2255,2581.3481319904954,2247.973355866623,2914.722908114368
2026-02-12 13:00:00+00:00,1549.1889999999999,2027.9016780179745,1694.5269018941021,2361.276454141847
2026-02-12 14:00:00+00:00,1167.482,1287.84430845417,954.4695323302975,1621.2190845780422
2026-02-12 15:00:00+00:00,624.7865000000002,505.35185252367046,171.97707639979808,838.7266286475427
2026-02-12 16:00:00+00:00,54.37500000000023,95.68582181157217,-237.68895431230044,429.0605979354443
2026-02-12 17:00:00+00:00,0.0012500000000272848,7.400927043268894,-325.9738490806037,340.7757031671413
2026-02-12 18:00:00+00:00,0.0,0.5128939295798318,-332.8618821942928,333.8876700534522
2026-02-12 19:00:00+00:00,0.0,0.5128939295798318,-332.8618821942928,333.8876700534522
2026-02-12 20:00:00+00:00,0.0,0.8156807722518806,-332.5590953516203,334.19045689612426
2026-02-12 21:00:00+00:00,0.0,-2.2821846657554943,-335.65696078962765,331.09259145811666
2026-02-12 22:00:00+00:00,0.0,-3.023037804704927,-336.3978139285773,330.3517383191677
2026-02-12 23:00:00+00:00,0.0,-3.023037804704927,-336.3978139285773,330.3517383191677
2026-02-13 00:00:00+00:00,0.0,-3.023037804704927,-336.3978139285773,330.3517383191677
2026-02-13 01:00:00+00:00,0.0,-3.023037804704927,-336.3978139285773,330.3517383191677
2026-02-13 02:00:00+00:00,0.0,-3.023037804704927,-336.3978139285773,330.3517383191677
2026-02-13 03:00:00+00:00,0.0,-3.023037804704927,-336.3978139285773,330.3517383191677
2026-02-13 04:00:00+00:00,0.0,3.266442823555053,-330.1083333003173,336.6412189474272
2026-02-13 05:00:00+00:00,0.0,22.764270912076654,-310.6105052117955,356.1390470359488
2026-02-13 06:00:00+00:00,10.804499999999962,58.28597009028954,-275.0888060335826,391.6607462141619
2026-02-13 07:00:00+00:00,414.817,344.4257975321648,11.051021408292172,677.8005736560369
2026-02-13 08:00:00+00:00,1304.87825,976.445376399078,643.0706002752058,1309.8201525229504
2026-02-13 09:00:00+00:00,2383.9317499999997,1594.5458972606266,1261.1711211367544,1927.920673384499
2026-02-13 10:00:00+00:00,2836.627,2226.14525051772,1892.7704743938475,2559.5200266415923
2026-02-13 11:00:00+00:00,2842.67225,2460.736603017659,2127.3618268937867,2794.1113791415314
2026-02-13 12:00:00+00:00,2837.80525,2487.4261989450683,2154.051422821196,2820.8009750689407
2026-02-13 13:00:00+00:00,2249.72,2015.8084702452334,1682.433694121361,2349.1832463691053
2026-02-13 14:00:00+00:00,1323.12325,1256.659707922024,923.2849317981517,1590.034484045896
2026-02-13 15:00:00+00:00,502.34574999999995,521.8267154742146,188.45193935034217,855.2014915980867
2026-02-13 16:00:00+00:00,42.318500000000085,87.56389909576887,-245.81087702810328,420.93867521964125
2026-02-13 17:00:00+00:00,0.0,-3.879056845602463,-337.2538329694744,329.4957192782697
2026-02-13 18:00:00+00:00,0.0,-3.325824647376976,-336.70060077124936,330.0489514764952
2026-02-13 19:00:00+00:00,0.0,-3.023037804704927,-336.3978139285773,330.3517383191677
2026-02-13 20:00:00+00:00,0.0,-3.023037804704927,-336.3978139285773,330.3517383191677
2026-02-13 21:00:00+00:00,0.0,-3.023037804704927,-336.3978139285773,330.3517383191677
2026-02-13 22:00:00+00:00,0.0,-3.023037804704927,-336.3978139285773,330.3517383191677
2026-02-13 23:00:00+00:00,0.0,-3.023037804704927,-336.3978139285773,330.3517383191677
2026-02-14 00:00:00+00:00,0.0,-1.6869511412166958,-335.0617272650893,331.6878249826559
2026-02-14 01:00:00+00:00,0.0,-1.6869511412166958,-335.0617272650893,331.6878249826559
2026-02-14 02:00:00+00:00,0.0,-1.6869511412166958,-335.0617272650893,331.6878249826559
2026-02-14 03:00:00+00:00,0.0,-1.6869511412166958,-335.0617272650893,331.6878249826559
2026-02-14 04:00:00+00:00,0.0,4.602529487043057,-328.7722466368291,337.9773056109152
2026-02-14 05:00:00+00:00,0.0,24.100357575564885,-309.27441854830727,357.47513369943704
2026-02-14 06:00:00+00:00,8.564249999999674,59.62205675377777,-273.7527193700944,392.9968328776499
2026-02-14 07:00:00+00:00,154.98649999999998,334.5834734687355,1.208697344863367,667.9582495926079
2026-02-14 08:00:00+00:00,491.5905,977.7814630625662,644.4066869386938,1311.1562391864386
2026-02-14 09:00:00+00:00,888.9455,1590.261625728151,1256.886849604279,1923.6364018520235
2026-02-14 10:00:00+00:00,1224.62575,2234.941577637126,1901.566801513254,2568.3163537609985
2026-02-14 11:00:00+00:00,1316.10725,2447.770390391344,2114.3956142674715,2781.1451665152163
2026-02-14 12:00:00+00:00,1211.4785000000002,2445.0099229523044,2111.635146828432,2778.3846990761767
2026-02-14 13:00:00+00:00,922.2945,2041.0838718616947,1707.7090957378223,2374.458647985567
2026-02-14 14:00:00+00:00,608.6804999999999,1252.8175916434468,919.4428155195744,1586.1923677673192
2026-02-14 15:00:00+00:00,279.9135000000001,551.7194394566541,218.3446633327817,885.0942155805263
2026-02-14 16:00:00+00:00,38.60725000000002,88.8999857592571,-244.47479036461505,422.27476188312926
2026-02-14 17:00:00+00:00,0.025249999999687134,-2.5429701821142316,-335.9177463059864,330.8318059417579
2026-02-14 18:00:00+00:00,0.0,-1.989737983888972,-335.3645141077609,331.3850381399832
2026-02-14 19:00:00+00:00,0.0,-1.6869511412166958,-335.0617272650893,331.6878249826559
2026-02-14 20:00:00+00:00,0.0,1.4109142967909065,-331.9638618270815,334.7856904206633
2026-02-14 21:00:00+00:00,0.0,2.151767435740112,-331.22300868813204,335.52654355961226
2026-02-14 22:00:00+00:00,0.0,2.879907394236625,-330.4948687296355,336.2546835181088
2026-02-14 23:00:00+00:00,0.0,2.151767435740112,-331.22300868813204,335.52654355961226
2026-02-15 00:00:00+00:00,0.0,-2.2821846657554943,-335.65696078962765,331.09259145811666
2026-02-15 01:00:00+00:00,0.0,-3.4077805295369217,-336.7825566534093,329.96699559433523
2026-02-15 02:00:00+00:00,0.0,-3.023037804704927,-336.3978139285773,330.3517383191677
2026-02-15 03:00:00+00:00,0.0,-3.023037804704927,-336.3978139285773,330.3517383191677
2026-02-15 04:00:00+00:00,0.0,3.266442823555053,-330.1083333003173,336.6412189474272
2026-02-15 05:00:00+00:00,0.0,24.16266949527403,-309.2121066285986,357.5374456191464
2026-02-15 06:00:00+00:00,7.376500000000078,61.153361770932634,-272.2214143529395,394.5281378948048
2026-02-15 07:00:00+00:00,720.97475,480.68298854147224,147.30821241759986,814.0577646653445
2026-02-15 08:00:00+00:00,2469.02625,1709.9947464481534,1376.619970324281,2043.3695225720257
2026-02-15 09:00:00+00:00,4262.665,2914.8658914418875,2581.4911153180155,3248.2406675657603
2026-02-15 10:00:00+00:00,5381.1015,4222.075682865077,3888.700906741206,4555.45045898895
2026-02-15 11:00:00+00:00,5668.623250000001,4693.523166669864,4360.148390545992,5026.8979427937375
2026-02-15 12:00:00+00:00,5576.991250000001,4526.384667630829,4193.0098915069575,4859.759443754701
2026-02-15 13:00:00+00:00,4142.01675,3569.6620887290105,3236.287312605138,3903.036864852883
2026-02-15 14:00:00+00:00,1847.03925,1994.39252774036,1661.0177516164877,2327.7673038642324
2026-02-15 15:00:00+00:00,537.87475,869.1998480786053,535.825071954733,1202.5746242024775
2026-02-15 16:00:00+00:00,28.912000000000035,89.16951404462998,-244.20526207924217,422.54429016850236
2026-02-15 17:00:00+00:00,0.012500000000045475,-3.879056845602463,-337.2538329694744,329.4957192782697
2026-02-15 18:00:00+00:00,0.0,-3.325824647376976,-336.70060077124936,330.0489514764952
2026-02-15 19:00:00+00:00,0.0,-3.023037804704927,-336.3978139285773,330.3517383191677
2026-02-15 20:00:00+00:00,0.0,-3.023037804704927,-336.3978139285773,330.3517383191677
2026-02-15 21:00:00+00:00,0.0,-3.023037804704927,-336.3978139285773,330.3517383191677
2026-02-15 22:00:00+00:00,0.0,-3.023037804704927,-336.3978139285773,330.3517383191677
2026-02-15 23:00:00+00:00,0.0,-3.023037804704927,-336.3978139285773,330.3517383191677
2026-02-16 00:00:00+00:00,0.0,-3.023037804704927,-336.3978139285773,330.3517383191677
2026-02-16 01:00:00+00:00,0.0,-3.023037804704927,-336.3978139285773,330.3517383191677
2026-02-16 02:00:00+00:00,0.0,-3.023037804704927,-336.3978139285773,330.3517383191677
2026-02-16 03:00:00+00:00,0.0,-3.023037804704927,-336.3978139285773,330.3517383191677
2026-02-16 04:00:00+00:00,0.0,3.266442823555053,-330.1083333003173,336.6412189474272
2026-02-16 05:00:00+00:00,0.0,22.764270912076654,-310.6105052117955,356.1390470359488
2026-02-16 06:00:00+00:00,6.6215000000001965,75.4271668949475,-257.94760922892465,408.8019430188199
2026-02-16 07:00:00+00:00,236.13824999999997,551.1361450330701,217.7613689091977,884.5109211569423
2026-02-16 08:00:00+00:00,1052.72675,1581.9337814044097,1248.5590052805373,1915.308557528282
2026-02-16 09:00:00+00:00,1946.45425,2725.842996412428,2392.468220288555,3059.2177725363
2026-02-16 10:00:00+00:00,2625.274,3849.7985664122293,3516.423790288357,4183.173342536102
2026-02-16 11:00:00+00:00,3030.19325,4136.372484749181,3802.9977086253093,4469.747260873053
2026-02-16 12:00:00+00:00,2884.713,3660.6832283780705,3327.3084522541976,3994.058004501943
2026-02-16 13:00:00+00:00,2091.52475,2731.939375609661,2398.5645994857887,3065.3141517335334
2026-02-16 14:00:00+00:00,1305.391,1636.3562115009272,1302.9814353770548,1969.7309876247996
2026-02-16 15:00:00+00:00,705.5657499999999,828.1028048943728,494.7280287705005,1161.477581018245
2026-02-16 16:00:00+00:00,113.1927499999997,121.71201676860687,-211.66275935526528,455.08679289247925
2026-02-16 17:00:00+00:00,0.4855000000000018,4.799692353207092,-328.5750837706655,338.1744684770795
2026-02-16 18:00:00+00:00,0.0989999999999327,0.5128939295798318,-332.8618821942928,333.8876700534522
2026-02-16 19:00:00+00:00,0.0,-2.5849715084277705,-335.95974763230015,330.7898046154446
2026-02-16 20:00:00+00:00,0.0,-3.023037804704927,-336.3978139285773,330.3517383191677
2026-02-16 21:00:00+00:00,0.0,-3.023037804704927,-336.3978139285773,330.3517383191677
2026-02-16 22:00:00+00:00,0.0,0.07482763330267517,-333.2999484905697,333.44960375717505
2026-02-16 23:00:00+00:00,0.0,0.8156807722518806,-332.5590953516203,334.19045689612426
2026-02-17 00:00:00+00:00,0.0,0.8156807722518806,-332.5590953516203,334.19045689612426
2026-02-17 01:00:00+00:00,0.0,-2.2821846657554943,-335.65696078962765,331.09259145811666
2026-02-17 02:00:00+00:00,0.0,0.07482763330267517,-333.2999484905697,333.44960375717505
2026-02-17 03:00:00+00:00,0.0,-2.2821846657554943,-335.65696078962765,331.09259145811666
2026-02-17 04:00:00+00:00,0.0,4.664841406752203,-328.7099347171202,338.0396175306246
2026-02-17 05:00:00+00:00,0.0,24.903522634223236,-308.4712534896489,358.2782987580954
2026-02-17 06:00:00+00:00,12.38474999999994,89.74575689748099,-243.62901922639116,423.12053302135337
2026-02-17 07:00:00+00:00,410.94124999999985,591.7439925496649,258.3692164257925,925.1187686735371
2026-02-17 08:00:00+00:00,1142.14625,1651.7427816832494,1318.368005559377,1985.1175578071216
2026-02-17 09:00:00+00:00,2034.8310000000001,2761.6314836678193,2428.256707543947,3095.0062597916913
2026-02-17 10:00:00+00:00,2949.37925,3671.409067206061,3338.0342910821882,4004.7838433299335
2026-02-17 11:00:00+00:00,3612.43325,3883.053798344506,3549.6790222206337,4216.428574468378
2026-02-17 12:00:00+00:00,3719.973,3927.8010778840317,3594.4263017601593,4261.1758540079045
2026-02-17 13:00:00+00:00,3317.83225,3294.462751301145,2961.0879751772727,3627.8375274250175
2026-02-17 14:00:00+00:00,2225.051,2121.427018753585,1788.0522426297127,2454.8017948774573
2026-02-17 15:00:00+00:00,1029.81825,951.3648754772995,617.9900993534272,1284.7396516011718
2026-02-17 16:00:00+00:00,158.29875000000015,149.67488919016182,-183.69988693371056,483.0496653140342
2026-02-17 17:00:00+00:00,0.49624999999991815,6.819452222264317,-326.55532390160806,340.1942283461367
2026-02-17 18:00:00+00:00,0.07975000000010368,0.5128939295798318,-332.8618821942928,333.8876700534522
2026-02-17 19:00:00+00:00,0.0,0.5128939295798318,-332.8618821942928,333.8876700534522
2026-02-17 20:00:00+00:00,0.0,-2.2821846657554943,-335.65696078962765,331.09259145811666
2026-02-17 21:00:00+00:00,0.0,-3.023037804704927,-336.3978139285773,330.3517383191677
2026-02-17 22:00:00+00:00,0.0,-3.023037804704927,-336.3978139285773,330.3517383191677
2026-02-17 23:00:00+00:00,0.0,-3.023037804704927,-336.3978139285773,330.3517383191677
2026-02-18 00:00:00+00:00,0.0,-3.023037804704927,-336.3978139285773,330.3517383191677
2026-02-18 01:00:00+00:00,0.0,-3.023037804704927,-336.3978139285773,330.3517383191677
2026-02-18 02:00:00+00:00,0.0,-3.023037804704927,-336.3978139285773,330.3517383191677
2026-02-18 03:00:00+00:00,0.0,-3.023037804704927,-336.3978139285773,330.3517383191677
2026-02-18 04:00:00+00:00,0.0,3.266442823555053,-330.1083333003173,336.6412189474272
2026-02-18 05:00:00+00:00,0.0,22.764270912076654,-310.6105052117955,356.1390470359488
2026-02-18 06:00:00+00:00,46.194999999999936,93.60243624250597,-239.77233988136618,426.97721236637835
2026-02-18 07:00:00+00:00,545.93975,592.4766468974858,259.1018707736132,925.8514230213581
2026-02-18 08:00:00+00:00,1388.5195,1425.0145709277517,1091.6397948038793,1758.3893470516239
2026-02-18 09:00:00+00:00,3005.89225,2450.4708494938973,2117.096073370025,2783.8456256177697
2026-02-18 10:00:00+00:00,4728.28825,3320.35533244585,2986.9805563219775,3653.730108569722
2026-02-18 11:00:00+00:00,5339.6272500000005,3630.4657819109766,3297.091005787104,3963.840558034849
2026-02-18 12:00:00+00:00,5547.0895,3494.388567510686,3161.0137913868134,3827.7633436345577
2026-02-18 13:00:00+00:00,4730.91475,2916.1042142993183,2582.729438175446,3249.47899042319
2026-02-18 14:00:00+00:00,3009.917,1968.140474971717,1634.7656988478448,2301.5152510955895
2026-02-18 15:00:00+00:00,1076.6502500000001,856.6644841469256,523.2897080230532,1190.039260270798
2026-02-18 16:00:00+00:00,142.09850000000006,97.95344383891302,-235.4213322849596,431.32821996278517
2026-02-18 17:00:00+00:00,0.08224999999993088,-1.017099397388165,-334.3918755212608,332.3576767264842
2026-02-18 18:00:00+00:00,0.0,-3.325824647376976,-336.70060077124936,330.0489514764952
2026-02-18 19:00:00+00:00,0.0,-3.325824647376976,-336.70060077124936,330.0489514764952
2026-02-18 20:00:00+00:00,0.0,-3.023037804704927,-336.3978139285773,330.3517383191677
2026-02-18 21:00:00+00:00,0.0,-3.023037804704927,-336.3978139285773,330.3517383191677
2026-02-18 22:00:00+00:00,0.0,-3.023037804704927,-336.3978139285773,330.3517383191677
2026-02-18 23:00:00+00:00,0.0,-3.023037804704927,-336.3978139285773,330.3517383191677
2026-02-19 00:00:00+00:00,0.0,-3.023037804704927,-336.3978139285773,330.3517383191677
2026-02-19 01:00:00+00:00,0.0,-3.023037804704927,-336.3978139285773,330.3517383191677
2026-02-19 02:00:00+00:00,0.0,-3.023037804704927,-336.3978139285773,330.3517383191677
2026-02-19 03:00:00+00:00,0.0,-3.023037804704927,-336.3978139285773,330.3517383191677
2026-02-19 04:00:00+00:00,0.0,3.266442823555053,-330.1083333003173,336.6412189474272
2026-02-19 05:00:00+00:00,0.0,22.764270912076654,-310.6105052117955,356.1390470359488
2026-02-19 06:00:00+00:00,10.141999999999825,93.60243624250597,-239.77233988136618,426.97721236637835
2026-02-19 07:00:00+00:00,145.587,592.4766468974858,259.1018707736132,925.8514230213581
2026-02-19 08:00:00+00:00,458.07524999999987,1458.8703897874616,1125.4956136635892,1792.2451659113337
2026-02-19 09:00:00+00:00,998.0162500000001,2438.4290611608226,2105.05428503695,2771.803837284695
2026-02-19 10:00:00+00:00,1406.01625,3096.2197113479383,2762.844935224066,3429.5944874718107
2026-02-19 11:00:00+00:00,1770.72725,3380.9485225960852,3047.573746472213,3714.3232987199576
2026-02-19 12:00:00+00:00,1962.6625,3416.485486957371,3083.110710833498,3749.8602630812434
2026-02-19 13:00:00+00:00,1746.339,2849.197194714247,2515.8224185903746,3182.5719708381193
2026-02-19 14:00:00+00:00,1170.18275,1925.319861219263,1591.9450850953906,2258.694637343135
2026-02-19 15:00:00+00:00,576.1334999999999,900.9023249933226,567.5275488694504,1234.277101117195
2026-02-19 16:00:00+00:00,114.28199999999993,118.59187643081623,-214.78289969305592,451.9666525546886
2026-02-19 17:00:00+00:00,0.24624999999969077,-1.189297003467118,-334.5640731273397,332.1854791204055
2026-02-19 18:00:00+00:00,0.0,-3.325824647376976,-336.70060077124936,330.0489514764952
2026-02-19 19:00:00+00:00,0.0,-3.023037804704927,-336.3978139285773,330.3517383191677
2026-02-19 20:00:00+00:00,0.0,0.07482763330267517,-333.2999484905697,333.44960375717505
2026-02-19 21:00:00+00:00,0.0,1.5438207307483935,-331.83095539312376,334.91859685462055
2026-02-19 22:00:00+00:00,0.0,1.5438207307483935,-331.83095539312376,334.91859685462055
2026-02-19 23:00:00+00:00,0.0,1.5438207307483935,-331.83095539312376,334.91859685462055
2026-02-20 00:00:00+00:00,0.0,0.8156807722518806,-332.5590953516203,334.19045689612426
2026-02-20 01:00:00+00:00,0.0,1.5438207307483935,-331.83095539312376,334.91859685462055
2026-02-20 02:00:00+00:00,0.0,1.5438207307483935,-331.83095539312376,334.91859685462055
2026-02-20 03:00:00+00:00,0.0,0.8156807722518806,-332.5590953516203,334.19045689612426
2026-02-20 04:00:00+00:00,0.0,4.007295962504259,-329.3674801613681,337.38207208637664
2026-02-20 05:00:00+00:00,0.0,45.67823069261681,-287.69654543125534,379.05300681648896
2026-02-20 06:00:00+00:00,25.914749999999913,150.3570353599796,-183.01774076389256,483.73181148385197
2026-02-20 07:00:00+00:00,439.76,648.7757840399536,315.4010079160812,982.150560163826
2026-02-20 08:00:00+00:00,1326.23875,1647.6205647432353,1314.2457886193629,1980.9953408671076
2026-02-20 09:00:00+00:00,2179.07425,2614.8378427237217,2281.4630665998493,2948.212618847594
2026-02-20 10:00:00+00:00,2324.87725,3491.4112359168766,3158.0364597930047,3824.7860120407486
2026-02-20 11:00:00+00:00,2065.3565,3860.112062077035,3526.7372859531624,4193.486838200907
2026-02-20 12:00:00+00:00,1531.97625,3643.806366885813,3310.431590761941,3977.1811430096855
2026-02-20 13:00:00+00:00,1089.01925,2808.103834059144,2474.729057935271,3141.478610183016
2026-02-20 14:00:00+00:00,725.2655,1786.0742844180631,1452.6995082941908,2119.4490605419355
2026-02-20 15:00:00+00:00,365.0339999999999,853.3775302708625,520.0027541469904,1186.752306394735
2026-02-20 16:00:00+00:00,65.09899999999993,226.59183234643092,-106.78294377744123,559.9666084703033
2026-02-20 17:00:00+00:00,0.0,-1.189297003467118,-334.5640731273397,332.1854791204055
2026-02-20 18:00:00+00:00,0.0,-3.325824647376976,-336.70060077124936,330.0489514764952
2026-02-20 19:00:00+00:00,0.0,-3.023037804704927,-336.3978139285773,330.3517383191677
2026-02-20 20:00:00+00:00,0.0,-3.023037804704927,-336.3978139285773,330.3517383191677
2026-02-20 21:00:00+00:00,0.0,-3.023037804704927,-336.3978139285773,330.3517383191677
2026-02-20 22:00:00+00:00,0.0,-3.023037804704927,-336.3978139285773,330.3517383191677
2026-02-20 23:00:00+00:00,0.0,-3.023037804704927,-336.3978139285773,330.3517383191677
2026-02-21 00:00:00+00:00,0.0,1.4109142967909065,-331.9638618270815,334.7856904206633
2026-02-21 01:00:00+00:00,0.0,-0.9460980022672629,-334.32087412613964,332.4286781216049
2026-02-21 02:00:00+00:00,0.0,-1.6869511412166958,-335.0617272650893,331.6878249826559
2026-02-21 03:00:00+00:00,0.0,2.1390542552874194,-331.2357218685852,335.5138303791598
2026-02-21 04:00:00+00:00,0.0,6.741781209189639,-326.6329949146825,340.1165573330618
2026-02-21 05:00:00+00:00,0.0,26.239609297711468,-307.1351668261607,359.6143854215836
2026-02-21 06:00:00+00:00,20.49375000000009,131.65705736221616,-201.71771876165622,465.0318334860883
2026-02-21 07:00:00+00:00,312.14250000000015,803.7966795129696,470.4219033890972,1137.171455636842
2026-02-21 08:00:00+00:00,841.7852499999999,2059.809353625066,1726.4345775011936,2393.184129748938
2026-02-21 09:00:00+00:00,1551.6599999999999,3463.8594960695204,3130.484719945648,3797.234272193393
2026-02-21 10:00:00+00:00,2170.72325,4611.858087814908,4278.483311691036,4945.23286393878
2026-02-21 11:00:00+00:00,2305.66475,4962.814101411632,4629.439325287759,5296.188877535504
2026-02-21 12:00:00+00:00,1964.4155,4431.602558926128,4098.227782802256,4764.977335050001
2026-02-21 13:00:00+00:00,1284.51625,3382.8573288110706,3049.482552687198,3716.232104934943
2026-02-21 14:00:00+00:00,811.64725,2305.6806577012662,1972.305881577394,2639.0554338251386
2026-02-21 15:00:00+00:00,397.9877499999998,1046.2326520170445,712.8578758931724,1379.607428140917
2026-02-21 16:00:00+00:00,64.59875000000011,275.57049373718314,-57.80428238668924,608.9452698610555
2026-02-21 17:00:00+00:00,0.6422500000001037,30.173538787143116,-303.20123733672904,363.54831491101527
2026-02-21 18:00:00+00:00,0.0,9.317373547624129,-324.0574025762485,342.6921496714965
2026-02-21 19:00:00+00:00,0.0,-1.6869511412166958,-335.0617272650893,331.6878249826559
2026-02-21 20:00:00+00:00,0.0,-1.6869511412166958,-335.0617272650893,331.6878249826559
2026-02-21 21:00:00+00:00,0.0,-1.6869511412166958,-335.0617272650893,331.6878249826559
2026-02-21 22:00:00+00:00,0.0,-1.6869511412166958,-335.0617272650893,331.6878249826559
2026-02-21 23:00:00+00:00,0.0,-1.6869511412166958,-335.0617272650893,331.6878249826559
2026-02-22 00:00:00+00:00,0.0,-3.023037804704927,-336.3978139285773,330.3517383191677
2026-02-22 01:00:00+00:00,0.0,-3.023037804704927,-336.3978139285773,330.3517383191677
2026-02-22 02:00:00+00:00,0.0,-3.023037804704927,-336.3978139285773,330.3517383191677
2026-02-22 03:00:00+00:00,0.0,-3.023037804704927,-336.3978139285773,330.3517383191677
2026-02-22 04:00:00+00:00,0.0,3.266442823555053,-330.1083333003173,336.6412189474272
2026-02-22 05:00:00+00:00,0.0,22.764270912076654,-310.6105052117955,356.1390470359488
2026-02-22 06:00:00+00:00,11.148500000000013,102.01629988713762,-231.35847623673453,435.39107601101
2026-02-22 07:00:00+00:00,226.45900000000006,732.5220302538563,399.14725412998405,1065.8968063777288
2026-02-22 08:00:00+00:00,684.8510000000001,1796.0069018501076,1462.6321257262352,2129.38167797398
2026-02-22 09:00:00+00:00,1280.234,2945.4126600436202,2612.0378839197483,3278.7874361674926
2026-02-22 10:00:00+00:00,1809.404,3875.7612843542843,3542.386508230412,4209.136060478157
2026-02-22 11:00:00+00:00,2143.5285,4349.172745318896,4015.797969195023,4682.547521442768
2026-02-22 12:00:00+00:00,1885.89775,4214.508822787038,3881.134046663166,4547.88359891091
2026-02-22 13:00:00+00:00,1571.20625,3230.0601639502775,2896.6853878264055,3563.4349400741503
2026-02-22 14:00:00+00:00,1047.4337500000001,2079.652908263272,1746.2781321393995,2413.0276843871443
2026-02-22 15:00:00+00:00,477.22400000000016,1012.7797710794626,679.4049949555904,1346.154547203335
2026-02-22 16:00:00+00:00,66.32275000000004,255.20952794612913,-78.16524817774302,588.5843040700015
2026-02-22 17:00:00+00:00,0.7217499999999291,-0.11112365615349518,-333.48589978002565,333.26365246771866
2026-02-22 18:00:00+00:00,0.0,-3.023037804704927,-336.3978139285773,330.3517383191677
2026-02-22 19:00:00+00:00,0.0,-3.023037804704927,-336.3978139285773,330.3517383191677
2026-02-22 20:00:00+00:00,0.0,-3.023037804704927,-336.3978139285773,330.3517383191677
2026-02-22 21:00:00+00:00,0.0,-3.023037804704927,-336.3978139285773,330.3517383191677
2026-02-22 22:00:00+00:00,0.0,-3.023037804704927,-336.3978139285773,330.3517383191677
2026-02-22 23:00:00+00:00,0.0,-3.023037804704927,-336.3978139285773,330.3517383191677
2026-02-23 00:00:00+00:00,0.0,0.07482763330267517,-333.2999484905697,333.44960375717505
2026-02-23 01:00:00+00:00,0.0,0.8156807722518806,-332.5590953516203,334.19045689612426
2026-02-23 02:00:00+00:00,0.0,0.8156807722518806,-332.5590953516203,334.19045689612426
2026-02-23 03:00:00+00:00,0.0,-2.2821846657554943,-335.65696078962765,331.09259145811666
2026-02-23 04:00:00+00:00,0.0,4.664841406752203,-328.7099347171202,338.0396175306246
2026-02-23 05:00:00+00:00,0.0,23.505124051026087,-309.8696520728465,356.87990017489847
2026-02-23 06:00:00+00:00,39.766000000000304,102.01629988713762,-231.35847623673453,435.39107601101
2026-02-23 07:00:00+00:00,557.3797500000001,814.5770497751735,481.2022736513011,1147.9518258990456
2026-02-23 08:00:00+00:00,1516.1775,1776.4780981601689,1443.1033220362965,2109.8528742840413
2026-02-23 09:00:00+00:00,2414.557,3002.8063332675,2669.431557143628,3336.181109391373
2026-02-23 10:00:00+00:00,3141.97525,3777.144711614335,3443.7699354904626,4110.519487738207
2026-02-23 11:00:00+00:00,3433.1485,4148.467829010704,3815.0930528868316,4481.842605134576
2026-02-23 12:00:00+00:00,3610.5069999999996,3794.1188313674475,3460.7440552435755,4127.49360749132
2026-02-23 13:00:00+00:00,3462.4492499999997,2874.933169662398,2541.5583935385257,3208.3079457862705
2026-02-23 14:00:00+00:00,2247.07275,1949.720118579321,1616.3453424554486,2283.0948947031934
2026-02-23 15:00:00+00:00,1032.17225,1004.9158633974404,671.5410872735681,1338.2906395213126
2026-02-23 16:00:00+00:00,186.86950000000002,264.98163907075104,-68.39313705312111,598.3564151946232
2026-02-23 17:00:00+00:00,0.23875000000020918,1.8257312705190998,-331.5490448533533,335.20050739439125
2026-02-23 18:00:00+00:00,0.003249999999979991,-0.227959209369601,-333.6027353332415,333.14681691450255
2026-02-23 19:00:00+00:00,0.0,0.5128939295798318,-332.8618821942928,333.8876700534522
2026-02-23 20:00:00+00:00,0.0,0.8156807722518806,-332.5590953516203,334.19045689612426
2026-02-23 21:00:00+00:00,0.0,-2.2821846657554943,-335.65696078962765,331.09259145811666
2026-02-23 22:00:00+00:00,0.0,-3.023037804704927,-336.3978139285773,330.3517383191677
2026-02-23 23:00:00+00:00,0.0,-3.023037804704927,-336.3978139285773,330.3517383191677
2026-02-24 00:00:00+00:00,0.0,-3.023037804704927,-336.3978139285773,330.3517383191677
2026-02-24 01:00:00+00:00,0.0,-3.023037804704927,-336.3978139285773,330.3517383191677
2026-02-24 02:00:00+00:00,0.0,-3.023037804704927,-336.3978139285773,330.3517383191677
2026-02-24 03:00:00+00:00,0.0,-3.023037804704927,-336.3978139285773,330.3517383191677
2026-02-24 04:00:00+00:00,0.0,3.266442823555053,-330.1083333003173,336.6412189474272
2026-02-24 05:00:00+00:00,0.0,22.764270912076654,-310.6105052117955,356.1390470359488
2026-02-24 06:00:00+00:00,23.229499999999916,102.01629988713762,-231.35847623673453,435.39107601101
2026-02-24 07:00:00+00:00,389.70849999999996,617.1703256995606,283.79554957568826,950.545101823433
2026-02-24 08:00:00+00:00,1013.7845,1284.4429633893596,951.0681872654875,1617.817739513232
2026-02-24 09:00:00+00:00,1722.9455,2202.4205096591104,1869.0457335352382,2535.795285782983
2026-02-24 10:00:00+00:00,2435.069,3030.5489070359367,2697.1741309120644,3363.923683159809
2026-02-24 11:00:00+00:00,2713.508,3436.1365319100973,3102.761755786225,3769.5113080339697
2026-02-24 12:00:00+00:00,2480.24175,3440.8243082953395,3107.4495321714676,3774.199084419212
2026-02-24 13:00:00+00:00,1983.9257499999999,2894.0986084590054,2560.723832335133,3227.4733845828778
2026-02-24 14:00:00+00:00,1311.742,1986.884461919942,1653.5096857960698,2320.2592380438145
2026-02-24 15:00:00+00:00,653.7465,1024.371367209854,690.9965910859818,1357.7461433337264
2026-02-24 16:00:00+00:00,137.5854999999999,276.02999251221036,-57.344783611662024,609.4047686360827
2026-02-24 17:00:00+00:00,1.2870000000000346,11.168860232717634,-322.20591589115475,344.54363635659024
2026-02-24 18:00:00+00:00,0.05199999999990723,0.5128939295798318,-332.8618821942928,333.8876700534522
2026-02-24 19:00:00+00:00,0.0,0.8156807722518806,-332.5590953516203,334.19045689612426
2026-02-24 20:00:00+00:00,0.0,0.8156807722518806,-332.5590953516203,334.19045689612426
2026-02-24 21:00:00+00:00,0.0,0.8156807722518806,-332.5590953516203,334.19045689612426
2026-02-24 22:00:00+00:00,0.0,0.8156807722518806,-332.5590953516203,334.19045689612426
2026-02-24 23:00:00+00:00,0.0,0.8156807722518806,-332.5590953516203,334.19045689612426
2026-02-25 00:00:00+00:00,0.0,0.8156807722518806,-332.5590953516203,334.19045689612426
2026-02-25 01:00:00+00:00,0.0,0.8156807722518806,-332.5590953516203,334.19045689612426
2026-02-25 02:00:00+00:00,0.0,-2.2821846657554943,-335.65696078962765,331.09259145811666
2026-02-25 03:00:00+00:00,0.0,-3.023037804704927,-336.3978139285773,330.3517383191677
2026-02-25 04:00:00+00:00,0.0,4.664841406752203,-328.7099347171202,338.0396175306246
2026-02-25 05:00:00+00:00,0.0017499999999017746,23.505124051026087,-309.8696520728465,356.87990017489847
2026-02-25 06:00:00+00:00,117.75700000000006,103.55541475153609,-229.8193613723363,436.93019087540847
2026-02-25 07:00:00+00:00,1068.181,656.2546436637422,322.87986753987,989.6294197876146
2026-02-25 08:00:00+00:00,2700.59275,1452.0573853295812,1118.6826092057088,1785.4321614534533
2026-02-25 09:00:00+00:00,4626.4115,2496.4318269027845,2163.057050778912,2829.806603026657
2026-02-25 10:00:00+00:00,6590.73875,3384.8746420281186,3051.4998659042462,3718.2494181519905
2026-02-25 11:00:00+00:00,8294.92225,4225.728997608647,3892.3542214847744,4559.103773732519
2026-02-25 12:00:00+00:00,9037.31975,3909.199284226099,3575.8245081022264,4242.574060349971
2026-02-25 13:00:00+00:00,8387.42975,3074.725118174134,2741.350342050262,3408.099894298007
2026-02-25 14:00:00+00:00,6232.518,2034.3188537740307,1700.9440776501583,2367.693629897903
2026-02-25 15:00:00+00:00,3107.8965,986.0457781946352,652.6710020707628,1319.4205543185076
2026-02-25 16:00:00+00:00,535.8944999999999,266.83290697035795,-66.54186915351443,600.2076830942303
2026-02-25 17:00:00+00:00,7.443749999999909,9.014158510455445,-324.3606176134167,342.3889346343276
2026-02-25 18:00:00+00:00,1.7442499999999654,0.5128939295798318,-332.8618821942928,333.8876700534522
2026-02-25 19:00:00+00:00,0.0,1.1212713358197561,-332.2535047880524,334.49604745969214
2026-02-25 20:00:00+00:00,0.0,1.4240581784920323,-331.95071794538035,334.79883430236464
2026-02-25 21:00:00+00:00,0.0,1.4240581784920323,-331.95071794538035,334.79883430236464
2026-02-25 22:00:00+00:00,0.0,1.4240581784920323,-331.95071794538035,334.79883430236464
2026-02-25 23:00:00+00:00,0.0,1.4240581784920323,-331.95071794538035,334.79883430236464
2026-02-26 00:00:00+00:00,0.0,1.4240581784920323,-331.95071794538035,334.79883430236464
2026-02-26 01:00:00+00:00,0.0,1.4240581784920323,-331.95071794538035,334.79883430236464
2026-02-26 02:00:00+00:00,0.0,0.8156807722518806,-332.5590953516203,334.19045689612426
2026-02-26 03:00:00+00:00,0.0,0.8156807722518806,-332.5590953516203,334.19045689612426
2026-02-26 04:00:00+00:00,0.0,19.66693412022596,-313.7078420036462,353.0417102440981
2026-02-26 05:00:00+00:00,0.009250000000292857,39.54855116767271,-293.82622495619967,372.9233272915453
2026-02-26 06:00:00+00:00,171.28549999999996,183.08813972505004,-150.2866363988221,516.4629158489224
2026-02-26 07:00:00+00:00,1486.98025,1176.2310106110754,842.8562344872029,1509.6057867349475
2026-02-26 08:00:00+00:00,3377.62575,2744.3553887007147,2410.9806125768423,3077.7301648245866
2026-02-26 09:00:00+00:00,5668.8997500000005,4192.540426733699,3859.165650609827,4525.915202857572
2026-02-26 10:00:00+00:00,7810.976249999999,5261.654888489674,4928.280112365801,5595.029664613547
2026-02-26 11:00:00+00:00,8941.00425,5584.5512969120355,5251.176520788163,5917.926073035907
2026-02-26 12:00:00+00:00,8745.4725,5349.334313094636,5015.959536970762,5682.709089218508
2026-02-26 13:00:00+00:00,7639.823,4208.672428587139,3875.2976524632663,4542.047204711011
2026-02-26 14:00:00+00:00,5546.05325,2877.157131538653,2543.782355414781,3210.5319076625256
2026-02-26 15:00:00+00:00,2795.04375,1376.5377547623584,1043.162978638486,1709.9125308862308
2026-02-26 16:00:00+00:00,581.1289999999999,305.22270813701107,-28.152067986861084,638.5974842608832
2026-02-26 17:00:00+00:00,4.615000000000009,13.641104379433955,-319.7336717444384,347.01588050330633
2026-02-26 18:00:00+00:00,0.9682499999998981,0.5128939295798318,-332.8618821942928,333.8876700534522
2026-02-26 19:00:00+00:00,0.0,0.5128939295798318,-332.8618821942928,333.8876700534522
2026-02-26 20:00:00+00:00,0.0,1.5438207307483935,-331.83095539312376,334.91859685462055
2026-02-26 21:00:00+00:00,0.0,0.8156807722518806,-332.5590953516203,334.19045689612426
2026-02-26 22:00:00+00:00,0.0,1.5438207307483935,-331.83095539312376,334.91859685462055
2026-02-26 23:00:00+00:00,0.0,1.5438207307483935,-331.83095539312376,334.91859685462055
2026-02-27 00:00:00+00:00,0.0,0.8156807722518806,-332.5590953516203,334.19045689612426
2026-02-27 01:00:00+00:00,0.0,0.8156807722518806,-332.5590953516203,334.19045689612426
2026-02-27 02:00:00+00:00,0.0,0.8156807722518806,-332.5590953516203,334.19045689612426
2026-02-27 03:00:00+00:00,0.0,0.8156807722518806,-332.5590953516203,334.19045689612426
2026-02-27 04:00:00+00:00,0.0,5.405694545701408,-327.96908157817074,338.78047066957356
2026-02-27 05:00:00+00:00,0.0,24.903522634223236,-308.4712534896489,358.2782987580954
2026-02-27 06:00:00+00:00,263.04999999999995,229.6317208988762,-103.74305522499617,563.0064970227486
2026-02-27 07:00:00+00:00,2061.238,1312.6432448496137,979.2684687257414,1646.018020973486
2026-02-27 08:00:00+00:00,4994.705,3174.211817916952,2840.83704179308,3507.5865940408244
2026-02-27 09:00:00+00:00,7692.344749999999,4986.267861546969,4652.893085423096,5319.6426376708405
2026-02-27 10:00:00+00:00,9284.695499999998,6205.445416656929,5872.070640533057,6538.820192780802
2026-02-27 11:00:00+00:00,9867.598,6857.686032523597,6524.311256399725,7191.0608086474695
2026-02-27 12:00:00+00:00,9437.808,7070.580134387643,6737.20535826377,7403.954910511515
2026-02-27 13:00:00+00:00,8029.2645,6398.889694511698,6065.514918387825,6732.26447063557
2026-02-27 14:00:00+00:00,5843.84875,4602.363958248177,4268.9891821243045,4935.738734372049
2026-02-27 15:00:00+00:00,2998.03175,2204.425211663138,1871.0504355392654,2537.79998778701
2026-02-27 16:00:00+00:00,653.79775,411.2763464271434,77.90157030327123,744.6511225510156
2026-02-27 17:00:00+00:00,1.7895000000000891,13.664204494811202,-319.7105716290614,347.0389806186836
2026-02-27 18:00:00+00:00,0.0,0.3607271873163427,-333.01404893655626,333.7355033111887
2026-02-27 19:00:00+00:00,0.0,-2.5849715084277705,-335.95974763230015,330.7898046154446
2026-02-27 20:00:00+00:00,0.0,-3.023037804704927,-336.3978139285773,330.3517383191677
2026-02-27 21:00:00+00:00,0.0,-3.023037804704927,-336.3978139285773,330.3517383191677
2026-02-27 22:00:00+00:00,0.0,-3.023037804704927,-336.3978139285773,330.3517383191677
2026-02-27 23:00:00+00:00,0.0,-3.023037804704927,-336.3978139285773,330.3517383191677
