date,wind_offshore_50hz_actual,wind_offshore_50hz_fitted,wind_offshore_50hz_lower,wind_offshore_50hz_upper
2026-01-24 00:00:00+00:00,1428.0975,1012.7004303042866,456.85283913367005,1567.3809149609542
2026-01-24 01:00:00+00:00,1491.815,962.5273114265162,407.37696079652335,1517.7512238532943
2026-01-24 02:00:00+00:00,1537.0725,928.4051848412398,372.81448178109747,1483.3787136136439
2026-01-24 03:00:00+00:00,1485.8200000000002,945.196023298493,389.83247873369237,1500.4827669207257
2026-01-24 04:00:00+00:00,1410.305,900.9454850774725,345.87010616511833,1456.1967191271137
2026-01-24 05:00:00+00:00,1415.685,919.8813188077891,364.5950210270461,1475.2081692230454
2026-01-24 06:00:00+00:00,1411.44,961.9108325393968,406.83218662127206,1517.4227854133496
2026-01-24 07:00:00+00:00,1399.0349999999999,987.4325196258392,432.82904874127064,1542.8457544543735
2026-01-24 08:00:00+00:00,1359.7675,962.2940170310053,408.0117348254887,1517.6200867636207
2026-01-24 09:00:00+00:00,1207.4,993.8435333793685,439.40767302792415,1549.638079609886
2026-01-24 10:00:00+00:00,1015.5575,952.3864617846596,397.518444832186,1507.301505685656
2026-01-24 11:00:00+00:00,948.74,888.6901954985676,333.75631511611937,1443.9566820641323
2026-01-24 12:00:00+00:00,952.5325,898.5373132672994,344.7360212002174,1454.91439417804
2026-01-24 13:00:00+00:00,1050.3575,901.2665414926364,347.31802635857116,1457.1723573220788
2026-01-24 14:00:00+00:00,1308.38,1010.6995815467856,456.15697273377276,1566.4896456993265
2026-01-24 15:00:00+00:00,1468.435,992.7961281795808,438.22886698860515,1548.6031923521052
2026-01-24 16:00:00+00:00,1581.3199999999997,1027.7107229362316,473.14403113743356,1583.645520861618
2026-01-24 17:00:00+00:00,1597.1325,1033.0999638472535,478.19575048723516,1588.891337951562
2026-01-24 18:00:00+00:00,1487.92,1153.2044418375867,599.4351154205541,1709.7908861548203
2026-01-24 19:00:00+00:00,1442.8474999999999,1084.7069233471286,528.4477972450408,1639.0818287959994
2026-01-24 20:00:00+00:00,1245.575,1007.6956579279014,452.0091541052268,1562.3499875099424
2026-01-24 21:00:00+00:00,1011.315,945.2477035738461,390.13025550278707,1500.384696564306
2026-01-24 22:00:00+00:00,920.1374999999999,931.5274649368139,376.53618918358103,1486.7906302451001
2026-01-24 23:00:00+00:00,989.295,910.787344527925,355.120270799047,1466.6837985882325
2026-01-25 00:00:00+00:00,1050.0475000000001,898.9953514824797,343.5657589749064,1455.42541538742
2026-01-25 01:00:00+00:00,914.1800000000001,865.4218014246137,310.5376128658696,1421.7600918225316
2026-01-25 02:00:00+00:00,954.595,823.9381493133318,269.0147479313952,1379.4086131617976
2026-01-25 03:00:00+00:00,972.6424999999999,895.2570799337091,340.0086342768435,1450.963610456351
2026-01-25 04:00:00+00:00,1079.5,902.0853309311799,347.068059290559,1457.226255494421
2026-01-25 05:00:00+00:00,1022.055,895.2180315318403,340.3885611136698,1450.9953250195908
2026-01-25 06:00:00+00:00,900.2025,842.0532524673021,287.52371562187517,1397.776349753078
2026-01-25 07:00:00+00:00,874.2125,803.9332715126832,249.0598710546123,1359.3616108636247
2026-01-25 08:00:00+00:00,868.5074999999999,770.0189565430142,215.87336825688243,1325.8836031835654
2026-01-25 09:00:00+00:00,900.29,774.7951718923255,221.0989414936123,1331.400681302625
2026-01-25 10:00:00+00:00,983.5550000000001,842.8289903187487,288.6014471199244,1399.1247609904683
2026-01-25 11:00:00+00:00,1010.005,868.3262586953658,313.9955806293688,1424.6143840358723
2026-01-25 12:00:00+00:00,1126.0974999999999,918.0754899590863,363.87122595122764,1474.9154870063867
2026-01-25 13:00:00+00:00,1239.5025,988.3512217999237,434.25322877226586,1545.0721289809467
2026-01-25 14:00:00+00:00,1377.225,1037.672023646881,483.2794072978476,1593.9582907696747
2026-01-25 15:00:00+00:00,1462.105,1056.2925942350198,501.80380313725846,1612.6782418257283
2026-01-25 16:00:00+00:00,1676.2525,1124.4909383878849,569.6133359364143,1680.519471200145
2026-01-25 17:00:00+00:00,1709.5425,1123.0433883514374,568.1568096639694,1679.1211237808052
2026-01-25 18:00:00+00:00,1723.095,1199.9470731404494,645.8829656479204,1756.9453880466838
2026-01-25 19:00:00+00:00,1730.43,1239.488429230336,684.3143977010673,1795.8577427040332
2026-01-25 20:00:00+00:00,1727.6475,1214.2483973504532,658.6237989446123,1769.8087731678122
2026-01-25 21:00:00+00:00,1727.9325,1212.8978667633505,657.8095136402627,1768.6819081613587
2026-01-25 22:00:00+00:00,1728.8625,1209.1536305972154,654.5283828261117,1765.1071064018893
2026-01-25 23:00:00+00:00,1723.145,1239.9655200277616,684.7098902083433,1796.0467336630932
2026-01-26 00:00:00+00:00,1730.445,1427.3331153889399,870.6351204247105,1983.1861945952812
2026-01-26 01:00:00+00:00,1721.2675,1392.9210640279637,836.1981907547496,1948.1779869863296
2026-01-26 02:00:00+00:00,1723.3925,1420.723888833598,863.8483896344571,1974.9520410124333
2026-01-26 03:00:00+00:00,1725.6475,1385.5141870214352,829.5854194429462,1940.6909762588882
2026-01-26 04:00:00+00:00,1721.75,1359.0716326074098,802.5950290637801,1913.8183577580046
2026-01-26 05:00:00+00:00,1716.485,1311.048918249528,755.4866120620532,1866.2754135614082
2026-01-26 06:00:00+00:00,1718.5225,1336.2968279957486,779.6296066100309,1890.7825068279892
2026-01-26 07:00:00+00:00,1716.3125,1292.453312136961,736.5960716709379,1847.5650507029382
2026-01-26 08:00:00+00:00,1718.9,1301.942048659313,746.6177461095717,1857.7148205926837
2026-01-26 09:00:00+00:00,1720.6775,1325.5311317076291,770.7393427611668,1882.2018102284576
2026-01-26 10:00:00+00:00,1722.5425,1248.5515254444374,693.4608360493713,1803.007462801617
2026-01-26 11:00:00+00:00,1724.365,1227.7916995799617,673.6652860612709,1784.5180456695573
2026-01-26 12:00:00+00:00,1720.4425,1231.7137949104294,677.6976221264695,1788.296582319172
2026-01-26 13:00:00+00:00,1720.9199999999998,1163.0812604902376,606.8041273532518,1716.7542602533258
2026-01-26 14:00:00+00:00,1726.0525,1201.4416681897528,646.2155070958898,1757.155316386707
2026-01-26 15:00:00+00:00,1727.0,1220.8949446064398,666.715614277176,1777.472479295528
2026-01-26 16:00:00+00:00,1715.205,1196.2288152427395,641.643534262485,1752.590256277517
2026-01-26 17:00:00+00:00,1708.6475,1234.4870423621073,680.6480011555439,1791.4096677495843
2026-01-26 18:00:00+00:00,1677.5049999999999,1199.609072916608,645.2906307022063,1755.7871677024048
2026-01-26 19:00:00+00:00,1595.7,1173.3899466610405,618.799962363059,1729.9236318536023
2026-01-26 20:00:00+00:00,1505.3425,1111.5118516694788,556.2918100187243,1667.1061074550585
2026-01-26 21:00:00+00:00,1327.5950000000003,1051.5928388527439,497.57032165284556,1607.9905777354038
2026-01-26 22:00:00+00:00,1173.9,1027.5807491740875,473.441312565271,1583.7939562057772
2026-01-26 23:00:00+00:00,1122.3899999999999,1027.9528920369673,472.0986022830525,1582.6022673521238
2026-01-27 00:00:00+00:00,1122.2925,998.7598260456273,443.17972287498577,1553.6164135326953
2026-01-27 01:00:00+00:00,1040.2224999999999,920.3766622068421,364.53535766903195,1475.5427145353758
2026-01-27 02:00:00+00:00,1168.1075,847.2052513725884,291.57057288443264,1402.4459623835369
2026-01-27 03:00:00+00:00,1308.2175,902.5853809525556,347.4320896632745,1457.4139065756472
2026-01-27 04:00:00+00:00,1095.42,901.408278100602,346.0378124121695,1457.0576135990193
2026-01-27 05:00:00+00:00,1025.82,826.078286918874,271.4783885668949,1381.630046605446
2026-01-27 06:00:00+00:00,1025.6725,738.0292305836774,183.34683964099935,1293.6921798172002
2026-01-27 07:00:00+00:00,1021.475,673.801372806755,119.93947989650997,1229.9972976737015
2026-01-27 08:00:00+00:00,999.0325,739.4180244136761,185.18081849982048,1296.183524796391
2026-01-27 09:00:00+00:00,1081.755,794.2034968777954,240.39047448141162,1350.6472175197746
2026-01-27 10:00:00+00:00,966.04,799.8112219878094,246.00135981719188,1356.1328832206848
2026-01-27 11:00:00+00:00,971.1700000000001,746.4145775364036,192.20629164724602,1302.4455705808878
2026-01-27 12:00:00+00:00,1159.4575,772.4311375241269,218.60182474362983,1329.2313970578496
2026-01-27 13:00:00+00:00,1258.2925,787.8908506043965,233.63534494985578,1344.3083333511634
2026-01-27 14:00:00+00:00,1458.27,864.0208237168606,309.6706398064269,1420.4753269597418
2026-01-27 15:00:00+00:00,1499.9925,922.1026202530011,367.27137507922976,1478.090453491303
2026-01-27 16:00:00+00:00,1472.02,1005.1809093120573,450.7287428355195,1561.3581914278257
2026-01-27 17:00:00+00:00,1316.285,1015.4281412632985,460.18457857042455,1571.9054981841361
2026-01-27 18:00:00+00:00,1322.1,1023.9271468538711,468.95559524475755,1580.5996212794448
2026-01-27 19:00:00+00:00,1361.3,1056.6227118932961,502.0446149355518,1612.9900663519106
2026-01-27 20:00:00+00:00,1255.2875,1080.2865134358685,525.3149938136395,1636.0612377938198
2026-01-27 21:00:00+00:00,1137.0774999999999,1035.200371461076,480.0332771279362,1590.701810107662
2026-01-27 22:00:00+00:00,987.7625,1001.3039952037068,446.5888532278603,1557.4734328653021
2026-01-27 23:00:00+00:00,914.5375,948.0463064472383,392.62724081960926,1503.7930791746512
2026-01-28 00:00:00+00:00,1231.67,900.5264684181675,345.6757626963128,1456.7966645875692
2026-01-28 01:00:00+00:00,1409.495,934.0811574788706,379.33995817779555,1491.1904056408234
2026-01-28 02:00:00+00:00,1482.4675,1044.3568109523553,488.7262030499981,1601.2214301741328
2026-01-28 03:00:00+00:00,1495.885,1057.9026729017007,502.8724974725231,1614.2406600440702
2026-01-28 04:00:00+00:00,1554.9675,984.6348694959604,429.8191643479081,1540.330381403869
2026-01-28 05:00:00+00:00,1482.925,932.7202029130791,378.41126966127626,1489.0407182535823
2026-01-28 06:00:00+00:00,1255.7425,925.0543522542905,370.5721050083872,1480.8986604240254
2026-01-28 07:00:00+00:00,1417.68,861.3284912090883,307.5919665246621,1417.285399306618
2026-01-28 08:00:00+00:00,1538.5075,911.6716007280022,357.91669558938156,1468.291929420911
2026-01-28 09:00:00+00:00,1542.5875,966.533599746295,412.00539408881855,1523.6285808508057
2026-01-28 10:00:00+00:00,1557.2725,942.9293766410307,388.7244110171574,1499.5200160078944
2026-01-28 11:00:00+00:00,1529.945,964.1853110516581,409.9663384918798,1521.3843995933962
2026-01-28 12:00:00+00:00,1495.905,999.657234201775,445.3313234065433,1556.007504342029
2026-01-28 13:00:00+00:00,1512.5975,1015.6101621042258,460.7831511954916,1572.0379312782861
2026-01-28 14:00:00+00:00,1533.855,1033.540220538059,478.99875580279127,1589.940799906617
2026-01-28 15:00:00+00:00,1581.9475,1093.3997575099406,538.9357593067796,1649.3029173918742
2026-01-28 16:00:00+00:00,1688.6925,1109.1194514930057,554.7283225610123,1665.7063444588728
2026-01-28 17:00:00+00:00,1710.9375,1177.4253485032766,622.5112950566433,1733.5885204513847
2026-01-28 18:00:00+00:00,1719.3400000000001,1246.7496499900349,690.3065233191787,1802.6264303518951
2026-01-28 19:00:00+00:00,1705.8775,1288.7044369327427,732.75268668592,1844.7621003333556
2026-01-28 20:00:00+00:00,1713.25,1287.4852764059378,731.1088952224977,1843.6241198918915
2026-01-28 21:00:00+00:00,1700.15,1262.7912204040495,706.6901538691909,1817.4365599180633
2026-01-28 22:00:00+00:00,1710.41,1216.240005397782,659.8426870044259,1770.5889309846063
2026-01-28 23:00:00+00:00,1706.935,1191.4146088268978,635.7533637695848,1746.675724315774
2026-01-29 00:00:00+00:00,1706.9275,1243.74603151277,688.5505114350569,1800.2690245690042
2026-01-29 01:00:00+00:00,1708.7975,1297.0075049015397,741.2555665102532,1852.3942373970183
2026-01-29 02:00:00+00:00,1707.8175,1306.3306416317191,750.7388062389831,1861.7625245780189
2026-01-29 03:00:00+00:00,1713.7225,1311.2978024310073,755.5800347105045,1866.661215851957
2026-01-29 04:00:00+00:00,1706.01,1276.1535185668972,720.458838241488,1831.4258731606697
2026-01-29 05:00:00+00:00,1703.78,1222.8149049844485,666.7287878817441,1777.3797231471754
2026-01-29 06:00:00+00:00,1709.07,1164.8852396590275,609.5261155415018,1720.136467101481
2026-01-29 07:00:00+00:00,1706.2150000000001,1148.3180387424254,592.9252763760387,1704.0995089432895
2026-01-29 08:00:00+00:00,1701.29,1140.1799734104834,584.7619476924657,1695.8811957104888
2026-01-29 09:00:00+00:00,1708.355,1130.0732636383423,575.3824776897239,1685.9890291760344
2026-01-29 10:00:00+00:00,1702.2525,1124.1584364947053,568.967312178319,1679.6051395123852
2026-01-29 11:00:00+00:00,1694.2125,1156.7870032715073,601.349430198239,1711.9955845716684
2026-01-29 12:00:00+00:00,1700.9075,1134.3449799786488,578.6241123893561,1689.2831459285158
2026-01-29 13:00:00+00:00,1707.6825,1125.8405100149225,570.6208344375173,1681.303956240009
2026-01-29 14:00:00+00:00,1698.4175,1190.7687628761737,635.5976582788261,1746.2118001613237
2026-01-29 15:00:00+00:00,1701.3575,1231.8810404011479,675.826705290948,1787.3819094642129
2026-01-29 16:00:00+00:00,1702.465,1239.9454627710656,684.0504187479409,1795.0264909546204
2026-01-29 17:00:00+00:00,1704.97,1246.1382587607086,689.9265654850799,1801.225997165826
2026-01-29 18:00:00+00:00,1698.7375,1228.2583554647838,671.9132205688572,1782.6073403044877
2026-01-29 19:00:00+00:00,1705.7325,1233.8745658959006,677.8718928351891,1789.5414730082111
2026-01-29 20:00:00+00:00,1692.8825,1237.439146267132,681.2183505651276,1792.3712828523126
2026-01-29 21:00:00+00:00,1660.465,1220.5782878471819,664.3996693878323,1775.496058618034
2026-01-29 22:00:00+00:00,1644.53,1215.5160840259377,659.4707515155033,1770.2778373833157
2026-01-29 23:00:00+00:00,1631.3824999999997,1133.0637504711076,576.0356000945098,1686.3186706887798
2026-01-30 00:00:00+00:00,1585.7725,1076.4582446906184,520.53141931138,1631.471396249031
2026-01-30 01:00:00+00:00,1611.6175,1235.8466413780372,680.2641756443695,1791.8506838842804
2026-01-30 02:00:00+00:00,1644.925,1188.8439668524798,633.3842408697888,1744.3242178074397
2026-01-30 03:00:00+00:00,1636.8625000000002,1207.5318374166543,652.0537906263494,1763.0839087053882
2026-01-30 04:00:00+00:00,1602.785,1200.3654166624738,644.4817563840672,1755.4217333217182
2026-01-30 05:00:00+00:00,1599.5825,1192.0686851156347,635.9599431871954,1746.5481174426739
2026-01-30 06:00:00+00:00,1618.8575,1184.2578734947801,628.9337464971098,1739.133175083462
2026-01-30 07:00:00+00:00,1601.915,1168.342307679525,612.87829840726,1723.0133491064848
2026-01-30 08:00:00+00:00,1627.74,1153.7807820251926,598.2470518130409,1708.819143335643
2026-01-30 09:00:00+00:00,1681.6175,1169.8891403981029,614.5275107082782,1725.3237100454273
2026-01-30 10:00:00+00:00,1698.885,1162.8124488540168,607.4982386761459,1717.8682760760526
2026-01-30 11:00:00+00:00,1695.58,1156.8374718561388,601.2630021901186,1712.175803594015
2026-01-30 12:00:00+00:00,1697.9025,1160.5523435950743,605.3500246709159,1715.762853895203
2026-01-30 13:00:00+00:00,1701.4075,1163.9954436607995,608.3833129449587,1719.2292742825273
2026-01-30 14:00:00+00:00,1699.595,1196.2867485664024,641.0062699267494,1752.1202653640655
2026-01-30 15:00:00+00:00,1676.8775,1255.5824649085168,700.5888382802035,1811.2951725506837
2026-01-30 16:00:00+00:00,1634.505,1299.1263479248737,743.6519820697772,1854.0161784865197
2026-01-30 17:00:00+00:00,1676.4475,1270.7112223708623,714.6652154121595,1824.8258185991726
2026-01-30 18:00:00+00:00,1696.73,1265.2890415795391,709.2328069319991,1820.7944542933026
2026-01-30 19:00:00+00:00,1695.4125,1318.9141478090303,763.2166556542302,1873.724517907929
2026-01-30 20:00:00+00:00,1706.5675,1332.7119100250595,776.5104911391509,1887.1715894510055
2026-01-30 21:00:00+00:00,1704.13,1333.9899619378373,778.0310601485285,1888.4265456601165
2026-01-30 22:00:00+00:00,1709.7125,1338.5958854577643,782.7115943108008,1893.3136901065568
2026-01-30 23:00:00+00:00,1713.895,1345.4176532462907,789.0207122339662,1900.2202441991171
2026-01-31 00:00:00+00:00,1719.725,1333.3576817703665,781.7881885138098,1884.7033462558354
2026-01-31 01:00:00+00:00,1715.815,1339.8713347840333,787.9510846393723,1891.3588864793744
2026-01-31 02:00:00+00:00,1704.6175,1327.6377928139673,776.2367500932694,1879.6978023574084
2026-01-31 03:00:00+00:00,1697.85,1309.926388299202,758.5703185051474,1861.8464608757074
2026-01-31 04:00:00+00:00,1695.2125,1291.8572696392519,740.5333525027294,1843.6846031561338
2026-01-31 05:00:00+00:00,1706.1350000000002,1298.0413802067499,746.3338175668121,1849.9011697716044
2026-01-31 06:00:00+00:00,1705.795,1297.356194694877,745.2841494464178,1848.751636665803
2026-01-31 07:00:00+00:00,1714.9975,1303.8711650394234,751.1511654939367,1854.9305364443874
2026-01-31 08:00:00+00:00,1718.4325,1310.0207960484036,757.6169034694822,1860.8739997131509
2026-01-31 09:00:00+00:00,1717.3225,1328.727744179735,776.214100173372,1879.964392115573
2026-01-31 10:00:00+00:00,1715.41,1332.8785498874172,780.6509125138355,1883.6129337846094
2026-01-31 11:00:00+00:00,1716.9125,1343.0295126000956,790.2720640790129,1894.40502347536
2026-01-31 12:00:00+00:00,1716.8025,1424.7308427033172,874.4655702901077,1977.496425082615
2026-01-31 13:00:00+00:00,1710.7175,1387.0553490570019,833.4282414253714,1937.5812477012964
2026-01-31 14:00:00+00:00,1714.7749999999999,1395.9282412218063,844.1987243507341,1947.3539880783344
2026-01-31 15:00:00+00:00,1715.7525,1457.1657944941694,905.7052902809997,2008.8862012247246
2026-01-31 16:00:00+00:00,1709.8625,1444.770752621492,892.2466377878513,1995.9817423838858
2026-01-31 17:00:00+00:00,1709.73,1442.5134997146292,890.7519949127645,1994.0525527459365
2026-01-31 18:00:00+00:00,1712.88,1459.4528564899183,907.5675077815805,2010.9897182200853
2026-01-31 19:00:00+00:00,1710.9225,1460.2528895270234,907.6698397777162,2012.1775388303256
2026-01-31 20:00:00+00:00,1711.7924999999998,1461.879642689616,909.5428850520605,2013.1131144523538
2026-01-31 21:00:00+00:00,1713.835,1451.0568464195794,897.5111948409985,2001.838245744661
2026-01-31 22:00:00+00:00,1710.635,1428.6081542398574,875.1037297711127,1979.2494789118434
2026-01-31 23:00:00+00:00,1713.375,1388.2657348457624,834.6162997684743,1938.5342913986394
2026-02-01 00:00:00+00:00,1703.7825,1347.0263782922143,795.2073220205131,1898.9560111485964
2026-02-01 01:00:00+00:00,1709.85,1334.2892080257823,782.9705922594986,1886.6344414044254
2026-02-01 02:00:00+00:00,1695.7875,1313.7303063804877,762.5826201146232,1866.1308462747677
2026-02-01 03:00:00+00:00,1686.76,1274.4457066107545,722.4093560974669,1827.0064460891633
2026-02-01 04:00:00+00:00,1690.725,1229.9949630424676,678.2920913234211,1782.4577642347224
2026-02-01 05:00:00+00:00,1705.3925000000002,1215.4198476446804,664.4139935910714,1768.2005440955224
2026-02-01 06:00:00+00:00,1704.2024999999999,1293.2198190145234,742.7533632486942,1846.7095812359871
2026-02-01 07:00:00+00:00,1710.8775,1279.766380926003,728.3584612587995,1832.6933999958837
2026-02-01 08:00:00+00:00,1706.4775,1254.604903398518,702.7313243395283,1807.188161328867
2026-02-01 09:00:00+00:00,1709.3575,1234.8533615583874,683.1053447432105,1787.0976107877034
2026-02-01 10:00:00+00:00,1712.2175,1242.6871533131414,691.660213519946,1794.5627744264793
2026-02-01 11:00:00+00:00,1706.3975,1241.1157340276395,689.6784333719968,1792.8624496275206
2026-02-01 12:00:00+00:00,1707.7024999999999,1285.7436849156538,734.7701256032939,1838.3415361752498
2026-02-01 13:00:00+00:00,1706.2075,1273.8425743615207,722.0843284537034,1825.7756766819618
2026-02-01 14:00:00+00:00,1704.0825,1266.4516192868796,714.6765445506483,1818.0397826785259
2026-02-01 15:00:00+00:00,1700.655,1262.0025027202182,710.0382865916814,1813.5967952871506
2026-02-01 16:00:00+00:00,1701.465,1264.1771768446044,713.0123702748206,1816.2308001740043
2026-02-01 17:00:00+00:00,1691.725,1307.133627316577,755.8754596586996,1859.7172467976036
2026-02-01 18:00:00+00:00,1704.66,1314.4809825432735,763.1808604133746,1866.9746577747417
2026-02-01 19:00:00+00:00,1700.6475,1333.760270542431,782.7878008903169,1886.3747953655031
2026-02-01 20:00:00+00:00,1697.7449999999997,1340.764620967248,789.8405436051476,1892.9564256902909
2026-02-01 21:00:00+00:00,1701.05,1336.849702513557,785.3517785140693,1888.77000030882
2026-02-01 22:00:00+00:00,1699.9975,1298.0024232825867,745.7578099882357,1849.8462876840606
2026-02-01 23:00:00+00:00,1682.71,1253.7503702675617,701.5690771925051,1806.0209844530714
2026-02-02 00:00:00+00:00,1674.2,1261.3526844740632,709.3325842382844,1813.2174092428118
2026-02-02 01:00:00+00:00,1683.75,1313.7397024267375,761.8907405911323,1865.8615513224847
2026-02-02 02:00:00+00:00,1685.775,1324.2123605239726,772.6535053864172,1876.2518857006778
2026-02-02 03:00:00+00:00,1661.5,1314.48697409967,762.6553918087748,1867.07172799912
2026-02-02 04:00:00+00:00,1676.7475,1298.797174025612,746.7871695998192,1851.2041835042057
2026-02-02 05:00:00+00:00,1691.525,1301.5397410301837,750.148642618971,1854.3436773123574
2026-02-02 06:00:00+00:00,1692.1525000000001,1356.910298313149,806.1085962779064,1910.2427951374636
2026-02-02 07:00:00+00:00,1689.805,1312.7870506279846,760.049085849695,1864.9140485547482
2026-02-02 08:00:00+00:00,1683.9775,1281.2446628126734,729.0253670176003,1833.3776153761996
2026-02-02 09:00:00+00:00,1681.78,1268.0925292938568,716.4081747023811,1820.7440503457265
2026-02-02 10:00:00+00:00,1678.865,1263.4893825858758,712.2200513714937,1815.8258167354218
2026-02-02 11:00:00+00:00,1686.2375,1256.1080633792913,704.5587479495908,1808.6106255961668
2026-02-02 12:00:00+00:00,1687.1125,1249.6768896375615,698.4007572830288,1801.8003929628837
2026-02-02 13:00:00+00:00,1688.98,1300.125305152254,748.4203922281072,1851.8595837165824
2026-02-02 14:00:00+00:00,1681.9875,1342.1006670584152,790.337003562764,1894.5035269095279
2026-02-02 15:00:00+00:00,1672.085,1383.8599716557953,831.6107231872733,1936.5235189401944
2026-02-02 16:00:00+00:00,1670.31,1400.892467572815,849.0536805975125,1953.5700995950824
2026-02-02 17:00:00+00:00,1673.75,1421.4061693448157,869.9123011987665,1973.8482301910167
2026-02-02 18:00:00+00:00,1672.7575,1432.5709274190092,880.5555318391488,1985.0050029430174
2026-02-02 19:00:00+00:00,1675.365,1460.162018909004,908.0162510497084,2012.3955019874488
2026-02-02 20:00:00+00:00,1675.005,1474.4812219398452,922.3490367378356,2026.9767444437985
2026-02-02 21:00:00+00:00,1675.5049999999999,1476.2907110895558,923.7839058161596,2028.27365644951
2026-02-02 22:00:00+00:00,1675.7175,1467.0122628675913,913.7989752285321,2018.5461824140953
2026-02-02 23:00:00+00:00,1676.615,1452.316108087707,898.8541009351618,2003.825286152812
2026-02-03 00:00:00+00:00,1665.4875000000002,1428.8425358108498,876.4656445480803,1981.4655107351982
2026-02-03 01:00:00+00:00,1659.15,1414.9120996660706,862.8121674965445,1967.591751240048
2026-02-03 02:00:00+00:00,1658.7475,1394.5073007103251,842.6796071036354,1946.9256654435553
2026-02-03 03:00:00+00:00,1666.54,1362.04254502988,809.6279602576517,1913.7137118931275
2026-02-03 04:00:00+00:00,1661.5149999999999,1328.897978792122,776.45036430074,1881.1143335860902
2026-02-03 05:00:00+00:00,1665.7925,1305.164308930383,753.1316032319373,1857.6863920933622
2026-02-03 06:00:00+00:00,1666.95,1264.1306776801425,712.0054072219863,1816.6246484325945
2026-02-03 07:00:00+00:00,1668.44,1255.8620146087924,704.2423186415949,1808.892705219651
2026-02-03 08:00:00+00:00,1662.0,1247.192209288914,695.6241669825705,1800.378190895736
2026-02-03 09:00:00+00:00,1666.3125,1239.208744159574,687.6690938556158,1792.3067898488348
2026-02-03 10:00:00+00:00,1667.0925,1232.1726891583144,681.4896330138008,1784.8938383797613
2026-02-03 11:00:00+00:00,1665.0475000000001,1255.2684435006581,704.1757420520325,1808.6373306228274
2026-02-03 12:00:00+00:00,1661.855,1224.916692705936,672.72724554966,1777.3584481892756
2026-02-03 13:00:00+00:00,1671.7024999999999,1225.9674132102605,675.0642652027051,1778.5123007416696
2026-02-03 14:00:00+00:00,1672.8274999999999,1258.4091444080705,707.2149534084573,1811.1758904804806
2026-02-03 15:00:00+00:00,1678.585,1307.8668878398562,757.2657530955186,1860.6273229911878
2026-02-03 16:00:00+00:00,1678.5975,1339.6684157971222,789.2075951759822,1892.5172421696218
2026-02-03 17:00:00+00:00,1678.525,1354.753137255569,803.8843078423147,1907.3175414012137
2026-02-03 18:00:00+00:00,1669.31,1356.9226699551728,806.3193165358367,1909.4572998809901
2026-02-03 19:00:00+00:00,1663.6425,1386.120411425571,835.3838082077439,1939.2459531832833
2026-02-03 20:00:00+00:00,1664.515,1389.1808601133775,838.3537221753127,1941.4800097703917
2026-02-03 21:00:00+00:00,1667.01,1405.0638196222549,854.1440503812901,1957.478619313131
2026-02-03 22:00:00+00:00,1668.2,1412.4819708195732,860.8385005316424,1964.9784167888372
2026-02-03 23:00:00+00:00,1677.0875,1400.6125928074302,848.7087643975123,1951.984906768072
2026-02-04 00:00:00+00:00,1674.1425,1434.3229406340968,884.4934987248673,1987.6335535497783
2026-02-04 01:00:00+00:00,1672.8274999999999,1415.3863886226534,863.6485913035098,1968.4943016339143
2026-02-04 02:00:00+00:00,1671.1100000000001,1395.05595931173,843.3845745285496,1947.6458762801956
2026-02-04 03:00:00+00:00,1669.925,1375.784915349094,823.7268290033508,1928.0188869291435
2026-02-04 04:00:00+00:00,1671.7875,1389.7134333938789,837.7892017599743,1942.1015893347353
2026-02-04 05:00:00+00:00,1666.8,1360.717463903915,809.1234692618536,1912.660249707127
2026-02-04 06:00:00+00:00,1663.585,1413.6107932114685,863.2310839721654,1967.0929475596993
2026-02-04 07:00:00+00:00,1661.4375,1381.465600717966,829.6057894130955,1932.942001028328
2026-02-04 08:00:00+00:00,1666.47,1382.038547986419,830.1644748285826,1933.9840784765101
2026-02-04 09:00:00+00:00,1664.2525,1352.1184892330634,799.7710942914431,1903.7634948963753
2026-02-04 10:00:00+00:00,1658.44,1300.1253587469482,747.8319801435201,1850.9087390527502
2026-02-04 11:00:00+00:00,1662.1,1271.3902637132128,718.9024233956779,1823.4059499762768
2026-02-04 12:00:00+00:00,1659.5875,1337.9819648194764,787.0711448589614,1890.9584368010308
2026-02-04 13:00:00+00:00,1661.43,1371.58856776736,820.249567956203,1923.4797050658253
2026-02-04 14:00:00+00:00,1665.7475,1395.0316770799554,843.4877507426729,1946.6443714170061
2026-02-04 15:00:00+00:00,1664.6675,1455.95719404188,904.9118411761248,2008.1977409029096
2026-02-04 16:00:00+00:00,1661.3825000000002,1432.1627068996308,879.9249321532923,1983.129613270501
2026-02-04 17:00:00+00:00,1659.035,1406.099812177585,853.6054350415143,1957.1750375058473
2026-02-04 18:00:00+00:00,1657.1599999999999,1425.4310422600042,874.9270011361277,1978.1954316364713
2026-02-04 19:00:00+00:00,1635.28,1430.1489025388096,878.8506088181767,1982.6679180579738
2026-02-04 20:00:00+00:00,1666.2350000000001,1419.031613091664,866.6076380075613,1970.8780867914106
2026-02-04 21:00:00+00:00,1662.03,1380.6721887236522,828.5467619242545,1931.8286570916703
2026-02-04 22:00:00+00:00,1663.225,1342.5813144878805,790.9552255817736,1894.7305052353406
2026-02-04 23:00:00+00:00,1658.93,1282.9640133176117,730.8508701303435,1835.0340101271242
2026-02-05 00:00:00+00:00,1663.4975,1366.7881713678426,816.6363169073537,1919.388986194752
2026-02-05 01:00:00+00:00,1666.1100000000001,1393.5166538103726,842.5863599283161,1945.6333169932489
2026-02-05 02:00:00+00:00,1671.0625,1351.4542794808644,800.1868152540926,1903.7721945855199
2026-02-05 03:00:00+00:00,1672.0325000000003,1355.605213357439,804.8408981171765,1907.991404888421
2026-02-05 04:00:00+00:00,1665.76,1370.9100102886787,819.7031282611579,1923.466583603798
2026-02-05 05:00:00+00:00,1657.3775,1339.7483945677945,788.0303367460264,1892.3424024569913
2026-02-05 06:00:00+00:00,1663.0525,1359.913324914011,809.2912289627284,1912.7486158694674
2026-02-05 07:00:00+00:00,1661.6425,1367.7292217015417,816.1567976356774,1920.1815068306591
2026-02-05 08:00:00+00:00,1663.3374999999999,1344.579371371969,792.5976659921936,1896.563684411883
2026-02-05 09:00:00+00:00,1666.6025,1328.8014065142074,776.6908741549122,1879.8067562400554
2026-02-05 10:00:00+00:00,1661.82,1323.0287274171842,771.6808022407982,1875.4954132927214
2026-02-05 11:00:00+00:00,1667.8075,1299.37863700751,746.3246895410664,1850.3962402290936
2026-02-05 12:00:00+00:00,1668.3475,1260.5474947097146,707.7998239043832,1812.3393886661988
2026-02-05 13:00:00+00:00,1667.755,1224.6099777919076,672.4703345474198,1777.313973935118
2026-02-05 14:00:00+00:00,1661.0549999999998,1277.1973948409807,725.7888407066216,1830.124716349967
2026-02-05 15:00:00+00:00,1655.1325000000002,1260.0878747338065,708.2647330803882,1812.894418516605
2026-02-05 16:00:00+00:00,1646.5975,1279.1905333661316,728.1836076441602,1833.1578697939258
2026-02-05 17:00:00+00:00,1650.9075,1226.9515832399234,673.4353078690306,1778.8346517083812
2026-02-05 18:00:00+00:00,1640.065,1284.4620448644318,733.6693938341314,1836.6802646383305
2026-02-05 19:00:00+00:00,1584.67,1329.3585713057855,778.5771877429029,1881.0836313117675
2026-02-05 20:00:00+00:00,1398.875,1320.664745511699,768.9521225330571,1873.0940832430601
2026-02-05 21:00:00+00:00,1350.8925,1272.0553033823894,719.1227323178114,1823.9659946008524
2026-02-05 22:00:00+00:00,1383.8325,1235.9354824362517,684.3648462728025,1788.8669377062113
2026-02-05 23:00:00+00:00,1394.2525,1187.9447857595922,636.2776042371579,1739.58924009906
2026-02-06 00:00:00+00:00,1367.935,1268.4706254744324,718.3021058960878,1821.490679628001
2026-02-06 01:00:00+00:00,1383.5775,1245.9794168687058,695.4037756771082,1798.5500473378893
2026-02-06 02:00:00+00:00,1438.8625,1188.4851472280336,637.1599693557381,1740.2394875641596
2026-02-06 03:00:00+00:00,1500.7575,1145.9586674709792,594.4542773442716,1698.317480559294
2026-02-06 04:00:00+00:00,1482.2275,1144.6375459083388,594.2492615047158,1697.4940482545367
2026-02-06 05:00:00+00:00,1430.6475,1120.6719472724658,569.7898015008526,1673.1452291700296
2026-02-06 06:00:00+00:00,1326.955,1064.9036900865515,513.8636783610516,1617.0282759439556
2026-02-06 07:00:00+00:00,1236.3899999999999,974.3645078990062,422.78506931681056,1526.5439310480488
2026-02-06 08:00:00+00:00,1347.4425,933.4510689489043,382.5948484685491,1486.1430746286937
2026-02-06 09:00:00+00:00,1320.4025,929.1707123906597,378.74995554320304,1481.991025734467
2026-02-06 10:00:00+00:00,1259.46,964.0630832682136,413.7123949777283,1516.9231318299398
2026-02-06 11:00:00+00:00,1183.775,948.6659297962849,398.150992098603,1501.7673516646628
2026-02-06 12:00:00+00:00,1110.4725,926.9480244165983,375.30727598936073,1479.6884272521036
2026-02-06 13:00:00+00:00,1104.46,951.2347313300686,399.5472028866549,1504.8619200552994
2026-02-06 14:00:00+00:00,1191.8725,985.7758374799633,433.73980780149276,1539.9193761950871
2026-02-06 15:00:00+00:00,1315.2925,1091.2435161484023,540.1951168527273,1646.026848542402
2026-02-06 16:00:00+00:00,1436.0175,1111.5385724888627,560.3303813027093,1666.078421558633
2026-02-06 17:00:00+00:00,1408.5175,1097.9257149003301,546.0503433279796,1651.404704855988
2026-02-06 18:00:00+00:00,1448.2224999999999,1099.1038778815807,548.2352108505166,1652.6410597863953
2026-02-06 19:00:00+00:00,1456.0774999999999,1101.495827403704,550.0695495544742,1654.3925924661155
2026-02-06 20:00:00+00:00,1418.1575,1066.416522153746,514.7647366527489,1618.3256351425857
2026-02-06 21:00:00+00:00,1329.415,1020.4272308985544,468.9362387810238,1572.2046692813678
2026-02-06 22:00:00+00:00,1208.4475,982.686918946858,431.3127994191502,1534.7455615169367
2026-02-06 23:00:00+00:00,1116.0075,958.2247448472228,407.21441181744706,1510.3302939025903
2026-02-07 00:00:00+00:00,1165.8125,939.7185809138807,390.96231344821547,1488.4995851529472
2026-02-07 01:00:00+00:00,1203.3400000000001,956.5903832604564,408.1698175780538,1504.7167069125662
2026-02-07 02:00:00+00:00,1158.2125,931.3029238756321,383.2043476517891,1479.4401160467419
2026-02-07 03:00:00+00:00,1145.94,898.5176649991488,350.1964009713753,1446.6707275661402
2026-02-07 04:00:00+00:00,1176.2024999999999,879.1014430328114,331.5905200753023,1427.1782808212654
2026-02-07 05:00:00+00:00,1227.67,908.4640633316827,360.54885401878516,1456.2891442037571
2026-02-07 06:00:00+00:00,1360.5675,967.8879452283127,418.67085790479587,1515.9613507299123
2026-02-07 07:00:00+00:00,1408.4025000000001,956.8280165583344,408.690269765002,1504.950628545942
2026-02-07 08:00:00+00:00,1372.3,943.5193752193225,395.7214627935685,1491.1957298527104
2026-02-07 09:00:00+00:00,1345.2825,915.2676257436558,367.4137343537619,1463.1963184895621
2026-02-07 10:00:00+00:00,1285.5774999999999,898.4716102709658,350.7407740764301,1446.462473321194
2026-02-07 11:00:00+00:00,1211.2825,916.3654106828209,368.2370267397347,1464.3368745666007
2026-02-07 12:00:00+00:00,1217.33,953.519941657278,405.6450515328174,1501.6908352099022
2026-02-07 13:00:00+00:00,1254.81,971.6823218776852,423.88719120054566,1519.7688400778377
2026-02-07 14:00:00+00:00,1211.4175,993.3021641895798,445.0424170039146,1541.349643234606
2026-02-07 15:00:00+00:00,1105.5725,988.1267131026439,440.0258689543293,1536.15049180203
2026-02-07 16:00:00+00:00,1094.8225,1015.0004419047848,466.1628116070547,1563.5704451544452
2026-02-07 17:00:00+00:00,1179.955,1064.5349762958335,515.6550832169089,1612.5471823381154
2026-02-07 18:00:00+00:00,1352.5275,1034.5220680013192,486.34454412085455,1581.622718813227
2026-02-07 19:00:00+00:00,1448.8225,1130.5930152577107,582.4080717665564,1678.4085601077322
2026-02-07 20:00:00+00:00,1428.685,1119.8517507400588,572.1579051654946,1667.4792012236287
2026-02-07 21:00:00+00:00,1321.535,1161.158364553929,613.2774123766633,1709.2710966338766
2026-02-07 22:00:00+00:00,1210.78,1168.6810068743616,620.2314541135893,1716.733853728776
2026-02-07 23:00:00+00:00,1161.79,1126.6476855945225,578.4197010025995,1674.8960942406845
2026-02-08 00:00:00+00:00,1200.02,1072.3191634751101,525.6079627037861,1621.4832258569995
2026-02-08 01:00:00+00:00,1203.9650000000001,1022.9762941756223,476.1546207819317,1571.6658402146163
2026-02-08 02:00:00+00:00,1061.0425,986.9055481431427,440.3327446746996,1535.5447098481159
2026-02-08 03:00:00+00:00,950.975,946.515188965368,399.86378693126926,1495.1516572264745
2026-02-08 04:00:00+00:00,932.0325,958.1570188848718,411.2922374788425,1506.7714257623472
2026-02-08 05:00:00+00:00,966.3225,946.9598370434189,400.2781409901751,1495.7220338803015
2026-02-08 06:00:00+00:00,938.375,880.8976268795943,333.39952138198726,1429.9207983391805
2026-02-08 07:00:00+00:00,921.0525,958.3303001511433,411.42396153155,1506.6770111293438
2026-02-08 08:00:00+00:00,955.5875,967.9687249948432,421.35933844138196,1516.6321657306519
2026-02-08 09:00:00+00:00,1059.4425,982.0857379632057,435.31948944075765,1531.2694691924567
2026-02-08 10:00:00+00:00,1093.3425,1018.4411627469515,472.12814101679055,1567.4916328539277
2026-02-08 11:00:00+00:00,1286.285,1026.4919287766247,479.5460766818645,1575.6830373900054
2026-02-08 12:00:00+00:00,1454.2375,1057.5224620003612,511.19239486194516,1606.5780455066526
2026-02-08 13:00:00+00:00,1520.4375,1104.972574442862,558.0058645060369,1653.6482300149057
2026-02-08 14:00:00+00:00,1574.49,1147.52759769679,600.7745029513841,1696.2247938050957
2026-02-08 15:00:00+00:00,1592.545,1182.2463136873366,635.2854330765913,1730.9179300627793
2026-02-08 16:00:00+00:00,1592.5775,1205.3509523866478,658.7817084452936,1754.0455215164866
2026-02-08 17:00:00+00:00,1600.135,1220.9652816740477,674.0794890178059,1769.8077420397665
2026-02-08 18:00:00+00:00,1551.115,1197.3028523759142,650.4827184446182,1746.3695828157552
2026-02-08 19:00:00+00:00,1491.675,1158.3036767112499,611.3187934526626,1706.9843212527824
2026-02-08 20:00:00+00:00,1344.7675,1098.081615246249,551.4171027715461,1647.3281306533886
2026-02-08 21:00:00+00:00,1152.16,1063.7249201239938,517.0248303316436,1613.1911420661397
2026-02-08 22:00:00+00:00,862.9,1012.4392593872344,465.8617101181504,1561.388825576768
2026-02-08 23:00:00+00:00,692.9225,957.5364114850969,410.981521473729,1506.6844813977832
2026-02-09 00:00:00+00:00,657.8050000000001,922.1080743798789,372.3003609578242,1469.2942035818535
2026-02-09 01:00:00+00:00,552.4225,848.4968151368208,299.2325842159685,1396.347604886741
2026-02-09 02:00:00+00:00,567.245,792.6792073336891,243.69893768988908,1341.0197490638957
2026-02-09 03:00:00+00:00,488.545,730.6415841840612,182.1100132793042,1279.0788563155297
2026-02-09 04:00:00+00:00,418.94500000000005,679.7892813994741,131.43122319686455,1228.5526920098714
2026-02-09 05:00:00+00:00,411.685,660.2461335101701,112.06509247906303,1208.5189895847047
2026-02-09 06:00:00+00:00,404.9975,647.6668534194274,98.6034426728815,1196.4207130297145
2026-02-09 07:00:00+00:00,425.105,707.2874064365564,158.6104455911077,1255.7617697495707
2026-02-09 08:00:00+00:00,438.9175,713.507036022887,164.1017850534996,1262.1205473502603
2026-02-09 09:00:00+00:00,408.0,738.4795981672207,189.09448675610702,1286.4879360160226
2026-02-09 10:00:00+00:00,385.9,698.6570530457822,148.83873603684066,1246.9225129401188
2026-02-09 11:00:00+00:00,315.1125,609.2258604727214,59.615202601662304,1156.498359437653
2026-02-09 12:00:00+00:00,263.85,546.6216597506573,-2.99052758502728,1093.7612801980001
2026-02-09 13:00:00+00:00,237.7575,461.46693293022145,-88.4415626936509,1009.1448351162011
2026-02-09 14:00:00+00:00,251.27750000000003,362.0424867451496,-188.14127776776002,910.0870643628482
2026-02-09 15:00:00+00:00,223.85750000000002,322.69808632395467,-226.68520911972564,870.6177187026435
2026-02-09 16:00:00+00:00,212.79250000000002,322.1505936194991,-227.12376056420464,869.8700820598247
2026-02-09 17:00:00+00:00,241.09749999999997,349.2783159058566,-199.90710415062426,897.2440525911215
2026-02-09 18:00:00+00:00,262.155,345.59942366363634,-203.18851393317675,893.9218549943002
2026-02-09 19:00:00+00:00,265.8875,414.8684994926904,-134.06901085662912,962.7999806424848
2026-02-09 20:00:00+00:00,311.1675,414.1124210820818,-134.81364689252598,963.0508814194853
2026-02-09 21:00:00+00:00,343.1775,421.5474176575485,-127.23879308165886,970.4489187256527
2026-02-09 22:00:00+00:00,324.5925,489.74450569950864,-58.82121194083379,1038.244794975268
2026-02-09 23:00:00+00:00,277.005,500.9259982140388,-47.65687663554297,1049.8075414203527
2026-02-10 00:00:00+00:00,213.76999999999998,430.2264848679364,-118.33668636946277,978.2172318196297
2026-02-10 01:00:00+00:00,162.8125,371.7578899325233,-177.92912909699044,920.0688222282104
2026-02-10 02:00:00+00:00,110.52750000000003,346.16891855308427,-203.61747343882348,894.7245971100311
2026-02-10 03:00:00+00:00,91.01999999999998,360.40704178242754,-189.23245789300086,908.8893325240635
2026-02-10 04:00:00+00:00,92.94499999999994,333.32298446418565,-215.7095461102541,881.5159929413002
2026-02-10 05:00:00+00:00,97.70249999999999,289.44907022322906,-259.4220339504766,837.5477181462982
2026-02-10 06:00:00+00:00,125.29750000000001,212.74816707121926,-336.0449526229485,760.835829372434
2026-02-10 07:00:00+00:00,181.13,252.67407076155007,-296.2530310744605,800.8859398977684
2026-02-10 08:00:00+00:00,181.02999999999997,251.62409368862586,-297.0579978691834,799.8030251147354
2026-02-10 09:00:00+00:00,176.5775,246.4043871309549,-302.33432473193477,794.3210731731131
2026-02-10 10:00:00+00:00,187.27999999999997,246.97175235514476,-301.67596040321075,795.2431729250412
2026-02-10 11:00:00+00:00,190.40999999999997,265.13770160020516,-283.27228053057786,813.3901443762511
2026-02-10 12:00:00+00:00,163.7575,254.7191893511203,-293.9805339881739,802.806849294822
2026-02-10 13:00:00+00:00,155.43,232.4986787784589,-315.6731810338928,780.7043561578046
2026-02-10 14:00:00+00:00,186.5725,280.11841905185605,-269.4237334970055,828.8938075390892
2026-02-10 15:00:00+00:00,213.04500000000002,374.3710551840652,-175.0230033885906,922.9485584257961
2026-02-10 16:00:00+00:00,204.6775,459.1508059715121,-90.31305575726299,1007.9924925676612
2026-02-10 17:00:00+00:00,261.48,571.4199061123722,21.78180723125365,1120.5877798973395
2026-02-10 18:00:00+00:00,268.35749999999996,644.252327490159,94.57114425585519,1193.7077308572007
2026-02-10 19:00:00+00:00,255.3625,591.4724249684584,42.68995692924818,1140.5568117987223
2026-02-10 20:00:00+00:00,247.3025,591.4806483384385,43.125657593012534,1140.0325046096755
2026-02-10 21:00:00+00:00,277.6325,539.1891270632618,-9.272572598901547,1087.849535250839
2026-02-10 22:00:00+00:00,341.7425,458.32326198802383,-89.12625181390672,1007.1132949437949
2026-02-10 23:00:00+00:00,326.22249999999997,488.82620064670436,-59.176354646261416,1037.5596405650258
2026-02-11 00:00:00+00:00,260.4625,577.7010713511518,28.039446032795922,1125.0741324407295
2026-02-11 01:00:00+00:00,282.0125,591.3322759306852,41.63993616623952,1139.0107588748392
2026-02-11 02:00:00+00:00,310.90999999999997,608.5458877091974,58.66832659769318,1156.5255668133395
2026-02-11 03:00:00+00:00,282.77250000000004,557.2901948069068,8.062462859274774,1105.0261333147128
2026-02-11 04:00:00+00:00,255.46000000000004,525.081840631924,-23.88813340421882,1073.4888172576511
2026-02-11 05:00:00+00:00,250.85500000000002,484.66156204019944,-63.8525155032371,1032.676547644971
2026-02-11 06:00:00+00:00,330.5025,602.0512843174765,52.99769579529186,1150.565924012884
2026-02-11 07:00:00+00:00,422.005,616.8921096514905,68.32457381284894,1165.1855967967676
2026-02-11 08:00:00+00:00,449.7825,577.1510513982747,28.801944431382367,1125.6431444616223
2026-02-11 09:00:00+00:00,404.97,510.5521028907753,-38.24355115738649,1059.5568558303748
2026-02-11 10:00:00+00:00,387.9075,467.38527535480944,-81.338511806621,1016.7797591546887
2026-02-11 11:00:00+00:00,434.05,450.66090409252945,-98.40314490682704,999.3972620809341
2026-02-11 12:00:00+00:00,507.015,577.2940085487709,28.385224200775724,1125.6773840433011
2026-02-11 13:00:00+00:00,512.2325000000001,582.7633340605466,33.43466398483315,1131.944982582972
2026-02-11 14:00:00+00:00,617.8725,601.9223527831371,52.82472474983615,1150.4895198057325
2026-02-11 15:00:00+00:00,641.755,568.3675743709043,18.759823030470557,1116.5392580056596
2026-02-11 16:00:00+00:00,669.4175,630.7191753388219,80.7597832021172,1178.941441450143
2026-02-11 17:00:00+00:00,830.875,745.8170669524116,195.9861334013512,1294.4982401802754
2026-02-11 18:00:00+00:00,826.0875000000001,799.6081487578969,250.26781674710747,1348.8957493247613
2026-02-11 19:00:00+00:00,811.235,862.7760224669634,313.51803736821654,1411.7234350389717
2026-02-11 20:00:00+00:00,830.83,884.7829792228611,335.17895062899623,1433.8383188033044
2026-02-11 21:00:00+00:00,926.38,899.5159968889517,350.4298478078224,1448.5447292269762
2026-02-11 22:00:00+00:00,987.1675,934.2403058517878,385.38746063256053,1482.7727822817092
2026-02-11 23:00:00+00:00,998.025,924.3960804333599,376.8534224412222,1472.77185796431
2026-02-12 00:00:00+00:00,1098.725,894.7119130986862,345.5124095038438,1441.9533857775987
2026-02-12 01:00:00+00:00,1201.0175,925.5099863532924,375.6536583892853,1473.02024171654
2026-02-12 02:00:00+00:00,1306.3600000000001,938.4363536080484,389.72757885264866,1485.8017922023873
2026-02-12 03:00:00+00:00,1429.785,972.0839720195677,422.7418345122873,1519.31453658748
2026-02-12 04:00:00+00:00,1486.0025,977.5043228741166,428.58789303200047,1524.9833540743793
2026-02-12 05:00:00+00:00,1520.55,1003.1105651403368,455.03268505743097,1550.4851465702009
2026-02-12 06:00:00+00:00,1544.1475,1045.3167127433624,497.1069088449892,1593.3690492518251
2026-02-12 07:00:00+00:00,1547.7425,1063.1792466958736,515.0794456007743,1611.5855576150745
2026-02-12 08:00:00+00:00,1540.7225,1090.981066921835,543.1350881188052,1639.0455499425577
2026-02-12 09:00:00+00:00,1530.425,1084.9310988337813,536.9667487639085,1633.5067062669814
2026-02-12 10:00:00+00:00,1573.2024999999999,1114.3770108832823,566.0930155226525,1662.794118451739
2026-02-12 11:00:00+00:00,1600.04,1144.5164898129774,596.2459702466851,1692.8618141621241
2026-02-12 12:00:00+00:00,1609.455,1193.309162764604,644.8859792260231,1741.1233197392073
2026-02-12 13:00:00+00:00,1613.02,1239.4298242260954,691.7073854793921,1787.5456855309608
2026-02-12 14:00:00+00:00,1613.2925,1306.8478868574834,759.5088958744855,1855.3260560241306
2026-02-12 15:00:00+00:00,1609.595,1348.8975646904653,801.6829957308231,1897.6703250851585
2026-02-12 16:00:00+00:00,1614.4025,1367.8708826308825,820.2965582229874,1916.7056453458633
2026-02-12 17:00:00+00:00,1615.5225,1393.8241413073656,846.1493120772685,1942.9041313642722
2026-02-12 18:00:00+00:00,1601.1125,1383.7028236846818,836.9615603089999,1932.9867465603331
2026-02-12 19:00:00+00:00,1602.5375,1414.9640725299673,868.5462423532938,1964.3413846679587
2026-02-12 20:00:00+00:00,1598.315,1390.2995239070156,843.5525049535424,1939.4022753282618
2026-02-12 21:00:00+00:00,1606.375,1426.8001209204645,879.1826647115672,1975.5544306060553
2026-02-12 22:00:00+00:00,1613.4875,1443.5869005568475,895.071407549656,1992.2103785218849
2026-02-12 23:00:00+00:00,1617.0149999999999,1435.0637316662478,886.5187602872359,1984.4262781666162
2026-02-13 00:00:00+00:00,1611.175,1421.4354865176483,873.2451528314239,1970.072903515908
2026-02-13 01:00:00+00:00,1604.1825,1454.261471816831,906.4454433172407,2002.7313566044295
2026-02-13 02:00:00+00:00,1607.7075,1412.5904656557786,863.8793068654139,1960.5501802445533
2026-02-13 03:00:00+00:00,1599.98,1375.9617536561836,827.6569041219183,1923.5009196407661
2026-02-13 04:00:00+00:00,1587.475,1353.223598861129,804.4915837813445,1900.7358303666126
2026-02-13 05:00:00+00:00,1572.1399999999999,1360.655969168467,812.2144290218898,1907.9171024209816
2026-02-13 06:00:00+00:00,1532.295,1310.280721319744,762.1329815930156,1857.88421182747
2026-02-13 07:00:00+00:00,1485.5525,1251.2196530221267,703.2679938934546,1798.6190330695495
2026-02-13 08:00:00+00:00,1477.4099999999999,1206.0778881291717,658.2568338598034,1753.4409922426107
2026-02-13 09:00:00+00:00,1459.7025,1164.347747649756,616.8830963351444,1712.4236104062932
2026-02-13 10:00:00+00:00,1409.345,1146.0648069825302,598.410179347517,1693.6854275938579
2026-02-13 11:00:00+00:00,1350.1725000000001,1123.367445929383,575.0875247840108,1671.9684227417786
2026-02-13 12:00:00+00:00,1261.5774999999999,1161.7114204225786,613.2778793419853,1709.2232292847264
2026-02-13 13:00:00+00:00,1112.7124999999999,1106.308283147572,557.5835018128255,1654.8030528413412
2026-02-13 14:00:00+00:00,1001.14,1043.7328264898943,495.3014639871203,1592.1040221784551
2026-02-13 15:00:00+00:00,1007.405,1016.8768588310826,468.09845137879404,1564.9594743627126
2026-02-13 16:00:00+00:00,951.3775,1025.6681378464739,477.3254909095331,1574.0099225871331
2026-02-13 17:00:00+00:00,1004.8824999999999,1020.1119287724016,471.0802938970163,1569.1534676520791
2026-02-13 18:00:00+00:00,1016.5225,1038.7819893221374,489.9921004855684,1587.6990881799
2026-02-13 19:00:00+00:00,1070.5825,1015.4941989601572,466.2876049167751,1564.5275355815847
2026-02-13 20:00:00+00:00,1090.6025,976.9382199165927,428.1447437336277,1525.9071851842386
2026-02-13 21:00:00+00:00,905.15,925.7154417144061,377.61760072562436,1474.8213697021456
2026-02-13 22:00:00+00:00,779.03,865.9007312484493,318.0825911243217,1414.5731171192172
2026-02-13 23:00:00+00:00,658.935,800.6694573026809,253.52436032557375,1349.257249024518
2026-02-14 00:00:00+00:00,591.8475,708.0164851428991,165.09921031831715,1251.2183392480756
2026-02-14 01:00:00+00:00,580.1625,683.4318760744965,140.97893734487207,1228.761662930708
2026-02-14 02:00:00+00:00,632.8025,691.3263999229396,148.40495111923354,1236.7083019483582
2026-02-14 03:00:00+00:00,602.2049999999999,750.6038100587314,207.7271862671098,1295.668630363797
2026-02-14 04:00:00+00:00,602.5325,704.2639949110369,161.51077498395,1249.1675379973788
2026-02-14 05:00:00+00:00,667.83,719.8798361920716,177.2146235024723,1265.0093611806333
2026-02-14 06:00:00+00:00,770.1875,624.7780305330994,80.88273765017072,1167.5829629224604
2026-02-14 07:00:00+00:00,784.8275,552.4699050231256,8.77571707768891,1096.8113913724005
2026-02-14 08:00:00+00:00,861.055,532.6030806868746,-10.90508993076503,1077.0375046540432
2026-02-14 09:00:00+00:00,935.74,508.0040974677677,-35.398139998757074,1052.0847692804723
2026-02-14 10:00:00+00:00,788.0925,515.1459403357759,-28.38891239908014,1059.0037530759032
2026-02-14 11:00:00+00:00,607.6575,545.5835373615005,2.558531921758913,1089.6654720837046
2026-02-14 12:00:00+00:00,537.495,500.9376548095576,-43.0059090555892,1044.1856172434505
2026-02-14 13:00:00+00:00,494.885,483.3844611310036,-60.34090474805271,1027.6889881504683
2026-02-14 14:00:00+00:00,402.1425,581.4984391415769,37.864666943350585,1125.3459757821229
2026-02-14 15:00:00+00:00,405.925,589.1130219309201,45.3754009787267,1133.7003220398678
2026-02-14 16:00:00+00:00,346.36,611.779929967315,68.37516114644268,1156.709900511853
2026-02-14 17:00:00+00:00,343.3025,605.5695866427407,61.90924084510857,1149.5317237271338
2026-02-14 18:00:00+00:00,362.3325,560.3456458646673,16.586631387428724,1102.6792818537924
2026-02-14 19:00:00+00:00,282.7375,536.8538576694273,-6.514908553795067,1081.2230762258125
2026-02-14 20:00:00+00:00,214.3,516.4653993718825,-27.605841232559328,1059.506300305766
2026-02-14 21:00:00+00:00,178.60249999999996,444.70396365557406,-99.51473477404443,987.5963238042496
2026-02-14 22:00:00+00:00,151.2625,408.0553118934058,-135.15608449003525,952.2019858412336
2026-02-14 23:00:00+00:00,160.6825,327.21439468960426,-217.38830409891727,870.0360498374694
2026-02-15 00:00:00+00:00,144.13,405.4319348209719,-139.45991567959186,949.1358162215068
2026-02-15 01:00:00+00:00,99.60000000000002,344.96100717833025,-198.5658676098676,888.3358696346099
2026-02-15 02:00:00+00:00,58.05499999999995,237.56886279500634,-306.8598398765888,780.9937091499769
2026-02-15 03:00:00+00:00,18.70500000000004,70.92807484620096,-473.61515452234585,614.4700764121086
2026-02-15 04:00:00+00:00,3.3075000000000045,-104.41960960874565,-652.4598902536475,436.04345938764493
2026-02-15 05:00:00+00:00,3.9349999999999454,-75.8100764338941,-618.291181447689,469.790534285828
2026-02-15 06:00:00+00:00,1.6399999999999864,-103.14278023325357,-649.2052889457029,440.1454367935006
2026-02-15 07:00:00+00:00,0.0,-145.16599892972556,-689.0343307861488,400.4928724002483
2026-02-15 08:00:00+00:00,0.009999999999990905,-191.71794085603335,-734.4036882793473,354.32646516209513
2026-02-15 09:00:00+00:00,0.19000000000005457,-251.97128055418023,-789.4376488865662,297.6038159398011
2026-02-15 10:00:00+00:00,3.25750000000005,-350.33814732983194,-887.7967918936188,199.33734371525907
2026-02-15 11:00:00+00:00,7.017500000000041,-220.60312632192597,-766.9357708721466,323.4468341130309
2026-02-15 12:00:00+00:00,13.717499999999973,-176.07238260312647,-721.2459265025998,368.1889307268583
2026-02-15 13:00:00+00:00,43.710000000000036,-29.481312516386993,-576.4320877106711,512.9906400164931
2026-02-15 14:00:00+00:00,82.55999999999995,245.3770286008762,-301.7593636465284,787.0085916693317
2026-02-15 15:00:00+00:00,242.5974999999999,208.7579527961118,-335.5399299800781,751.6602230226702
2026-02-15 16:00:00+00:00,500.6575,455.6841671927169,-88.80509090090516,998.0051950827924
2026-02-15 17:00:00+00:00,707.0175,678.4099148383991,134.25615540098073,1221.549149249789
2026-02-15 18:00:00+00:00,911.9875,816.0839931828402,272.62667884613086,1359.7852159448325
2026-02-15 19:00:00+00:00,1010.87,892.9867148074384,349.57104778503583,1437.6989614475879
2026-02-15 20:00:00+00:00,1299.195,925.4818065914651,382.69724832386106,1470.1294407554901
2026-02-15 21:00:00+00:00,1451.8225,1066.620644447389,522.8303285392028,1611.3668517808946
2026-02-15 22:00:00+00:00,1502.8925,1136.9291804621566,593.4081071876889,1682.0230583174928
2026-02-15 23:00:00+00:00,1516.8025,1147.644299404762,604.2333691174923,1692.55467075767
2026-02-16 00:00:00+00:00,1502.51,1149.3727755257296,605.9331202797066,1693.2781256361632
2026-02-16 01:00:00+00:00,1546.22,1154.38150411058,611.7577503120806,1698.222646563135
2026-02-16 02:00:00+00:00,1563.085,1167.1530492055485,624.2624840899639,1711.2754612191113
2026-02-16 03:00:00+00:00,1588.97,1171.425420393453,628.3386383443694,1715.2740409067812
2026-02-16 04:00:00+00:00,1601.5375,1250.1300558052849,706.44342696187,1793.6909617466615
2026-02-16 05:00:00+00:00,1599.1324999999997,1266.3763644991182,723.1367346261397,1810.0474698373764
2026-02-16 06:00:00+00:00,1595.7024999999999,1213.9530452176512,668.7984766651845,1756.9364747122981
2026-02-16 07:00:00+00:00,1602.8,1226.9693929323703,683.3778581905276,1770.6163545771105
2026-02-16 08:00:00+00:00,1597.6025,1285.8110198557627,742.0681329754253,1829.1210952708168
2026-02-16 09:00:00+00:00,1596.0825,1320.6216255632705,776.6833790304244,1863.3152118914481
2026-02-16 10:00:00+00:00,1598.075,1353.3145606276235,808.9213867738754,1897.0203458304247
2026-02-16 11:00:00+00:00,1604.75,1359.1677002502784,814.1553584998351,1902.9919361507887
2026-02-16 12:00:00+00:00,1603.2875,1342.7640772942254,797.5261372543854,1886.4207683421437
2026-02-16 13:00:00+00:00,1603.0275,1342.7038723193625,797.4706339174921,1886.410075975119
2026-02-16 14:00:00+00:00,1592.6399999999999,1363.185580124254,818.5936701253271,1907.5734801553456
2026-02-16 15:00:00+00:00,1590.925,1386.6706714373818,842.2152522672488,1930.9406437431817
2026-02-16 16:00:00+00:00,1578.99,1400.0255829750681,855.4570040269107,1944.2625905248995
2026-02-16 17:00:00+00:00,1584.6775,1428.1891633140262,884.5409347141583,1971.7794311007415
2026-02-16 18:00:00+00:00,1585.44,1416.5390081601236,871.0521317116281,1960.016854773946
2026-02-16 19:00:00+00:00,1558.635,1385.1903307528075,840.0016390155726,1928.0434622791602
2026-02-16 20:00:00+00:00,1437.115,1348.0518822243769,802.8574090421812,1890.3476652226877
2026-02-16 21:00:00+00:00,1179.42,1290.9505168119754,745.9024315629886,1833.4961711894507
2026-02-16 22:00:00+00:00,1012.5649999999999,1207.0523177194514,661.1796038516178,1749.668456262685
2026-02-16 23:00:00+00:00,847.6575,1116.273215901107,570.7548798846972,1658.8373713451178
2026-02-17 00:00:00+00:00,738.4825000000001,986.3894657149447,440.76499574416096,1528.6916588600736
2026-02-17 01:00:00+00:00,737.725,911.5649767126232,367.8712798611733,1455.1431187080261
2026-02-17 02:00:00+00:00,626.225,858.7267464215814,315.0971567853437,1402.6052772256837
2026-02-17 03:00:00+00:00,561.1825,799.5654622552843,255.78811226020343,1343.0545849325545
2026-02-17 04:00:00+00:00,459.97749999999996,760.6387122635421,217.59077996648,1305.0867334896147
2026-02-17 05:00:00+00:00,375.3325,711.236666396454,167.62560153617056,1254.959319046959
2026-02-17 06:00:00+00:00,499.0575,705.5215668664468,162.39280508627633,1250.2089781921304
2026-02-17 07:00:00+00:00,563.425,718.4784025615778,174.96519988395602,1262.9316190279042
2026-02-17 08:00:00+00:00,548.5525,682.9292090291643,139.37782289566513,1226.6034133155526
2026-02-17 09:00:00+00:00,462.645,629.2290130116626,85.45753291324593,1172.3802017595108
2026-02-17 10:00:00+00:00,359.3975,542.9436215272169,-2.2132154296734825,1085.2638488913926
2026-02-17 11:00:00+00:00,257.73749999999995,415.7050556586438,-129.59747940430395,957.6146481005928
2026-02-17 12:00:00+00:00,189.82,382.64826551752367,-160.47694265723942,926.3745318558514
2026-02-17 13:00:00+00:00,188.01999999999998,330.29416759760466,-214.1893523590627,872.642078430011
2026-02-17 14:00:00+00:00,187.3125,339.6685505490477,-204.08034439172616,882.3211027132529
2026-02-17 15:00:00+00:00,170.005,403.7199740178428,-140.02067112813916,946.6765467805023
2026-02-17 16:00:00+00:00,199.08249999999998,384.8680390063152,-158.4172724530282,928.0948504869177
2026-02-17 17:00:00+00:00,225.15750000000003,366.1768248300125,-177.19799021438735,910.0359339578467
2026-02-17 18:00:00+00:00,208.8675,353.00505194010145,-190.11587587028293,896.93066168473
2026-02-17 19:00:00+00:00,108.84249999999997,316.78627671993934,-227.09047628370968,860.1640072288624
2026-02-17 20:00:00+00:00,54.122499999999945,251.19294054790635,-292.16456277786403,795.1549235857447
2026-02-17 21:00:00+00:00,39.700000000000045,197.1216953084636,-346.22935946505186,741.0350551975323
2026-02-17 22:00:00+00:00,54.58749999999998,133.62967226725414,-409.3398052420282,677.7698463065841
2026-02-17 23:00:00+00:00,171.2375,139.91570985439802,-403.83797198935065,683.4804508640349
2026-02-18 00:00:00+00:00,410.43,326.29438478897913,-219.07176175743336,868.8392723755737
2026-02-18 01:00:00+00:00,526.3225,271.99461746843133,-271.1694618795078,815.6794665720761
2026-02-18 02:00:00+00:00,483.105,474.5582922180229,-70.25061994308635,1017.484089573007
2026-02-18 03:00:00+00:00,463.5125,538.7694014150628,-5.054340758230978,1082.231474570047
2026-02-18 04:00:00+00:00,376.085,482.3833497016974,-61.08402157763089,1026.791546983523
2026-02-18 05:00:00+00:00,251.77999999999997,478.55922444822113,-65.18193371220377,1023.10494143879
2026-02-18 06:00:00+00:00,299.995,390.8106980663407,-153.44421619313664,933.7224444200012
2026-02-18 07:00:00+00:00,321.65,334.842431689315,-209.09094763225767,878.3247227109441
2026-02-18 08:00:00+00:00,250.91750000000002,359.87677931810117,-183.71172931658214,903.1020068445484
2026-02-18 09:00:00+00:00,237.5525,378.01446882000687,-165.5027586351746,921.0320282718299
2026-02-18 10:00:00+00:00,252.96000000000004,371.3148375950014,-173.24553041731122,914.8732920975938
2026-02-18 11:00:00+00:00,181.73749999999995,496.6155926664019,-48.606285070465674,1040.2242635976693
2026-02-18 12:00:00+00:00,229.005,462.8517954154781,-81.45396628512879,1006.2728583733416
2026-02-18 13:00:00+00:00,243.74,541.9171435434833,-1.8583104913651596,1085.2326815265783
2026-02-18 14:00:00+00:00,357.6775,596.0401095771359,52.21979773433702,1140.0774330431805
2026-02-18 15:00:00+00:00,366.97,595.7766004975759,51.94560026819295,1139.5931696281893
2026-02-18 16:00:00+00:00,396.945,604.9634499294283,61.48169593370301,1148.7960926977291
2026-02-18 17:00:00+00:00,407.4125,563.7904785188492,19.045819578784403,1106.401612049431
2026-02-18 18:00:00+00:00,311.71,569.4042010833442,26.13607045684944,1113.1083154037894
2026-02-18 19:00:00+00:00,218.615,608.990486699253,65.85134715984486,1152.8454774560846
2026-02-18 20:00:00+00:00,166.67000000000002,567.5202115432046,22.944452334514494,1110.0205535164105
2026-02-18 21:00:00+00:00,166.315,448.5189172357525,-96.71572148304267,990.9362013856428
2026-02-18 22:00:00+00:00,122.63999999999999,310.1381092517445,-235.38956128735595,852.1367861478135
2026-02-18 23:00:00+00:00,107.685,216.84672019424193,-326.77521540317093,759.8859644359019
2026-02-19 00:00:00+00:00,209.1975,221.20858733099215,-322.32892235958263,765.0677368086522
2026-02-19 01:00:00+00:00,254.8025,403.16473468384163,-141.79879250041267,945.7762379326914
2026-02-19 02:00:00+00:00,326.235,757.3327659828278,211.55364715041844,1300.2934020554353
2026-02-19 03:00:00+00:00,515.095,822.6480537725952,278.4937370355364,1367.4581052869166
2026-02-19 04:00:00+00:00,476.31,788.5464385402656,244.73348341634482,1334.4254702064227
2026-02-19 05:00:00+00:00,160.38,665.4931382941126,121.18457845073243,1207.9715802632388
2026-02-19 06:00:00+00:00,109.45249999999993,444.13600914675374,-101.16465388159361,985.7515981905349
2026-02-19 07:00:00+00:00,150.83749999999998,260.0428711696539,-284.85804312577136,802.5779005992367
2026-02-19 08:00:00+00:00,213.7,251.13472020007333,-294.3263629196384,795.2339587314892
2026-02-19 09:00:00+00:00,117.53250000000003,244.22341129537284,-301.0680604233678,788.0425728620289
2026-02-19 10:00:00+00:00,86.47500000000002,313.3284553313345,-232.2017173134342,856.7147298484753
2026-02-19 11:00:00+00:00,104.34749999999997,266.8811916271314,-278.28141548510075,810.545852180829
2026-02-19 12:00:00+00:00,89.05999999999995,273.49342543451866,-271.1828610658937,817.36642270463
2026-02-19 13:00:00+00:00,82.64999999999998,323.37603334854055,-221.28305352225084,866.8609369650069
2026-02-19 14:00:00+00:00,81.09249999999997,309.93248690479226,-234.08430020509707,853.7187302797
2026-02-19 15:00:00+00:00,88.75,303.7978721549634,-240.341317687617,847.6239475244549
2026-02-19 16:00:00+00:00,78.6825,270.4376268688094,-273.880833139072,814.3942968674864
2026-02-19 17:00:00+00:00,56.49000000000001,223.72123535997468,-320.46918741915,767.5659946915852
2026-02-19 18:00:00+00:00,40.02499999999998,166.18896860936985,-377.98494688983794,709.9576476949703
2026-02-19 19:00:00+00:00,29.120000000000005,115.8591556544414,-428.33026527248967,659.6585626515739
2026-02-19 20:00:00+00:00,7.8075000000000045,90.24311251416316,-453.5157729057462,634.5522128863067
2026-02-19 21:00:00+00:00,3.990000000000009,47.01398591338091,-496.26058024325766,592.1957295428114
2026-02-19 22:00:00+00:00,4.470000000000027,-0.47175077182748737,-538.051056875858,549.1662256250931
2026-02-19 23:00:00+00:00,6.207499999999982,-174.89869225821803,-714.4081325377692,372.0285147517292
2026-02-20 00:00:00+00:00,5.585000000000036,-132.38248605565173,-667.0658705990115,429.54841204452725
2026-02-20 01:00:00+00:00,7.8174999999999955,-13.5837620200831,-558.1600161053452,529.725189627783
2026-02-20 02:00:00+00:00,10.67999999999995,113.60765558492545,-432.16241331440574,654.3497096255402
2026-02-20 03:00:00+00:00,32.835000000000036,-22.27293939393678,-565.4926994494515,523.6312979817275
2026-02-20 04:00:00+00:00,95.79250000000002,-85.76234353259758,-628.318192299859,460.48583030932826
2026-02-20 05:00:00+00:00,229.1825,251.48613778461362,-297.7447573731447,790.4508891695571
2026-02-20 06:00:00+00:00,263.3525,218.74641709321264,-325.96462027945825,761.7919530520577
2026-02-20 07:00:00+00:00,580.3924999999999,299.0785808750042,-245.36291541041783,842.0493816416656
2026-02-20 08:00:00+00:00,940.31,586.6546186831895,41.27282428508488,1128.5504596094997
2026-02-20 09:00:00+00:00,1016.0274999999999,795.4519629699136,250.83851029572543,1338.1994011635704
2026-02-20 10:00:00+00:00,1070.7825,744.5898969767386,200.6473967834786,1288.6423540495693
2026-02-20 11:00:00+00:00,978.1575,734.5768381586083,190.50221143118478,1278.5874452843857
2026-02-20 12:00:00+00:00,812.3675000000001,731.910698382988,187.79419424208805,1275.6708436661013
2026-02-20 13:00:00+00:00,925.875,795.3749074175533,251.5139540731401,1339.4016221464415
2026-02-20 14:00:00+00:00,1243.915,932.4939176058654,388.541078609274,1476.0596658666545
2026-02-20 15:00:00+00:00,1459.0425,1051.4103633397872,506.9178090025121,1594.8024679442713
2026-02-20 16:00:00+00:00,1569.0375,1162.049894771194,617.7784110630381,1705.3781103816268
2026-02-20 17:00:00+00:00,1579.0349999999999,1312.8641209430816,768.9383124669978,1855.9925783685758
2026-02-20 18:00:00+00:00,1587.9225,1282.2448297924234,738.4829734069469,1825.8986437501487
2026-02-20 19:00:00+00:00,1587.3825,1368.4844045685948,825.2496503664969,1913.3841927841117
2026-02-20 20:00:00+00:00,1598.32,1395.3361442143278,851.6940096081569,1940.0188127407223
2026-02-20 21:00:00+00:00,1596.9325,1393.9759386362014,850.1580513641557,1938.0614374694355
2026-02-20 22:00:00+00:00,1589.225,1368.7950145346304,824.6655890678667,1912.0413626722518
2026-02-20 23:00:00+00:00,1581.9299999999998,1356.5452929965836,813.3578433673488,1899.3590798918276
2026-02-21 00:00:00+00:00,1565.2675,1266.4983252994934,724.1347732072747,1809.5665189525164
2026-02-21 01:00:00+00:00,1536.005,1238.9394035628673,697.1265718057838,1782.2124296345628
2026-02-21 02:00:00+00:00,1422.4275,1215.4064991630619,674.1648576956361,1758.573577037404
2026-02-21 03:00:00+00:00,1370.07,1213.279863669318,671.9963453118969,1756.266259674296
2026-02-21 04:00:00+00:00,1357.8775,1165.8889793154008,623.6944370268858,1708.8255002662463
2026-02-21 05:00:00+00:00,1376.9375,1121.4904150967743,578.435942266143,1664.3732593363188
2026-02-21 06:00:00+00:00,1445.7,1108.1185523530903,566.2241598137056,1651.3180118794787
2026-02-21 07:00:00+00:00,1552.51,1106.4661152239755,565.2513008080051,1649.477780295948
2026-02-21 08:00:00+00:00,1549.4375,1043.6974064543288,500.7339742380916,1586.7793011773142
2026-02-21 09:00:00+00:00,1554.67,987.5506603816773,444.3509206701939,1531.1819172705173
2026-02-21 10:00:00+00:00,1556.245,1029.5242835014342,487.88848653077434,1573.4274560129622
2026-02-21 11:00:00+00:00,1573.73,1057.3178194560046,516.9750463221914,1600.8177684117975
2026-02-21 12:00:00+00:00,1568.07,1110.8365765272983,568.4007178333322,1654.7463706786814
2026-02-21 13:00:00+00:00,1560.5725,1108.738837661107,567.3569752850165,1653.6623366669385
2026-02-21 14:00:00+00:00,1576.725,1212.6740803728517,669.8952869573058,1757.212389092139
2026-02-21 15:00:00+00:00,1586.9425,1215.9111284767791,673.2723703791812,1761.333629468903
2026-02-21 16:00:00+00:00,1586.9025,1234.361887831728,691.8146193248548,1780.177675761859
2026-02-21 17:00:00+00:00,1588.41,1319.9719659619939,777.3492911307551,1864.6143396855227
2026-02-21 18:00:00+00:00,1590.155,1374.1299813087267,831.6477578673267,1919.9973468218345
2026-02-21 19:00:00+00:00,1580.8575,1372.7080173912518,829.4599807847828,1917.6606303737137
2026-02-21 20:00:00+00:00,1587.7375,1345.573491302586,800.044990299559,1889.3944705203255
2026-02-21 21:00:00+00:00,1583.085,1305.0312987492491,762.0069399377815,1849.3906715674716
2026-02-21 22:00:00+00:00,1559.9950000000001,1330.8632635749973,788.2205965282933,1875.4104631820255
2026-02-21 23:00:00+00:00,1482.7675,1241.8582463241942,697.1869504647879,1784.1287696938168
2026-02-22 00:00:00+00:00,1365.0475,1175.643924425976,632.6835470067771,1719.5457926822896
2026-02-22 01:00:00+00:00,694.255,1039.5805198983164,496.6838973040366,1582.8820105594
2026-02-22 02:00:00+00:00,328.3175,823.4004849841066,280.5428299326641,1367.037787264723
2026-02-22 03:00:00+00:00,165.6875,597.2286389000243,54.54667495190506,1141.1113660382275
2026-02-22 04:00:00+00:00,46.575000000000045,419.4048906014746,-122.79669523757991,961.7037741655508
2026-02-22 05:00:00+00:00,3.027500000000032,184.04462647518375,-358.1375832178576,729.301004318867
2026-02-22 06:00:00+00:00,10.842499999999973,-53.70953094389188,-596.7116201277556,488.9308392262519
2026-02-22 07:00:00+00:00,105.81,-131.1178914886957,-668.8735260436233,417.8460318383383
2026-02-22 08:00:00+00:00,290.7525,294.7311510577144,-254.34535401961068,833.3592872445477
2026-02-22 09:00:00+00:00,508.61,480.64089649172894,-64.06072530196354,1021.9634560721032
2026-02-22 10:00:00+00:00,796.905,556.4224612740426,13.253587305680753,1098.2192092159044
2026-02-22 11:00:00+00:00,1071.9725,662.5101173738365,120.19637381313828,1205.9745307430912
2026-02-22 12:00:00+00:00,1153.3225,770.6744845256254,226.6883092929922,1315.9685562310444
2026-02-22 13:00:00+00:00,1046.0700000000002,733.6748242037031,189.39203429033319,1279.0614618240288
2026-02-22 14:00:00+00:00,603.09,652.7600529391726,107.76384965965894,1197.0509744627195
2026-02-22 15:00:00+00:00,147.70749999999998,475.27060334197756,-67.96416939871517,1019.2496564202595
2026-02-22 16:00:00+00:00,129.2625,254.41701415056934,-287.666217849556,799.0389707420763
2026-02-22 17:00:00+00:00,216.0125,308.56609562707666,-234.44302793816905,850.5931585062265
2026-02-22 18:00:00+00:00,161.41750000000008,440.5067977916814,-102.85502132374972,984.2180429003288
2026-02-22 19:00:00+00:00,293.565,361.07365781406776,-181.93548526736322,904.1549219584477
2026-02-22 20:00:00+00:00,616.9475,536.7022277592445,-7.825215667713678,1080.931185185898
2026-02-22 21:00:00+00:00,1226.3725,769.4185827257304,226.44945833140628,1311.2927191826025
2026-02-22 22:00:00+00:00,1514.4650000000001,1327.3397976577264,782.4237782713774,1871.2810745502022
2026-02-22 23:00:00+00:00,1476.585,1236.849928759038,693.1832511173817,1781.747166753678
2026-02-23 00:00:00+00:00,1400.8475,1193.3864534049883,649.4882674404291,1737.5762259077935
2026-02-23 01:00:00+00:00,1227.705,1133.3260938515073,590.4389616665977,1679.2104074136046
2026-02-23 02:00:00+00:00,1389.8575,1035.5958534723054,491.2552953685385,1579.7588747734073
2026-02-23 03:00:00+00:00,1418.655,997.0361281080632,455.3207320757495,1542.9719009688415
2026-02-23 04:00:00+00:00,1208.7725,949.8427507222331,406.9813427692783,1493.1791565564893
2026-02-23 05:00:00+00:00,1329.2925,884.1419677321725,342.59078411604975,1426.9597657403478
2026-02-23 06:00:00+00:00,1088.115,789.866779905419,246.1397758338481,1332.8838628686713
2026-02-23 07:00:00+00:00,1176.555,724.1489618854101,182.57949569301866,1267.1048894900873
2026-02-23 08:00:00+00:00,1436.6225,781.1341299809062,239.6061397977121,1324.4435571177464
2026-02-23 09:00:00+00:00,1550.8625,824.9371003858937,283.03400846816027,1369.1310877574886
2026-02-23 10:00:00+00:00,1571.72,860.6576163923156,318.00381901804093,1405.0172947425995
2026-02-23 11:00:00+00:00,1578.505,1164.4305059333126,622.1232638624887,1708.1088530077063
2026-02-23 12:00:00+00:00,1574.155,1071.8888685633958,527.5735377683238,1615.0622522438143
2026-02-23 13:00:00+00:00,1549.62,1078.6390200301378,536.8131457895541,1623.684953360721
2026-02-23 14:00:00+00:00,1437.44,1040.1773248340962,496.1824432441122,1584.4554360718967
2026-02-23 15:00:00+00:00,1396.375,960.4829896446595,416.68545002248584,1505.3438958517404
2026-02-23 16:00:00+00:00,1262.295,925.4338262941969,382.1484326450037,1470.9169025088963
2026-02-23 17:00:00+00:00,1145.31,872.9845863244525,329.87314859992756,1417.107441228808
2026-02-23 18:00:00+00:00,874.97,819.2842730424189,275.9404056318302,1364.1313664689033
2026-02-23 19:00:00+00:00,719.27,739.5100640156166,195.03910119786173,1284.8797072123652
2026-02-23 20:00:00+00:00,616.3225,660.3870471230136,116.80027051375777,1205.0876047130073
2026-02-23 21:00:00+00:00,532.9175,704.9534205823577,162.1047586457821,1248.9649445408884
2026-02-23 22:00:00+00:00,548.9649999999999,666.5145184500076,122.69745917773878,1210.997050319646
2026-02-23 23:00:00+00:00,556.58,575.5137520168156,32.307578822384244,1119.9633412130443
2026-02-24 00:00:00+00:00,494.47249999999997,518.8501819953271,-23.96035826181003,1064.2216677876527
2026-02-24 01:00:00+00:00,437.8,463.30860282010167,-79.47087282741575,1008.6517928708477
2026-02-24 02:00:00+00:00,298.665,520.9362078294935,-22.178517569257792,1065.647892824336
2026-02-24 03:00:00+00:00,283.14,629.122166590402,85.48731297986103,1173.5489754166463
2026-02-24 04:00:00+00:00,255.63,547.402869128695,4.41609334029863,1092.3779241650388
2026-02-24 05:00:00+00:00,294.1375,510.82132046815866,-32.851544433340905,1055.246224381951
2026-02-24 06:00:00+00:00,183.8075,453.06248201533765,-90.5949734323749,997.3613240450737
2026-02-24 07:00:00+00:00,98.8075,341.47124668549014,-202.42619673309332,885.5144250628255
2026-02-24 08:00:00+00:00,94.19749999999999,248.05713574890723,-296.38165263918995,791.1017380766572
2026-02-24 09:00:00+00:00,141.29250000000002,255.7608336992542,-286.7053387710639,798.6738533550954
2026-02-24 10:00:00+00:00,172.96000000000004,240.9700527608577,-301.79077092509567,784.0350443800633
2026-02-24 11:00:00+00:00,120.695,229.2706327735168,-314.5933122411851,771.8442626728432
2026-02-24 12:00:00+00:00,144.59749999999997,472.34006438120184,-71.83731091178686,1014.3720742974342
2026-02-24 13:00:00+00:00,155.83500000000004,537.8735966117943,-6.171838043326716,1081.8610360640696
2026-02-24 14:00:00+00:00,219.89499999999998,439.0424625015876,-105.45698797596071,983.2218565464505
2026-02-24 15:00:00+00:00,314.985,437.48571533027973,-105.69518482889873,981.4007912708005
2026-02-24 16:00:00+00:00,315.55500000000006,587.4622872785556,43.40821971394735,1131.869672776263
2026-02-24 17:00:00+00:00,294.0825,593.2987094663685,49.62810341045713,1137.802034894713
2026-02-24 18:00:00+00:00,267.11,548.0813844900298,4.571677479458231,1091.571617676593
2026-02-24 19:00:00+00:00,166.90250000000003,485.2850932482963,-58.59763427163762,1028.8355183995016
2026-02-24 20:00:00+00:00,70.80500000000006,461.8530476541744,-81.85552464300179,1005.5767714217757
2026-02-24 21:00:00+00:00,11.644999999999982,353.9948147973868,-190.34941085741502,896.8319858871757
2026-02-24 22:00:00+00:00,3.0575000000000045,175.57192988121471,-369.4870198427709,720.2087033885041
2026-02-24 23:00:00+00:00,0.0,32.56877997209608,-511.80159962632956,575.7714748658253
2026-02-25 00:00:00+00:00,0.0,-161.08982193815348,-705.5346921394662,382.175058688694
2026-02-25 01:00:00+00:00,0.0,-201.06409298661492,-744.5692225331459,343.27146632589285
2026-02-25 02:00:00+00:00,1.4700000000000273,-89.95405887897743,-633.8367516978817,452.2575007251362
2026-02-25 03:00:00+00:00,9.857499999999959,-2.127058855548512,-546.2255340964023,539.1784716672103
2026-02-25 04:00:00+00:00,23.995000000000005,-99.31371979292726,-639.9235955598774,444.3374073603096
2026-02-25 05:00:00+00:00,35.315000000000055,-19.53365237642322,-564.7706361940659,519.822035934715
2026-02-25 06:00:00+00:00,84.30500000000006,427.7519610521771,-117.4010212339299,968.8675796764692
2026-02-25 07:00:00+00:00,191.75,458.3553037990953,-84.71154352693509,1001.234584036605
2026-02-25 08:00:00+00:00,281.6,507.5932225177261,-35.756721927789954,1050.6794294238841
2026-02-25 09:00:00+00:00,407.15999999999997,527.29775474834,-15.60711321018016,1070.3333790610036
2026-02-25 10:00:00+00:00,512.1875,478.6598120732791,-64.65697568246458,1021.988082386403
2026-02-25 11:00:00+00:00,553.0475,562.8033960746516,19.128878659792804,1105.5114147081813
2026-02-25 12:00:00+00:00,652.265,633.0890249825887,90.7521313370438,1176.527859508319
2026-02-25 13:00:00+00:00,693.2,620.6611821765362,77.70009833467532,1163.4758265059504
2026-02-25 14:00:00+00:00,717.6500000000001,570.5260369575632,26.82553366207253,1112.7716612256127
2026-02-25 15:00:00+00:00,851.6800000000001,552.5228913505318,9.756935559477938,1095.1927636863213
2026-02-25 16:00:00+00:00,770.0024999999999,708.8267552796831,165.1648273697769,1251.3812204347978
2026-02-25 17:00:00+00:00,753.05,815.6142759485658,271.8749327103023,1358.618104143728
2026-02-25 18:00:00+00:00,856.005,845.3043820276191,301.9577129392918,1389.4653146540268
2026-02-25 19:00:00+00:00,997.125,916.0880489256402,372.6615806866089,1460.345268447739
2026-02-25 20:00:00+00:00,1155.16,1009.573462305613,466.2623258298638,1553.7457165457108
2026-02-25 21:00:00+00:00,1306.43,1002.972069397758,459.30834180365207,1547.2571095239712
2026-02-25 22:00:00+00:00,1392.97,1037.97765745451,495.37838963687955,1582.6885903303173
2026-02-25 23:00:00+00:00,1549.6175000000003,1065.7142959514063,523.1031073739973,1609.7356053557519
2026-02-26 00:00:00+00:00,1573.3525,1115.9383596562202,573.5488194100352,1660.087485784651
2026-02-26 01:00:00+00:00,1572.5375,1177.1496434834503,636.0339055386945,1720.6537692716704
2026-02-26 02:00:00+00:00,1581.685,1206.383021734228,665.0643528383639,1750.3185022572486
2026-02-26 03:00:00+00:00,1573.175,1208.7425630105388,667.3300882613444,1752.9100717916504
2026-02-26 04:00:00+00:00,1567.51,1219.2443367522324,677.603650277388,1762.9334946917531
2026-02-26 05:00:00+00:00,1574.81,1183.8824920388413,641.9283011879526,1727.588065906864
2026-02-26 06:00:00+00:00,1580.175,1142.59187131093,600.6558958373968,1685.8686349298964
2026-02-26 07:00:00+00:00,1591.8174999999999,1150.6740202196431,608.4251641282921,1694.55564382676
2026-02-26 08:00:00+00:00,1593.5925,1160.6251076329436,618.0742345055382,1703.6399325378775
2026-02-26 09:00:00+00:00,1580.7425,1153.3941277161962,610.8680437019793,1696.6035040176498
2026-02-26 10:00:00+00:00,1530.395,1143.6499906737872,600.8962187611115,1686.6385473734008
2026-02-26 11:00:00+00:00,1463.65,1082.2603612695389,539.3515262850905,1623.7221932812276
2026-02-26 12:00:00+00:00,1430.4775,945.2146578848349,401.27537543327975,1487.1772747656105
2026-02-26 13:00:00+00:00,1197.48,1033.9597168076536,491.3333430848641,1575.4940458631177
2026-02-26 14:00:00+00:00,951.1375,892.896382843749,348.71914507049235,1435.2035556347832
2026-02-26 15:00:00+00:00,916.8824999999999,805.5612912071686,262.8648872000372,1348.5418536537104
2026-02-26 16:00:00+00:00,943.1375,794.529943656145,251.9135894489732,1338.0432567159469
2026-02-26 17:00:00+00:00,1096.095,806.6105761618943,264.588861580532,1350.3939431437088
2026-02-26 18:00:00+00:00,1118.495,786.7563848424861,243.71288603956856,1330.4557554540925
2026-02-26 19:00:00+00:00,1046.095,851.309391958549,309.51016844676263,1394.9904454844288
2026-02-26 20:00:00+00:00,1104.69,893.4985006946295,351.1184052682342,1437.1479594479474
2026-02-26 21:00:00+00:00,1186.685,955.5853868150336,412.94782254652756,1499.6622587330728
2026-02-26 22:00:00+00:00,1185.38,971.2937214967802,428.53323298096154,1515.499135993205
2026-02-26 23:00:00+00:00,962.855,913.0819858058605,369.7141447204086,1456.6153649209457
2026-02-27 00:00:00+00:00,986.8100000000001,869.0943525092541,325.7081006611426,1411.9552631337033
2026-02-27 01:00:00+00:00,1392.195,953.5707973376593,412.1581655841841,1496.9101740699803
2026-02-27 02:00:00+00:00,1577.975,1009.8037230512305,467.8699494050778,1552.0855458244057
2026-02-27 03:00:00+00:00,1581.6375,1064.4608890308555,522.479587508051,1606.9062870565404
2026-02-27 04:00:00+00:00,1509.605,1024.494352567298,482.7524248244446,1567.1097593181287
2026-02-27 05:00:00+00:00,1556.6225,980.9559497744372,439.6119429265601,1523.5397175412572
2026-02-27 06:00:00+00:00,1593.075,971.6510795927788,430.108672420322,1514.334691375093
2026-02-27 07:00:00+00:00,1563.7275,944.5593541482101,402.7058570297804,1487.2378381154945
2026-02-27 08:00:00+00:00,1499.04,887.1806463237458,344.6275536318231,1429.8670592704739
2026-02-27 09:00:00+00:00,1494.2425,948.3941113581967,405.5036973407851,1491.3631086893129
2026-02-27 10:00:00+00:00,1356.9875,981.6598384691526,439.53638417286504,1523.8406428229744
2026-02-27 11:00:00+00:00,1143.2075,944.8402247754693,402.72863536187066,1486.886553705083
2026-02-27 12:00:00+00:00,989.8075,828.2346358158657,285.20937750163847,1370.1032972143362
2026-02-27 13:00:00+00:00,849.1,633.0004900216207,89.1766597604452,1174.4933562758056
2026-02-27 14:00:00+00:00,684.545,434.20568920314497,-108.93133789187175,976.0325761490424
2026-02-27 15:00:00+00:00,258.21500000000003,269.914989458231,-273.9525073580213,811.5143465252402
2026-02-27 16:00:00+00:00,66.14499999999998,127.16273136307728,-413.5855201120231,671.0258690138145
2026-02-27 17:00:00+00:00,22.875,-39.539965645362145,-581.5032522222036,504.4113126627607
2026-02-27 18:00:00+00:00,0.6425000000000409,-76.14077918619876,-624.0556680286982,463.69918427694824
2026-02-27 19:00:00+00:00,5.904999999999973,-29.163833448210312,-578.1316351716061,510.25165235210943
2026-02-27 20:00:00+00:00,77.73000000000002,453.4601695883147,-97.3923797352461,992.2876053625416
2026-02-27 21:00:00+00:00,175.325,114.31912172055723,-430.0417710573731,657.1169517376491
2026-02-27 22:00:00+00:00,195.565,3.285091136349365,-540.1094699204239,545.9215053230697
2026-02-27 23:00:00+00:00,154.5075,87.38720542459566,-457.6563200037349,629.1039487691337
