date,wind_onshore_rte_actual,wind_onshore_rte_fitted,wind_onshore_rte_lower,wind_onshore_rte_upper
2026-01-24 00:00:00+00:00,9248.9925,7591.220949220204,6102.206078870263,9080.235819570145
2026-01-24 01:00:00+00:00,9054.4575,9108.824813473428,7619.809943123486,10597.839683823368
2026-01-24 02:00:00+00:00,8453.6725,8893.646873143061,7404.63200279312,10382.661743493001
2026-01-24 03:00:00+00:00,7822.18,6261.919847476411,4772.90497712647,7750.934717826352
2026-01-24 04:00:00+00:00,7401.5425,5521.57337359462,4032.558503244679,7010.588243944561
2026-01-24 05:00:00+00:00,7361.8025,4794.00153069771,3304.9866603477694,6283.016401047652
2026-01-24 06:00:00+00:00,7242.1475,5240.543038538334,3751.5281681883935,6729.557908888275
2026-01-24 07:00:00+00:00,7080.15,4881.400470035848,3392.3855996859074,6370.415340385789
2026-01-24 08:00:00+00:00,6642.0225,3817.5437060928157,2328.528835742875,5306.558576442757
2026-01-24 09:00:00+00:00,6179.6,5143.132338693032,3654.117468343091,6632.1472090429725
2026-01-24 10:00:00+00:00,5755.7675,3610.2588684023785,2121.2439980524373,5099.273738752319
2026-01-24 11:00:00+00:00,5502.2225,3804.928119435484,2315.9132490855427,5293.942989785425
2026-01-24 12:00:00+00:00,5653.665,3427.108853932382,1938.0939835824406,4916.123724282323
2026-01-24 13:00:00+00:00,5814.6625,3523.8807133263017,2034.865842976361,5012.8955836762425
2026-01-24 14:00:00+00:00,5457.4575,4436.313900086285,2947.299029736344,5925.3287704362265
2026-01-24 15:00:00+00:00,5534.4775,5474.931209549614,3985.916339199673,6963.946079899555
2026-01-24 16:00:00+00:00,6290.9025,6899.671229367232,5410.65635901729,8388.686099717172
2026-01-24 17:00:00+00:00,7474.08,7523.649768532219,6034.6348981822775,9012.664638882161
2026-01-24 18:00:00+00:00,7984.18,6708.022799903347,5219.007929553406,8197.037670253289
2026-01-24 19:00:00+00:00,8008.5225,8449.499060268201,6960.484189918259,9938.51393061814
2026-01-24 20:00:00+00:00,7399.6975,9067.50463025743,7578.489759907488,10556.51950060737
2026-01-24 21:00:00+00:00,6893.0675,7100.216646579445,5611.2017762295045,8589.231516929387
2026-01-24 22:00:00+00:00,6574.422500000001,6313.86548511511,4824.850614765168,7802.880355465049
2026-01-24 23:00:00+00:00,6230.6075,5596.716605388733,4107.701735038791,7085.731475738674
2026-01-25 00:00:00+00:00,5839.16,5343.419629904004,3854.404759554063,6832.434500253945
2026-01-25 01:00:00+00:00,5578.1224999999995,4796.770468722681,3307.7555983727398,6285.785339072621
2026-01-25 02:00:00+00:00,5523.1925,4954.976169501715,3465.9612991517743,6443.991039851657
2026-01-25 03:00:00+00:00,5647.59,6023.140807263933,4534.1259369139925,7512.155677613875
2026-01-25 04:00:00+00:00,5954.0575,4955.450487606573,3466.435617256632,6444.465357956515
2026-01-25 05:00:00+00:00,6186.555,5210.265370274037,3721.2504999240964,6699.280240623978
2026-01-25 06:00:00+00:00,6184.5725,3942.1860793478863,2453.171208997945,5431.200949697827
2026-01-25 07:00:00+00:00,6431.6125,4376.181105605587,2887.166235255645,5865.1959759555275
2026-01-25 08:00:00+00:00,6351.76,5285.942691818658,3796.927821468717,6774.957562168599
2026-01-25 09:00:00+00:00,6310.9875,6732.690242544571,5243.675372194631,8221.705112894513
2026-01-25 10:00:00+00:00,5732.5475,6054.36335946121,4565.348489111269,7543.378229811151
2026-01-25 11:00:00+00:00,5466.9275,5083.2040828452755,3594.1892124953347,6572.218953195217
2026-01-25 12:00:00+00:00,5077.8,4295.957118673761,2806.9422483238204,5784.971989023703
2026-01-25 13:00:00+00:00,4737.275,6037.560086924592,4548.545216574651,7526.5749572745335
2026-01-25 14:00:00+00:00,4511.5975,5431.288537632467,3942.273667282526,6920.303407982408
2026-01-25 15:00:00+00:00,4290.5675,4773.616013760638,3284.6011434106977,6262.63088411058
2026-01-25 16:00:00+00:00,3858.2799999999997,5059.261504108003,3570.2466337580618,6548.276374457943
2026-01-25 17:00:00+00:00,3856.2875,4900.448308715995,3411.4334383660544,6389.463179065937
2026-01-25 18:00:00+00:00,3566.79,4743.4855311688325,3254.4706608188912,6232.500401518773
2026-01-25 19:00:00+00:00,3072.2325,4446.387692573504,2957.372822223563,5935.402562923445
2026-01-25 20:00:00+00:00,2928.2375,4334.879177724975,2845.864307375034,5823.894048074916
2026-01-25 21:00:00+00:00,2736.5225,3907.3184043092733,2418.3035339593316,5396.333274659214
2026-01-25 22:00:00+00:00,2737.6825,3919.188845393116,2430.173975043175,5408.203715743057
2026-01-25 23:00:00+00:00,2699.7799999999997,4044.114221237832,2555.0993508878914,5533.1290915877735
2026-01-26 00:00:00+00:00,2578.675,3289.2818785349777,1800.2670081850365,4778.296748884919
2026-01-26 01:00:00+00:00,2535.6150000000002,2779.535369536711,1290.5204991867695,4268.550239886652
2026-01-26 02:00:00+00:00,2545.1075,2944.6446635667953,1455.6297932168545,4433.659533916737
2026-01-26 03:00:00+00:00,2569.285,3324.517884396203,1835.5030140462618,4813.532754746144
2026-01-26 04:00:00+00:00,2477.1225,3908.3969696392733,2419.382099289332,5397.411839989214
2026-01-26 05:00:00+00:00,2416.2025,3981.785739493891,2492.7708691439498,5470.800609843832
2026-01-26 06:00:00+00:00,2366.055,3746.998708689391,2257.9838383394504,5236.013579039332
2026-01-26 07:00:00+00:00,2254.91,3194.895784848127,1705.8809144981856,4683.910655198068
2026-01-26 08:00:00+00:00,2185.65,3452.376673482101,1963.3618031321598,4941.391543832042
2026-01-26 09:00:00+00:00,2456.535,3126.535794303376,1637.5209239534352,4615.550664653318
2026-01-26 10:00:00+00:00,2548.2999999999997,3610.9639998575403,2121.9491295075995,5099.978870207481
2026-01-26 11:00:00+00:00,2551.3,3801.247167180754,2312.232296830813,5290.262037530695
2026-01-26 12:00:00+00:00,2745.16,3702.6597837466306,2213.6449133966894,5191.674654096571
2026-01-26 13:00:00+00:00,3021.4775,3443.3746484714998,1954.3597781215585,4932.389518821441
2026-01-26 14:00:00+00:00,3056.7775,3911.9788792384097,2422.9640088884685,5400.9937495883505
2026-01-26 15:00:00+00:00,3310.32,3266.403884968903,1777.3890146189624,4755.418755318845
2026-01-26 16:00:00+00:00,3835.8175,2761.8604400971367,1272.845569747196,4250.875310447078
2026-01-26 17:00:00+00:00,4683.6375,3871.2830513903646,2382.2681810404238,5360.297921740305
2026-01-26 18:00:00+00:00,5518.05,3672.1498586656353,2183.134988315694,5161.164729015576
2026-01-26 19:00:00+00:00,6163.1425,3877.041597546292,2388.026727196351,5366.056467896233
2026-01-26 20:00:00+00:00,7168.275,3996.89130973838,2507.8764393884394,5485.906180088321
2026-01-26 21:00:00+00:00,7888.405,4382.9107265197235,2893.8958561697827,5871.925596869665
2026-01-26 22:00:00+00:00,8856.085,5536.428580513051,4047.41371016311,7025.443450862992
2026-01-26 23:00:00+00:00,10109.1675,7172.179741894501,5683.16487154456,8661.194612244442
2026-01-27 00:00:00+00:00,11268.455,9428.612174168149,7939.597303818207,10917.627044518089
2026-01-27 01:00:00+00:00,12371.265,9513.67501933235,8024.660148982408,11002.68988968229
2026-01-27 02:00:00+00:00,13057.037500000002,10819.064898157088,9330.050027807147,12308.079768507028
2026-01-27 03:00:00+00:00,13724.5225,11106.020481068423,9617.00561071848,12595.035351418363
2026-01-27 04:00:00+00:00,14212.720000000001,12765.586311613035,11276.571441263095,14254.601181962975
2026-01-27 05:00:00+00:00,14249.05,12766.417394553391,11277.40252420345,14255.432264903331
2026-01-27 06:00:00+00:00,14457.2,12288.992611210342,10799.977740860402,13778.007481560282
2026-01-27 07:00:00+00:00,14370.904999999999,11932.361767812117,10443.346897462176,13421.376638162059
2026-01-27 08:00:00+00:00,13942.32,11725.583932012085,10236.569061662143,13214.598802362027
2026-01-27 09:00:00+00:00,13577.439999999999,11530.082426623965,10041.067556274023,13019.097296973905
2026-01-27 10:00:00+00:00,12819.8925,11282.046968844934,9793.032098494994,12771.061839194876
2026-01-27 11:00:00+00:00,12170.75,11302.859941819952,9813.845071470012,12791.874812169895
2026-01-27 12:00:00+00:00,11124.145,10807.093285104758,9318.078414754818,12296.1081554547
2026-01-27 13:00:00+00:00,9973.29,10322.324743745794,8833.309873395852,11811.339614095736
2026-01-27 14:00:00+00:00,8896.075,9860.362885043363,8371.348014693423,11349.377755393303
2026-01-27 15:00:00+00:00,7925.8175,8276.915570921195,6787.900700571255,9765.930441271135
2026-01-27 16:00:00+00:00,7088.8075,7528.3262615628955,6039.311391212955,9017.341131912837
2026-01-27 17:00:00+00:00,6403.1775,6650.684771775063,5161.669901425122,8139.699642125004
2026-01-27 18:00:00+00:00,5894.325,5084.250382269045,3595.2355119191034,6573.265252618986
2026-01-27 19:00:00+00:00,5361.6225,6048.573436154642,4559.558565804701,7537.588306504583
2026-01-27 20:00:00+00:00,5399.1050000000005,5703.708285041006,4214.693414691065,7192.723155390947
2026-01-27 21:00:00+00:00,4987.9775,6242.544215357268,4753.529345007326,7731.559085707208
2026-01-27 22:00:00+00:00,4046.215,4405.446371626642,2916.4315012767,5894.461241976583
2026-01-27 23:00:00+00:00,3185.2475,4127.935165038174,2638.9202946882324,5616.950035388115
2026-01-28 00:00:00+00:00,3002.95,2769.2483650879917,1280.2334947380505,4258.263235437933
2026-01-28 01:00:00+00:00,2955.6725000000006,3290.231528382704,1801.216658032763,4779.2463987326455
2026-01-28 02:00:00+00:00,2768.865,3410.203235451809,1921.1883651018684,4899.21810580175
2026-01-28 03:00:00+00:00,2815.1525,3449.066834382636,1960.0519640326947,4938.081704732577
2026-01-28 04:00:00+00:00,2596.87,4109.915423740716,2620.9005533907743,5598.930294090656
2026-01-28 05:00:00+00:00,2435.305,4182.545902693373,2693.5310323434323,5671.560773043315
2026-01-28 06:00:00+00:00,2133.5775,3692.8434590459274,2203.828588695986,5181.858329395868
2026-01-28 07:00:00+00:00,1928.9925000000003,2596.291417972327,1107.2765476223863,4085.3062883222683
2026-01-28 08:00:00+00:00,1867.37,2294.465313849235,805.4504434992941,3783.4801841991757
2026-01-28 09:00:00+00:00,1607.6825,2657.2934730445213,1168.27860269458,4146.308343394462
2026-01-28 10:00:00+00:00,1183.145,2608.3575789823617,1119.34270863242,4097.3724493323025
2026-01-28 11:00:00+00:00,1051.8300000000004,2466.2761667769414,977.2612964269997,3955.291037126882
2026-01-28 12:00:00+00:00,1103.3349999999996,2496.421727714983,1007.4068573650416,3985.436598064924
2026-01-28 13:00:00+00:00,1291.5875,3209.563495679729,1720.5486253297881,4698.57836602967
2026-01-28 14:00:00+00:00,1468.2925,3606.746725322847,2117.7318549729057,5095.761595672788
2026-01-28 15:00:00+00:00,1637.3424999999997,3536.6002589105633,2047.585388560622,5025.615129260505
2026-01-28 16:00:00+00:00,1783.4049999999997,3084.795659048888,1595.7807886989467,4573.810529398829
2026-01-28 17:00:00+00:00,2123.2675,3228.2930613980243,1739.278191048083,4717.307931747965
2026-01-28 18:00:00+00:00,2534.8175,3989.402166781593,2500.387296431652,5478.417037131534
2026-01-28 19:00:00+00:00,2771.6875,4528.505258660949,3039.4903883110082,6017.520129010891
2026-01-28 20:00:00+00:00,2906.745,4041.858937378031,2552.8440670280897,5530.873807727972
2026-01-28 21:00:00+00:00,2969.035,3430.8614183224954,1941.8465479725542,4919.876288672436
2026-01-28 22:00:00+00:00,2975.415,3536.1196665281673,2047.1047961782265,5025.1345368781085
2026-01-28 23:00:00+00:00,2820.975,3736.1919665487385,2247.1770961987972,5225.206836898679
2026-01-29 00:00:00+00:00,2687.25,3657.8600582689437,2168.8451879190025,5146.874928618885
2026-01-29 01:00:00+00:00,2625.15,3651.583505290145,2162.568634940204,5140.598375640086
2026-01-29 02:00:00+00:00,2434.185,3370.672946781162,1881.6580764312207,4859.687817131103
2026-01-29 03:00:00+00:00,2357.575,2655.5595363253274,1166.5446659753866,4144.574406675269
2026-01-29 04:00:00+00:00,2197.735,2319.6417048403946,830.6268344904538,3808.656575190336
2026-01-29 05:00:00+00:00,2047.2875,2146.6208803674845,657.6060100175428,3635.6357507174257
2026-01-29 06:00:00+00:00,1923.9449999999997,1869.7322102181606,380.7173398682189,3358.7470805681014
2026-01-29 07:00:00+00:00,1852.1399999999999,1901.139579067556,412.12470871761434,3390.154449417497
2026-01-29 08:00:00+00:00,1694.6275,1688.1263191312714,199.11144878133018,3177.1411894812127
2026-01-29 09:00:00+00:00,1609.375,1568.656595406595,79.64172505665374,3057.6714657565362
2026-01-29 10:00:00+00:00,1469.185,1799.253274855896,310.23840450595526,3288.2681452058373
2026-01-29 11:00:00+00:00,1478.2725,1748.239153927785,259.2242835778443,3237.254024277726
2026-01-29 12:00:00+00:00,1567.0275000000001,1785.51768099122,296.5028106412783,3274.532551341161
2026-01-29 13:00:00+00:00,1710.7024999999999,1605.0387538859918,116.02388353605056,3094.053624235933
2026-01-29 14:00:00+00:00,2103.4575,2121.793061983575,632.7781916336344,3610.807932333516
2026-01-29 15:00:00+00:00,2725.6125,2118.4635345049332,629.4486641549929,3607.4784048548745
2026-01-29 16:00:00+00:00,3606.7675,2806.293598802754,1317.2787284528135,4295.308469152695
2026-01-29 17:00:00+00:00,4517.425,3582.1483821678653,2093.133511817924,5071.1632525178065
2026-01-29 18:00:00+00:00,5216.7175,3684.9022665358098,2195.8873961858685,5173.917136885751
2026-01-29 19:00:00+00:00,6051.0325,5679.26826744571,4190.253397095768,7168.283137795651
2026-01-29 20:00:00+00:00,6389.6625,5163.714224309384,3674.699353959443,6652.729094659325
2026-01-29 21:00:00+00:00,6383.845,4925.785008439987,3436.770138090046,6414.799878789929
2026-01-29 22:00:00+00:00,6912.1075,6226.8080974416835,4737.793227091742,7715.822967791624
2026-01-29 23:00:00+00:00,7286.925,6559.808934164827,5070.794063814887,8048.823804514768
2026-01-30 00:00:00+00:00,7618.93,7045.955047930366,5556.940177580425,8534.969918280307
2026-01-30 01:00:00+00:00,7643.015,7376.284599315617,5887.269728965675,8865.299469665557
2026-01-30 02:00:00+00:00,7652.9400000000005,8184.614732859673,6695.599862509732,9673.629603209614
2026-01-30 03:00:00+00:00,8231.935,8166.232508095116,6677.217637745175,9655.247378445056
2026-01-30 04:00:00+00:00,8696.405,8406.507860362552,6917.492990012612,9895.522730712493
2026-01-30 05:00:00+00:00,8738.8125,8184.29709743025,6695.28222708031,9673.311967780191
2026-01-30 06:00:00+00:00,8622.220000000001,7588.107853604936,6099.0929832549955,9077.122723954877
2026-01-30 07:00:00+00:00,8027.695,7866.867582795607,6377.852712445665,9355.882453145547
2026-01-30 08:00:00+00:00,7355.29,6815.600940690167,5326.586070340225,8304.615811040107
2026-01-30 09:00:00+00:00,6953.4775,7084.138125661591,5595.123255311651,8573.152996011533
2026-01-30 10:00:00+00:00,6674.0675,6438.699840508438,4949.684970158497,7927.7147108583795
2026-01-30 11:00:00+00:00,7117.9025,5695.488836064052,4206.473965714111,7184.503706413992
2026-01-30 12:00:00+00:00,7558.64,5688.149718244122,4199.13484789418,7177.1645885940625
2026-01-30 13:00:00+00:00,7769.48,6088.925569979272,4599.910699629331,7577.940440329213
2026-01-30 14:00:00+00:00,7772.285,5275.921232769242,3786.9063624193004,6764.936103119183
2026-01-30 15:00:00+00:00,8072.745,4520.683019433737,3031.6681490837964,6009.697889783678
2026-01-30 16:00:00+00:00,9514.615,5211.048103242376,3722.033232892434,6700.062973592317
2026-01-30 17:00:00+00:00,11324.9975,9050.922194214952,7561.907323865011,10539.937064564892
2026-01-30 18:00:00+00:00,12240.295,10757.250003276866,9268.235132926926,12246.26487362681
2026-01-30 19:00:00+00:00,12121.7075,12844.645357393676,11355.630487043734,14333.660227743618
2026-01-30 20:00:00+00:00,10613.0075,12977.509341224702,11488.49447087476,14466.524211574644
2026-01-30 21:00:00+00:00,9054.6175,12357.859777751204,10868.844907401262,13846.874648101144
2026-01-30 22:00:00+00:00,8169.3975,11853.849538348324,10364.834667998382,13342.864408698264
2026-01-30 23:00:00+00:00,7236.845,12522.47664663479,11033.461776284848,14011.49151698473
2026-01-31 00:00:00+00:00,6053.327499999999,8510.489242181862,7005.264627496808,10015.713856866918
2026-01-31 01:00:00+00:00,5054.665,7780.713527475514,6275.488912790459,9285.938142160569
2026-01-31 02:00:00+00:00,4096.2125,6531.097708192713,5025.873093507658,8036.322322877768
2026-01-31 03:00:00+00:00,3836.6625,6203.960617355851,4698.736002670797,7709.185232040906
2026-01-31 04:00:00+00:00,3826.405,5076.052691489063,3570.828076804009,6581.277306174118
2026-01-31 05:00:00+00:00,3583.6625,4306.414507483369,2801.189892798314,5811.6391221684235
2026-01-31 06:00:00+00:00,3545.58,4339.96962593817,2834.745011253116,5845.194240623225
2026-01-31 07:00:00+00:00,3371.2375,4014.396853390175,2509.1722387051204,5519.621468075229
2026-01-31 08:00:00+00:00,2908.0825,3194.7649143828085,1689.540299697754,4699.989529067863
2026-01-31 09:00:00+00:00,2545.2975,2647.2773522139887,1142.0527375289344,4152.5019668990435
2026-01-31 10:00:00+00:00,2475.465,3161.0571198549887,1655.832505169934,4666.2817345400435
2026-01-31 11:00:00+00:00,2823.3824999999997,3293.0157833951835,1787.7911687101287,4798.240398080237
2026-01-31 12:00:00+00:00,2964.7075000000004,3563.4754804441286,2058.250865759074,5068.700095129183
2026-01-31 13:00:00+00:00,2821.86,3728.1213676001357,2222.8967529150814,5233.34598228519
2026-01-31 14:00:00+00:00,2780.0175,3824.849992814734,2319.6253781296796,5330.074607499789
2026-01-31 15:00:00+00:00,2806.1525,3699.7700503786446,2194.5454356935898,5204.994665063699
2026-01-31 16:00:00+00:00,3032.1575,3457.9942931114388,1952.7696784263844,4963.218907796493
2026-01-31 17:00:00+00:00,3231.985,2886.5288554799668,1381.3042407949124,4391.753470165021
2026-01-31 18:00:00+00:00,3676.41,2895.0013422344464,1389.776727549392,4400.225956919501
2026-01-31 19:00:00+00:00,4068.165,3656.800248102907,2151.5756334178527,5162.024862787962
2026-01-31 20:00:00+00:00,4501.5975,5177.789357186748,3672.564742501694,6683.013971871803
2026-01-31 21:00:00+00:00,4702.62,5842.727056930149,4337.502442245094,7347.951671615203
2026-01-31 22:00:00+00:00,4842.6900000000005,5924.599489387393,4419.374874702338,7429.824104072448
2026-01-31 23:00:00+00:00,4766.68,5974.54084780536,4469.316233120305,7479.7654624904135
2026-02-01 00:00:00+00:00,4664.525,5689.9437815090405,4184.719166823986,7195.168396194094
2026-02-01 01:00:00+00:00,4633.7425,5031.24829951731,3526.023684832256,6536.472914202365
2026-02-01 02:00:00+00:00,4485.66,5208.029915682131,3702.8053009970763,6713.254530367185
2026-02-01 03:00:00+00:00,4464.1725,5034.5404544514195,3529.3158397663647,6539.765069136473
2026-02-01 04:00:00+00:00,4656.9425,4780.361708914068,3275.137094229013,6285.586323599122
2026-02-01 05:00:00+00:00,4769.9275,4421.112391213155,2915.8877765281004,5926.337005898209
2026-02-01 06:00:00+00:00,4889.9325,3966.8547426176287,2461.6301279325744,5472.079357302683
2026-02-01 07:00:00+00:00,5235.7125,4419.943762347588,2914.719147662533,5925.168377032642
2026-02-01 08:00:00+00:00,5219.047500000001,4851.9202601327415,3346.6956454476867,6357.144874817795
2026-02-01 09:00:00+00:00,4855.09,6082.836751342898,4577.6121366578445,7588.061366027954
2026-02-01 10:00:00+00:00,4739.7125,6516.675256697284,5011.45064201223,8021.8998713823385
2026-02-01 11:00:00+00:00,4679.355,6631.321616169102,5126.097001484048,8136.546230854156
2026-02-01 12:00:00+00:00,4564.594999999999,4853.3385510675,3348.1139363824454,6358.563165752555
2026-02-01 13:00:00+00:00,4320.8725,3811.7763450033754,2306.551730318321,5317.00095968843
2026-02-01 14:00:00+00:00,4244.67,4362.756807259046,2857.5321925739913,5867.9814219441005
2026-02-01 15:00:00+00:00,4396.86,4627.158618644899,3121.9340039598446,6132.383233329954
2026-02-01 16:00:00+00:00,4638.9925,6265.522250099643,4760.297635414589,7770.746864784698
2026-02-01 17:00:00+00:00,5223.825,9107.191113923443,7601.966499238389,10612.415728608497
2026-02-01 18:00:00+00:00,5983.6025,7887.559125255022,6382.334510569968,9392.783739940078
2026-02-01 19:00:00+00:00,6016.305,8493.222442806726,6987.997828121672,9998.44705749178
2026-02-01 20:00:00+00:00,5819.9775,9353.800536480383,7848.575921795327,10859.025151165435
2026-02-01 21:00:00+00:00,5200.7275,8739.694677612304,7234.47006292725,10244.91929229736
2026-02-01 22:00:00+00:00,4698.6125,8191.353012386366,6686.128397701312,9696.57762707142
2026-02-01 23:00:00+00:00,4292.5675,8231.94835861743,6726.723743932376,9737.172973302484
2026-02-02 00:00:00+00:00,3896.835,7558.755016101655,6053.530401416601,9063.97963078671
2026-02-02 01:00:00+00:00,3577.6875,7487.536105655257,5982.311490970203,8992.760720340313
2026-02-02 02:00:00+00:00,3495.3224999999998,5958.759444992494,4453.534830307439,7463.984059677548
2026-02-02 03:00:00+00:00,3414.8025,4347.640772585459,2842.416157900405,5852.865387270514
2026-02-02 04:00:00+00:00,3448.1925,4619.742609341575,3114.5179946565204,6124.967224026629
2026-02-02 05:00:00+00:00,3667.73,4339.701735745329,2834.477121060275,5844.9263504303835
2026-02-02 06:00:00+00:00,3995.8175,3342.1838260159157,1836.9592113308613,4847.4084407009705
2026-02-02 07:00:00+00:00,4032.0924999999997,2952.4973546966116,1447.2727400115573,4457.721969381666
2026-02-02 08:00:00+00:00,3872.9625,2824.8467244097696,1319.6221097247148,4330.071339094824
2026-02-02 09:00:00+00:00,3804.68,2760.5470648176483,1255.322450132594,4265.771679502703
2026-02-02 10:00:00+00:00,3822.2425,2959.0704541335645,1453.84583944851,4464.295068818619
2026-02-02 11:00:00+00:00,4195.155,3573.5658328799145,2068.3412181948597,5078.790447564968
2026-02-02 12:00:00+00:00,4701.97,4558.401075712912,3053.176461027858,6063.6256903979665
2026-02-02 13:00:00+00:00,5589.27,4596.690761343652,3091.4661466585985,6101.915376028707
2026-02-02 14:00:00+00:00,6560.795,5924.659230656103,4419.4346159710485,7429.883845341157
2026-02-02 15:00:00+00:00,7370.5875,5310.271197347691,3805.046582662636,6815.495812032745
2026-02-02 16:00:00+00:00,8741.235,6007.856296761872,4502.631682076817,7513.080911446927
2026-02-02 17:00:00+00:00,10058.4275,8032.878187921491,6527.653573236437,9538.102802606547
2026-02-02 18:00:00+00:00,10860.425,9800.828663300741,8295.604048615687,11306.053277985797
2026-02-02 19:00:00+00:00,10905.035,10847.994180637123,9342.769565952069,12353.218795322176
2026-02-02 20:00:00+00:00,10092.9325,11157.282893945414,9652.05827926036,12662.507508630468
2026-02-02 21:00:00+00:00,9363.74,11314.425027352525,9809.20041266747,12819.64964203758
2026-02-02 22:00:00+00:00,9106.627499999999,11053.031561692726,9547.806947007673,12558.256176377781
2026-02-02 23:00:00+00:00,9070.2675,10888.449501443305,9383.224886758251,12393.67411612836
2026-02-03 00:00:00+00:00,8650.28,11222.061328875254,9716.8367141902,12727.28594356031
2026-02-03 01:00:00+00:00,8415.09,10732.698703628139,9227.474088943083,12237.923318313191
2026-02-03 02:00:00+00:00,8442.84,10751.06749467231,9245.842879987256,12256.292109357364
2026-02-03 03:00:00+00:00,8428.9275,10923.835175532695,9418.610560847641,12429.05979021775
2026-02-03 04:00:00+00:00,8351.1,11024.523281398688,9519.298666713634,12529.747896083743
2026-02-03 05:00:00+00:00,8451.9925,10644.235369221831,9139.01075453678,12149.459983906887
2026-02-03 06:00:00+00:00,8911.08,11158.277135682467,9653.052520997411,12663.50175036752
2026-02-03 07:00:00+00:00,9124.145,13663.099293750729,12157.874679065677,15168.323908435785
2026-02-03 08:00:00+00:00,9419.21,13311.165276214335,11805.94066152928,14816.389890899387
2026-02-03 09:00:00+00:00,9568.46,13590.315716423971,12085.091101738917,15095.540331109027
2026-02-03 10:00:00+00:00,9484.6375,14388.600648422398,12883.376033737344,15893.825263107454
2026-02-03 11:00:00+00:00,9511.435,15267.158651421498,13761.934036736442,16772.38326610655
2026-02-03 12:00:00+00:00,10049.5325,11127.289684800695,9622.065070115641,12632.514299485749
2026-02-03 13:00:00+00:00,9869.8875,12504.713804364175,10999.48918967912,14009.938419049231
2026-02-03 14:00:00+00:00,9229.4775,10100.395473110406,8595.170858425352,11605.620087795462
2026-02-03 15:00:00+00:00,8419.4,11183.033374120707,9677.808759435651,12688.257988805759
2026-02-03 16:00:00+00:00,7566.0125,10653.998391003299,9148.773776318245,12159.223005688353
2026-02-03 17:00:00+00:00,7135.295,9624.488044933467,8119.263430248411,11129.712659618519
2026-02-03 18:00:00+00:00,7278.6725,8752.612537958963,7247.387923273909,10257.837152644017
2026-02-03 19:00:00+00:00,7934.8125,9149.09198351045,7643.867368825397,10654.316598195506
2026-02-03 20:00:00+00:00,7766.8275,10584.586713717585,9079.362099032533,12089.81132840264
2026-02-03 21:00:00+00:00,7285.67,10442.751004187174,8937.52638950212,11947.975618872228
2026-02-03 22:00:00+00:00,6843.344999999999,8542.52380334269,7037.299188657635,10047.748418027744
2026-02-03 23:00:00+00:00,6369.5175,7468.563138136613,5963.338523451559,8973.787752821667
2026-02-04 00:00:00+00:00,6469.9225,6558.426289650655,5053.201674965601,8063.65090433571
2026-02-04 01:00:00+00:00,6151.5025000000005,6551.667358543496,5046.442743858442,8056.89197322855
2026-02-04 02:00:00+00:00,5932.815,5897.291018325389,4392.066403640334,7402.515633010444
2026-02-04 03:00:00+00:00,6201.08,5927.021182286421,4421.796567601366,7432.245796971476
2026-02-04 04:00:00+00:00,6435.4,7210.492644454818,5705.268029769763,8715.717259139872
2026-02-04 05:00:00+00:00,6956.4925,8308.122262096094,6802.89764741104,9813.34687678115
2026-02-04 06:00:00+00:00,7859.897499999999,8908.907825723038,7403.683211037984,10414.132440408091
2026-02-04 07:00:00+00:00,8510.505000000001,9720.296319479072,8215.071704794016,11225.520934164126
2026-02-04 08:00:00+00:00,8649.6,9890.549250440587,8385.324635755533,11395.77386512564
2026-02-04 09:00:00+00:00,8000.025,10258.043897245208,8752.819282560155,11763.268511930262
2026-02-04 10:00:00+00:00,7271.355,8810.480622065868,7305.2560073808145,10315.705236750924
2026-02-04 11:00:00+00:00,7356.0125,8815.680098594237,7310.455483909183,10320.904713279291
2026-02-04 12:00:00+00:00,7742.7425,8578.506729370578,7073.282114685524,10083.731344055632
2026-02-04 13:00:00+00:00,8220.5075,6884.3052841484705,5379.080669463416,8389.529898833525
2026-02-04 14:00:00+00:00,8549.825,5225.535333576452,3720.310718891398,6730.759948261507
2026-02-04 15:00:00+00:00,8921.0725,7254.8180533222685,5749.593438637214,8760.042668007323
2026-02-04 16:00:00+00:00,9352.8875,8552.883386808207,7047.658772123153,10058.108001493263
2026-02-04 17:00:00+00:00,10467.76,10018.233069632632,8513.008454947576,11523.457684317684
2026-02-04 18:00:00+00:00,11260.565,10848.705512215163,9343.48089753011,12353.930126900219
2026-02-04 19:00:00+00:00,11480.1325,11656.648568454119,10151.423953769063,13161.873183139174
2026-02-04 20:00:00+00:00,11152.442500000001,11485.483025666483,9980.25841098143,12990.707640351538
2026-02-04 21:00:00+00:00,10445.75,11616.821300492375,10111.596685807319,13122.04591517743
2026-02-04 22:00:00+00:00,10316.525,10810.390735454614,9305.166120769562,12315.61535013967
2026-02-04 23:00:00+00:00,10335.8,10785.255398246569,9280.030783561513,12290.480012931623
2026-02-05 00:00:00+00:00,10140.685000000001,10114.026247006073,8608.80163232102,11619.25086169113
2026-02-05 01:00:00+00:00,10168.865,10144.313262778172,8639.088648093119,11649.537877463226
2026-02-05 02:00:00+00:00,9933.2475,10802.368974655443,9297.144359970389,12307.593589340497
2026-02-05 03:00:00+00:00,9525.619999999999,10469.1117766005,8963.887161915445,11974.336391285553
2026-02-05 04:00:00+00:00,9418.9975,10265.522182653505,8760.297567968451,11770.746797338561
2026-02-05 05:00:00+00:00,9347.5625,11169.096573039464,9663.87195835441,12674.32118772452
2026-02-05 06:00:00+00:00,9437.525,10366.475864438647,8861.251249753594,11871.700479123701
2026-02-05 07:00:00+00:00,9849.745,11294.129075695297,9788.904461010243,12799.35369038035
2026-02-05 08:00:00+00:00,9813.369999999999,11634.202667613576,10128.97805292852,13139.427282298631
2026-02-05 09:00:00+00:00,9280.9425,10749.091628724182,9243.867014039128,12254.316243409237
2026-02-05 10:00:00+00:00,8644.4675,9697.26091163733,8192.036296952276,11202.485526322384
2026-02-05 11:00:00+00:00,7897.9025,8672.681159085725,7167.456544400669,10177.905773770779
2026-02-05 12:00:00+00:00,6756.9325,10527.776299744575,9022.55168505952,12033.000914429631
2026-02-05 13:00:00+00:00,5999.2,6225.022282932887,4719.797668247832,7730.246897617941
2026-02-05 14:00:00+00:00,5840.4075,6572.564933516081,5067.340318831026,8077.789548201135
2026-02-05 15:00:00+00:00,5908.32,4488.649124840087,2983.424510155033,5993.873739525142
2026-02-05 16:00:00+00:00,6057.1025,4579.018244085196,3073.7936294001415,6084.242858770251
2026-02-05 17:00:00+00:00,6317.6625,5953.6567976932565,4448.432183008203,7458.881412378311
2026-02-05 18:00:00+00:00,6721.7675,6201.738266237389,4696.5136515523345,7706.962880922443
2026-02-05 19:00:00+00:00,7259.805,5658.193720159594,4152.96910547454,7163.418334844648
2026-02-05 20:00:00+00:00,7160.6425,6196.527683553883,4691.303068868829,7701.752298238938
2026-02-05 21:00:00+00:00,7215.4675,6705.039086788953,5199.814472103898,8210.263701474007
2026-02-05 22:00:00+00:00,7821.115,8201.653995626772,6696.429380941717,9706.878610311825
2026-02-05 23:00:00+00:00,8433.942500000001,9320.51984436535,7815.295229680296,10825.744459050406
2026-02-06 00:00:00+00:00,8724.5975,8323.391465319142,6818.1668506340875,9828.616080004196
2026-02-06 01:00:00+00:00,8864.0875,8219.43309426598,6714.208479580926,9724.657708951036
2026-02-06 02:00:00+00:00,8850.945,9553.843314281792,8048.618699596739,11059.067928966848
2026-02-06 03:00:00+00:00,8524.435,8894.952472919864,7389.72785823481,10400.17708760492
2026-02-06 04:00:00+00:00,8274.5875,7794.556238711166,6289.331624026112,9299.78085339622
2026-02-06 05:00:00+00:00,8211.7425,7770.298790456289,6265.074175771235,9275.523405141343
2026-02-06 06:00:00+00:00,8338.83,6494.831951986301,4989.607337301246,8000.0565666713555
2026-02-06 07:00:00+00:00,8214.76,7969.7777178659035,6464.553103180849,9475.002332550957
2026-02-06 08:00:00+00:00,8247.532500000001,8705.144056280174,7199.919441595121,10210.368670965228
2026-02-06 09:00:00+00:00,8389.9725,8635.080102759794,7129.855488074739,10140.304717444847
2026-02-06 10:00:00+00:00,8841.5875,8324.113727980483,6818.889113295427,9829.338342665536
2026-02-06 11:00:00+00:00,9405.27,9127.430701903442,7622.2060872183865,10632.655316588494
2026-02-06 12:00:00+00:00,10056.65,9144.833325921463,7639.608711236409,10650.057940606519
2026-02-06 13:00:00+00:00,10031.7175,9635.301434281606,8130.076819596552,11140.526048966662
2026-02-06 14:00:00+00:00,9132.705,9478.518070788188,7973.293456103134,10983.742685473244
2026-02-06 15:00:00+00:00,8151.235,7895.2502093379635,6390.025594652909,9400.474824023018
2026-02-06 16:00:00+00:00,7447.5125,7793.50308239292,6288.278467707865,9298.727697077975
2026-02-06 17:00:00+00:00,7534.9349999999995,7385.7771056153,5880.552490930246,8891.001720300355
2026-02-06 18:00:00+00:00,7471.43,7010.395088042114,5505.1704733570605,8515.61970272717
2026-02-06 19:00:00+00:00,7699.225,7118.820740355852,5613.596125670798,8624.045355040907
2026-02-06 20:00:00+00:00,7887.555,8090.183104897305,6584.958490212251,9595.40771958236
2026-02-06 21:00:00+00:00,8204.14,8463.427706228253,6958.203091543197,9968.652320913307
2026-02-06 22:00:00+00:00,8661.8,8147.421517593999,6642.196902908944,9652.646132279053
2026-02-06 23:00:00+00:00,8328.2175,8343.177099316003,6837.952484630947,9848.401714001056
2026-02-07 00:00:00+00:00,7652.9825,6651.958401241415,5159.148010751857,8144.768791730973
2026-02-07 01:00:00+00:00,7127.360000000001,4628.562069372192,3135.751678882634,6121.37245986175
2026-02-07 02:00:00+00:00,6846.2775,4430.880312899326,2938.0699224097675,5923.690703388884
2026-02-07 03:00:00+00:00,6911.9375,6431.571383357943,4938.760992868385,7924.381773847501
2026-02-07 04:00:00+00:00,7556.47,6509.2869897625,5016.476599272942,8002.0973802520575
2026-02-07 05:00:00+00:00,8129.1025,7033.848620720606,5541.038230231048,8526.659011210166
2026-02-07 06:00:00+00:00,8676.2425,6784.9430567217805,5292.132666232223,8277.753447211338
2026-02-07 07:00:00+00:00,8737.855,6671.5622168484115,5178.7518263588545,8164.372607337969
2026-02-07 08:00:00+00:00,8627.33,6311.495751885885,4818.685361396327,7804.3061423754425
2026-02-07 09:00:00+00:00,7877.9,5341.294474794736,3848.4840843051775,6834.104865284293
2026-02-07 10:00:00+00:00,7480.2225,5229.175656512751,3736.3652660231933,6721.986047002309
2026-02-07 11:00:00+00:00,7839.8325,7079.8588797556295,5587.048489266072,8572.669270245187
2026-02-07 12:00:00+00:00,8076.0175,4322.881148242645,2830.0707577530875,5815.691538732203
2026-02-07 13:00:00+00:00,7432.275,4090.8136363851063,2598.003245895549,5583.624026874664
2026-02-07 14:00:00+00:00,6483.7025,4076.8548603981026,2584.044469908544,5569.6652508876605
2026-02-07 15:00:00+00:00,5336.6775,4385.895902721391,2893.0855122318335,5878.706293210949
2026-02-07 16:00:00+00:00,4469.7575,3536.2067989484203,2043.3964084588629,5029.017189437978
2026-02-07 17:00:00+00:00,4444.605,3668.0680030509902,2175.257612561432,5160.878393540548
2026-02-07 18:00:00+00:00,4741.615,5784.61531051057,4291.804920021013,7277.425701000128
2026-02-07 19:00:00+00:00,5091.922500000001,5537.109295071228,4044.29890458167,7029.919685560786
2026-02-07 20:00:00+00:00,5155.0925,7067.678580252115,5574.868189762557,8560.488970741673
2026-02-07 21:00:00+00:00,5170.547500000001,7186.78054848349,5693.970157993932,8679.590938973048
2026-02-07 22:00:00+00:00,5069.6224999999995,6033.516666093549,4540.706275603991,7526.327056583106
2026-02-07 23:00:00+00:00,4938.3550000000005,4843.077913413961,3350.2675229244032,6335.888303903519
2026-02-08 00:00:00+00:00,4594.3525,4478.5862768042825,2985.7758863147246,5971.39666729384
2026-02-08 01:00:00+00:00,3976.6375,3974.2816068567554,2481.471216367198,5467.091997346313
2026-02-08 02:00:00+00:00,3552.0675,4131.621009909633,2638.8106194200755,5624.431400399191
2026-02-08 03:00:00+00:00,3116.4625,4043.4183200564817,2550.6079295669238,5536.228710546039
2026-02-08 04:00:00+00:00,2777.9449999999997,3801.5210091342005,2308.7106186446426,5294.331399623758
2026-02-08 05:00:00+00:00,2492.615,3473.783009264681,1980.9726187751226,4966.593399754239
2026-02-08 06:00:00+00:00,2438.8125,3087.595420784942,1594.7850302953839,4580.4058112745
2026-02-08 07:00:00+00:00,2434.605,3396.9363239892286,1904.1259334996707,4889.746714478786
2026-02-08 08:00:00+00:00,2084.265,3300.8858025127465,1808.0754120231886,4793.696193002304
2026-02-08 09:00:00+00:00,1592.8450000000003,3672.8844190643326,2180.0740285747747,5165.69480955389
2026-02-08 10:00:00+00:00,1150.0825,2735.9536980219978,1243.1433075324403,4228.764088511556
2026-02-08 11:00:00+00:00,919.1725000000001,2164.164370242253,671.3539797526946,3656.974760731811
2026-02-08 12:00:00+00:00,890.3125,1804.3219772584025,311.5115867688446,3297.1323677479604
2026-02-08 13:00:00+00:00,943.0774999999999,1888.2984386550334,395.48804816547545,3381.1088291445913
2026-02-08 14:00:00+00:00,1023.0875000000005,2284.229717929643,791.4193274400855,3777.040108419201
2026-02-08 15:00:00+00:00,1078.0850000000005,2452.520310761878,959.7099202723202,3945.330701251436
2026-02-08 16:00:00+00:00,1261.6574999999998,2819.2749758060527,1326.4645853164957,4312.085366295611
2026-02-08 17:00:00+00:00,1736.5275000000001,3452.1675859677302,1959.357195478172,4944.977976457288
2026-02-08 18:00:00+00:00,2175.8575,4271.072048407675,2778.2616579181167,5763.8824388972325
2026-02-08 19:00:00+00:00,2463.1875,4865.138024318986,3372.327633829428,6357.948414808544
2026-02-08 20:00:00+00:00,2741.9449999999997,5224.755565949128,3731.9451754595702,6717.565956438686
2026-02-08 21:00:00+00:00,2978.8175,5709.888257039474,4217.0778665499165,7202.698647529032
2026-02-08 22:00:00+00:00,3071.215,5310.505336451253,3817.694945961696,6803.315726940811
2026-02-08 23:00:00+00:00,3238.91,4916.325044568927,3423.5146540793694,6409.135435058485
2026-02-09 00:00:00+00:00,3470.0950000000003,5330.0733570907,3837.262966601142,6822.8837475802575
2026-02-09 01:00:00+00:00,3890.0825,4977.200054939181,3484.389664449623,6470.010445428739
2026-02-09 02:00:00+00:00,3825.9049999999997,4996.087751971955,3503.2773614823973,6488.898142461513
2026-02-09 03:00:00+00:00,3624.1,5121.97361447115,3629.1632239815917,6614.7840049607075
2026-02-09 04:00:00+00:00,3472.6975,4269.728378390521,2776.9179879009635,5762.538768880079
2026-02-09 05:00:00+00:00,3413.31,3844.8998775005552,2352.0894870109973,5337.710267990114
2026-02-09 06:00:00+00:00,3688.465,4065.3952601635524,2572.5848696739945,5558.20565065311
2026-02-09 07:00:00+00:00,4136.7825,4344.123364793167,2851.312974303609,5836.933755282725
2026-02-09 08:00:00+00:00,4397.7075,4438.164680427643,2945.3542899380855,5930.975070917201
2026-02-09 09:00:00+00:00,4448.3575,4075.5428860428015,2582.7324955532436,5568.353276532359
2026-02-09 10:00:00+00:00,4466.545,3890.818835520173,2398.0084450306153,5383.629226009731
2026-02-09 11:00:00+00:00,4976.7375,4116.516474526397,2623.7060840368395,5609.326865015955
2026-02-09 12:00:00+00:00,5349.61,4358.632703993289,2865.822313503731,5851.443094482846
2026-02-09 13:00:00+00:00,5342.1825,4853.6379038515415,3360.8275133619836,6346.448294341099
2026-02-09 14:00:00+00:00,5699.295,5162.788551566254,3669.978161076696,6655.598942055812
2026-02-09 15:00:00+00:00,6509.8775000000005,5751.705364546273,4258.894974056716,7244.515755035831
2026-02-09 16:00:00+00:00,7615.8625,5444.427090465162,3951.6166999756047,6937.23748095472
2026-02-09 17:00:00+00:00,8857.185000000001,6479.882824746079,4987.07243425652,7972.693215235636
2026-02-09 18:00:00+00:00,10049.655,9508.83364763089,8016.0232571413335,11001.644038120448
2026-02-09 19:00:00+00:00,10821.3475,10876.07806663842,9383.267676148862,12368.888457127978
2026-02-09 20:00:00+00:00,11351.807499999999,11317.970198141607,9825.15980765205,12810.780588631165
2026-02-09 21:00:00+00:00,11315.275,11130.576612629531,9637.766222139973,12623.387003119089
2026-02-09 22:00:00+00:00,11370.8125,10696.779468641587,9203.96907815203,12189.589859131145
2026-02-09 23:00:00+00:00,11181.955,11508.077515439163,10015.267124949605,13000.887905928721
2026-02-10 00:00:00+00:00,10889.675,9653.23518742208,8160.424796932524,11146.045577911638
2026-02-10 01:00:00+00:00,10110.7175,9468.463181795116,7975.652791305559,10961.273572284674
2026-02-10 02:00:00+00:00,9104.655,9570.2178008249,8077.407410335341,11063.028191314457
2026-02-10 03:00:00+00:00,8256.7775,9300.166103417221,7807.355712927664,10792.976493906779
2026-02-10 04:00:00+00:00,7362.0675,9813.394606954604,8320.584216465046,11306.204997444162
2026-02-10 05:00:00+00:00,6656.3075,9303.725116741698,7810.914726252142,10796.535507231258
2026-02-10 06:00:00+00:00,6423.91,7212.816314604739,5720.005924115181,8705.626705094297
2026-02-10 07:00:00+00:00,6040.327499999999,5321.571586415551,3828.7611959259934,6814.381976905109
2026-02-10 08:00:00+00:00,5795.18,5687.342811220952,4194.532420731394,7180.15320171051
2026-02-10 09:00:00+00:00,6269.0275,5158.0646648121265,3665.2542743225686,6650.875055301684
2026-02-10 10:00:00+00:00,6874.64,6064.196218124917,4571.385827635359,7557.006608614474
2026-02-10 11:00:00+00:00,7304.305,7688.953152627957,6196.142762138399,9181.763543117515
2026-02-10 12:00:00+00:00,8039.265,7502.984231449212,6010.173840959654,8995.79462193877
2026-02-10 13:00:00+00:00,8730.5875,8019.615389695697,6526.804999206139,9512.425780185255
2026-02-10 14:00:00+00:00,8820.77,8570.074280172537,7077.263889682979,10062.884670662095
2026-02-10 15:00:00+00:00,9234.654999999999,8877.503497880763,7384.6931073912065,10370.313888370321
2026-02-10 16:00:00+00:00,10159.33,7189.122797961013,5696.312407471455,8681.93318845057
2026-02-10 17:00:00+00:00,11114.7925,7211.7697137199175,5718.95932323036,8704.580104209475
2026-02-10 18:00:00+00:00,12171.7225,8098.712574707245,6605.902184217687,9591.522965196804
2026-02-10 19:00:00+00:00,12730.465,9689.588147767361,8196.777757277803,11182.398538256919
2026-02-10 20:00:00+00:00,12891.605,10375.417384734326,8882.606994244768,11868.227775223884
2026-02-10 21:00:00+00:00,12960.255000000001,10817.486553642026,9324.676163152468,12310.296944131584
2026-02-10 22:00:00+00:00,13555.1525,10458.257966882744,8965.447576393186,11951.0683573723
2026-02-10 23:00:00+00:00,14120.455000000002,10795.62192173288,9302.811531243322,12288.432312222438
2026-02-11 00:00:00+00:00,14217.045000000002,11075.721286074055,9582.910895584495,12568.531676563613
2026-02-11 01:00:00+00:00,13580.310000000001,11612.534615910587,10119.724225421029,13105.345006400144
2026-02-11 02:00:00+00:00,9856.6425,10414.392219437368,8921.581828947812,11907.202609926926
2026-02-11 03:00:00+00:00,10157.3225,11317.56885705662,9824.758466567062,12810.37924754618
2026-02-11 04:00:00+00:00,10294.994999999999,9868.101752825067,8375.291362335509,11360.912143314625
2026-02-11 05:00:00+00:00,14007.880000000001,10456.101273976905,8963.290883487349,11948.911664466463
2026-02-11 06:00:00+00:00,14101.365000000002,10659.733042903772,9166.922652414214,12152.54343339333
2026-02-11 07:00:00+00:00,14194.850000000002,10834.753387365792,9341.942996876234,12327.56377785535
2026-02-11 08:00:00+00:00,14288.335000000003,12026.33969380374,10533.529303314182,13519.150084293298
2026-02-11 09:00:00+00:00,14381.82,12655.181740371381,11162.371349881823,14147.992130860941
2026-02-11 10:00:00+00:00,14475.305,11865.48783771439,10372.677447224833,13358.298228203948
2026-02-11 11:00:00+00:00,14568.79,12515.788788439684,11022.978397950126,14008.599178929242
2026-02-11 12:00:00+00:00,14662.275000000001,12963.500509781716,11470.690119292158,14456.310900271274
2026-02-11 13:00:00+00:00,14755.760000000002,13309.283777557426,11816.473387067868,14802.094168046984
2026-02-11 14:00:00+00:00,14076.6875,11763.850815259348,10271.040424769792,13256.661205748904
2026-02-11 15:00:00+00:00,12889.355,11921.730139788253,10428.919749298695,13414.540530277813
2026-02-11 16:00:00+00:00,11804.9075,10864.059282600152,9371.248892110594,12356.869673089708
2026-02-11 17:00:00+00:00,12478.119999999999,10311.694785492753,8818.884395003195,11804.505175982313
2026-02-11 18:00:00+00:00,14150.765,10745.292733642347,9252.48234315279,12238.103124131905
2026-02-11 19:00:00+00:00,14554.9725,11562.69714167716,10069.886751187601,13055.507532166717
2026-02-11 20:00:00+00:00,15361.02,11250.776002869059,9757.965612379501,12743.586393358619
2026-02-11 21:00:00+00:00,15375.076250000002,13078.47079517668,11585.660404687122,14571.281185666237
2026-02-11 22:00:00+00:00,15389.1325,13612.473914059909,12119.663523570349,15105.284304549466
2026-02-11 23:00:00+00:00,14909.365000000002,15004.820427907369,13512.010037417811,16497.630818396927
2026-02-12 00:00:00+00:00,14979.162500000002,14624.876586661336,13132.066196171778,16117.686977150894
2026-02-12 01:00:00+00:00,14373.73,13530.597816401925,12037.787425912366,15023.408206891483
2026-02-12 02:00:00+00:00,10077.682499999999,13340.788583909245,11847.978193419687,14833.598974398803
2026-02-12 03:00:00+00:00,12802.5875,13639.027353742364,12146.216963252806,15131.837744231925
2026-02-12 04:00:00+00:00,13795.2725,9547.946960256892,8055.136569767334,11040.75735074645
2026-02-12 05:00:00+00:00,14153.130000000001,8273.620340442114,6780.809949952556,9766.430730931672
2026-02-12 06:00:00+00:00,14972.6875,11674.921031339927,10182.110640850371,13167.731421829485
2026-02-12 07:00:00+00:00,14637.91,13159.65627797092,11666.84588748136,14652.466668460478
2026-02-12 08:00:00+00:00,14096.8875,13782.698025755384,12289.887635265826,15275.508416244942
2026-02-12 09:00:00+00:00,13757.947500000002,11321.78033542948,9828.969944939923,12814.590725919037
2026-02-12 10:00:00+00:00,13847.955000000002,10355.228877892983,8862.418487403425,11848.039268382541
2026-02-12 11:00:00+00:00,13682.642500000002,10309.605173760108,8816.79478327055,11802.415564249668
2026-02-12 12:00:00+00:00,13273.127500000002,10952.425857851104,9459.615467361546,12445.236248340661
2026-02-12 13:00:00+00:00,8583.025,11185.933719313452,9693.123328823895,12678.74410980301
2026-02-12 14:00:00+00:00,14363.100000000002,11799.592180153872,10306.781789664314,13292.40257064343
2026-02-12 15:00:00+00:00,14482.865000000002,11898.6466363004,10405.836245810842,13391.457026789958
2026-02-12 16:00:00+00:00,14602.630000000001,14412.242439996175,12919.432049506617,15905.052830485733
2026-02-12 17:00:00+00:00,14722.395,13224.740293618674,11731.929903129116,14717.550684108232
2026-02-12 18:00:00+00:00,14842.16,12858.439250986874,11365.628860497316,14351.249641476432
2026-02-12 19:00:00+00:00,14961.925,14337.454408062546,12844.644017572988,15830.264798552103
2026-02-12 20:00:00+00:00,14621.482500000002,13355.48650208773,11862.676111598172,14848.296892577288
2026-02-12 21:00:00+00:00,13514.1025,12308.04052219944,10815.230131709883,13800.850912688999
2026-02-12 22:00:00+00:00,12074.779999999999,12097.209843189983,10604.399452700425,13590.020233679541
2026-02-12 23:00:00+00:00,10738.8125,11569.520809915719,10076.710419426161,13062.331200405279
2026-02-13 00:00:00+00:00,9748.95,10563.367209439057,9070.5568189495,12056.177599928615
2026-02-13 01:00:00+00:00,8613.6075,9092.899741012985,7600.089350523426,10585.710131502543
2026-02-13 02:00:00+00:00,8076.3975,7560.0585394220925,6067.248148932535,9052.86892991165
2026-02-13 03:00:00+00:00,7088.9725,7474.578070636922,5981.767680147364,8967.38846112648
2026-02-13 04:00:00+00:00,6074.55,6590.510839091872,5097.700448602315,8083.32122958143
2026-02-13 05:00:00+00:00,5311.0875,7144.41382539064,5651.603434901082,8637.224215880198
2026-02-13 06:00:00+00:00,4744.4625,5777.424529301059,4284.614138811501,7270.234919790617
2026-02-13 07:00:00+00:00,4181.9775,5664.507642061078,4171.69725157152,7157.3180325506355
2026-02-13 08:00:00+00:00,3640.6125,5169.103812245644,3676.2934217560855,6661.914202735201
2026-02-13 09:00:00+00:00,3296.05,5070.751100510404,3577.940710020847,6563.561490999962
2026-02-13 10:00:00+00:00,3281.1575000000003,4442.052515110034,2949.2421246204754,5934.862905599591
2026-02-13 11:00:00+00:00,3110.1925,4479.942128682015,2987.1317381924578,5972.752519171573
2026-02-13 12:00:00+00:00,2496.57,4220.377529467877,2727.5671389783197,5713.187919957435
2026-02-13 13:00:00+00:00,2002.8450000000003,4096.4030596284365,2603.592669138878,5589.2134501179935
2026-02-13 14:00:00+00:00,1678.185,3894.0175427768518,2401.207152287294,5386.82793326641
2026-02-13 15:00:00+00:00,1366.1875,3568.283030702033,2075.4726402124757,5061.093421191591
2026-02-13 16:00:00+00:00,1415.8649999999998,2449.9236429566167,957.1132524670593,3942.7340334461746
2026-02-13 17:00:00+00:00,2030.3249999999998,3000.7216056854795,1507.9112151959216,4493.531996175037
2026-02-13 18:00:00+00:00,3034.8975,3454.6369772274907,1961.8265867379328,4947.447367717048
2026-02-13 19:00:00+00:00,3974.0775,4059.031906985989,2566.221516496431,5551.842297475547
2026-02-13 20:00:00+00:00,4815.8925,4393.190626336871,2900.3802358473135,5886.001016826429
2026-02-13 21:00:00+00:00,5735.625,5722.649253501698,4229.83886301214,7215.459643991256
2026-02-13 22:00:00+00:00,6617.82,6111.161605342709,4618.351214853151,7603.971995832268
2026-02-13 23:00:00+00:00,7916.17,6201.639991790631,4708.829601301074,7694.450382280189
2026-02-14 00:00:00+00:00,9282.9025,7065.419282074115,5544.480264230249,8586.35829991798
2026-02-14 01:00:00+00:00,10286.98,7886.014879118415,6365.0758612745485,9406.95389696228
2026-02-14 02:00:00+00:00,11164.76,9041.495169197566,7520.5561513536995,10562.43418704143
2026-02-14 03:00:00+00:00,12451.445,10148.035554202681,8627.096536358815,11668.974572046547
2026-02-14 04:00:00+00:00,13645.3825,10649.76003006504,9128.821012221173,12170.699047908905
2026-02-14 05:00:00+00:00,14036.93,11841.48632306289,10320.547305219025,13362.425340906757
2026-02-14 06:00:00+00:00,14673.93,12198.996251533259,10678.057233689393,13719.935269377125
2026-02-14 07:00:00+00:00,14749.52,11350.534799985908,9829.595782142042,12871.473817829774
2026-02-14 08:00:00+00:00,14485.535,11011.629430280946,9490.690412437081,12532.568448124812
2026-02-14 09:00:00+00:00,14373.127500000002,11546.254299625578,10025.315281781714,13067.193317469442
2026-02-14 10:00:00+00:00,14224.1025,9702.416352829143,8181.477334985278,11223.355370673009
2026-02-14 11:00:00+00:00,13654.932499999999,9254.117960872009,7733.178943028142,10775.056978715875
2026-02-14 12:00:00+00:00,12923.685000000001,10223.086453395736,8702.147435551871,11744.025471239602
2026-02-14 13:00:00+00:00,12040.605,9872.812190750308,8351.873172906442,11393.751208594173
2026-02-14 14:00:00+00:00,11075.01,9882.208925421497,8361.26990757763,11403.147943265361
2026-02-14 15:00:00+00:00,9164.12,9779.308074106317,8258.369056262452,11300.247091950183
2026-02-14 16:00:00+00:00,6885.3025,9421.58775606325,7900.6487382193845,10942.526773907117
2026-02-14 17:00:00+00:00,5414.4475,5569.295337638519,4048.3563197946537,7090.234355482385
2026-02-14 18:00:00+00:00,4491.8,4862.944080423791,3342.005062579925,6383.883098267656
2026-02-14 19:00:00+00:00,3431.1075,4503.331127893208,2982.392110049342,6024.270145737073
2026-02-14 20:00:00+00:00,2902.0275,4116.2408578015,2595.3018399576345,5637.179875645365
2026-02-14 21:00:00+00:00,2598.6,3376.730013488136,1855.7909956442704,4897.669031332001
2026-02-14 22:00:00+00:00,2371.8450000000003,2898.1141337901236,1377.1751159462583,4419.05315163399
2026-02-14 23:00:00+00:00,2432.6175,2841.338093691482,1320.3990758476166,4362.277111535347
2026-02-15 00:00:00+00:00,2796.44,2413.1715658002413,892.2325479563756,3934.1105836441066
2026-02-15 01:00:00+00:00,3295.1025,2652.9406283946205,1132.0016105507548,4173.879646238486
2026-02-15 02:00:00+00:00,4005.5024999999996,2660.440107307873,1139.5010894640072,4181.379125151739
2026-02-15 03:00:00+00:00,4667.305,2860.100564678927,1339.1615468350615,4381.039582522792
2026-02-15 04:00:00+00:00,5386.12,3658.188358967137,2137.2493411232713,5179.127376811002
2026-02-15 05:00:00+00:00,6526.6475,3893.984612505417,2373.0455946615516,5414.923630349283
2026-02-15 06:00:00+00:00,7064.6375,4999.2128582963005,3478.2738404524353,6520.151876140166
2026-02-15 07:00:00+00:00,8098.1375,5172.021949321943,3651.0829314780767,6692.960967165808
2026-02-15 08:00:00+00:00,9538.087500000001,7118.203368012031,5597.264350168166,8639.142385855897
2026-02-15 09:00:00+00:00,11389.11,7897.100157375844,6376.161139531978,9418.03917521971
2026-02-15 10:00:00+00:00,13540.502500000002,10537.82722750268,9016.888209658813,12058.766245346545
2026-02-15 11:00:00+00:00,14755.337500000001,11046.209937991622,9525.270920147756,12567.148955835488
2026-02-15 12:00:00+00:00,15202.564999999999,11949.339065747568,10428.400047903702,13470.278083591435
2026-02-15 13:00:00+00:00,15176.717499999999,12179.033427704913,10658.094409861049,13699.972445548778
2026-02-15 14:00:00+00:00,15032.2725,12162.873313750715,10641.934295906849,13683.812331594581
2026-02-15 15:00:00+00:00,14452.475000000002,13475.438668499162,11954.499650655296,14996.377686343028
2026-02-15 16:00:00+00:00,13751.037500000002,13498.760799559168,11977.821781715302,15019.699817403034
2026-02-15 17:00:00+00:00,13381.1325,14220.892669633471,12699.953651789605,15741.831687477337
2026-02-15 18:00:00+00:00,12922.7625,12123.619595286877,10602.68057744301,13644.558613130743
2026-02-15 19:00:00+00:00,13303.712500000001,11633.190675218168,10112.251657374301,13154.129693062034
2026-02-15 20:00:00+00:00,14239.154999999999,11016.771267411088,9495.832249567224,12537.710285254954
2026-02-15 21:00:00+00:00,14911.125,11541.405836745647,10020.466818901783,13062.344854589512
2026-02-15 22:00:00+00:00,15498.505000000001,12783.219788488273,11262.280770644407,14304.15880633214
2026-02-15 23:00:00+00:00,15474.088749999999,14083.855069191304,12562.916051347438,15604.79408703517
2026-02-16 00:00:00+00:00,15449.6725,11916.575056596896,10395.636038753031,13437.514074440762
2026-02-16 01:00:00+00:00,10259.985,14333.888677515482,12812.949659671616,15854.827695359349
2026-02-16 02:00:00+00:00,9923.6275,13456.285638408419,11935.346620564553,14977.224656252285
2026-02-16 03:00:00+00:00,9253.17,13801.161674646035,12280.222656802169,15322.100692489901
2026-02-16 04:00:00+00:00,12692.25,12685.419278111662,11164.480260267796,14206.358295955528
2026-02-16 05:00:00+00:00,12609.775000000001,10953.862901111312,9432.923883267445,12474.801918955178
2026-02-16 06:00:00+00:00,12558.900000000001,8484.908862010137,6963.969844166272,10005.847879854004
2026-02-16 07:00:00+00:00,12562.3375,11553.440081998637,10032.50106415477,13074.379099842503
2026-02-16 08:00:00+00:00,13504.1675,10984.525350122636,9463.58633227877,12505.464367966502
2026-02-16 09:00:00+00:00,14205.3125,11946.040109632335,10425.10109178847,13466.9791274762
2026-02-16 10:00:00+00:00,15180.1025,13162.418571910537,11641.479554066673,14683.357589754403
2026-02-16 11:00:00+00:00,15482.93,14953.482718646439,13432.543700802573,16474.4217364903
2026-02-16 12:00:00+00:00,10765.8875,13403.795051183679,11882.856033339813,14924.734069027545
2026-02-16 13:00:00+00:00,11526.5625,11984.002788113252,10463.063770269386,13504.941805957118
2026-02-16 14:00:00+00:00,11915.639375,14815.160955596766,13294.221937752904,16336.099973440632
2026-02-16 15:00:00+00:00,12304.71625,14665.51855472006,13144.579536876194,16186.457572563926
2026-02-16 16:00:00+00:00,12693.793125,12930.465897791348,11409.526879947483,14451.404915635212
2026-02-16 17:00:00+00:00,13082.869999999999,13664.314250302392,12143.375232458528,15185.253268146258
2026-02-16 18:00:00+00:00,13471.946875000001,14280.118687725382,12759.179669881516,15801.057705569248
2026-02-16 19:00:00+00:00,13861.02375,14198.99548674022,12678.056468896355,15719.934504584086
2026-02-16 20:00:00+00:00,14250.100625,14225.125822395737,12704.186804551871,15746.064840239604
2026-02-16 21:00:00+00:00,14639.177500000002,14257.143312319778,12736.204294475912,15778.082330163645
2026-02-16 22:00:00+00:00,13697.377500000002,13953.726649037064,12432.787631193198,15474.66566688093
2026-02-16 23:00:00+00:00,13046.942500000001,14079.431795787335,12558.492777943473,15600.370813631202
2026-02-17 00:00:00+00:00,11850.357499999998,12098.725057784133,10577.786039940269,13619.664075628
2026-02-17 01:00:00+00:00,11890.017500000002,12125.295661896726,10604.35664405286,13646.234679740592
2026-02-17 02:00:00+00:00,11563.654999999999,9814.393386397067,8293.4543685532,11335.332404240933
2026-02-17 03:00:00+00:00,11160.3575,9004.090232639914,7483.1512147960475,10525.029250483778
2026-02-17 04:00:00+00:00,10918.8825,9089.15595056412,7568.216932720254,10610.094968407986
2026-02-17 05:00:00+00:00,10963.1025,10582.488047193176,9061.549029349311,12103.427065037042
2026-02-17 06:00:00+00:00,11404.1225,8128.574417632015,6607.635399788149,9649.513435475881
2026-02-17 07:00:00+00:00,11112.23,9113.553295247251,7592.614277403386,10634.492313091117
2026-02-17 08:00:00+00:00,10155.404999999999,8923.915904695325,7402.976886851458,10444.85492253919
2026-02-17 09:00:00+00:00,10340.43,10124.839928125013,8603.900910281147,11645.778945968877
2026-02-17 10:00:00+00:00,10477.715,10107.129485035339,8586.190467191473,11628.068502879203
2026-02-17 11:00:00+00:00,9703.099999999999,10232.283465541714,8711.344447697847,11753.222483385578
2026-02-17 12:00:00+00:00,8259.0475,8211.038005295246,6690.098987451382,9731.977023139112
2026-02-17 13:00:00+00:00,6931.21,7996.829671456459,6475.890653612594,9517.768689300327
2026-02-17 14:00:00+00:00,5641.25,6854.349514844198,5333.410497000332,8375.288532688062
2026-02-17 15:00:00+00:00,4296.97,6704.45287093105,5183.5138530871845,8225.391888774915
2026-02-17 16:00:00+00:00,3181.1725,4872.21142200699,3351.272404163124,6393.150439850855
2026-02-17 17:00:00+00:00,2656.8675,3557.7903853603334,2036.8513675164677,5078.729403204199
2026-02-17 18:00:00+00:00,2498.6075,3802.014415642061,2281.075397798196,5322.953433485926
2026-02-17 19:00:00+00:00,2552.875,3446.831788159921,1925.8927703160552,4967.770806003787
2026-02-17 20:00:00+00:00,2604.0375000000004,3061.421304835662,1540.4822869917962,4582.360322679528
2026-02-17 21:00:00+00:00,2904.4825,2381.808604862061,860.8695870181955,3902.747622705927
2026-02-17 22:00:00+00:00,3462.2825000000003,1562.1675346771317,41.22851683326553,3083.106552520997
2026-02-17 23:00:00+00:00,4612.255,1476.6517241850725,-44.287293658792805,2997.5907420289377
2026-02-18 00:00:00+00:00,5559.4475,1896.6282119162265,375.6891940723608,3417.5672297600922
2026-02-18 01:00:00+00:00,6373.6725,2811.3180220208187,1290.3790041769535,4332.257039864684
2026-02-18 02:00:00+00:00,6818.0875,3454.500716166992,1933.5616983231262,4975.439734010858
2026-02-18 03:00:00+00:00,7037.1975,3806.6324574360633,2285.6934395921976,5327.571475279929
2026-02-18 04:00:00+00:00,7482.3425,4240.064256578632,2719.1252387347663,5761.003274422497
2026-02-18 05:00:00+00:00,7899.3425,5387.850671320433,3866.911653476568,6908.7896891642995
2026-02-18 06:00:00+00:00,8663.0525,7127.77095304497,5606.831935201104,8648.709970888835
2026-02-18 07:00:00+00:00,9751.6675,8323.982447252061,6803.043429408195,9844.921465095926
2026-02-18 08:00:00+00:00,10471.26,9746.473672146978,8225.534654303112,11267.412689990844
2026-02-18 09:00:00+00:00,10496.4425,10091.488500775078,8570.549482931212,11612.427518618944
2026-02-18 10:00:00+00:00,10927.4725,12123.666421138078,10602.727403294211,13644.605438981944
2026-02-18 11:00:00+00:00,11076.2825,11323.612400688746,9802.673382844881,12844.551418532614
2026-02-18 12:00:00+00:00,11235.785,10208.624735343314,8687.685717499447,11729.56375318718
2026-02-18 13:00:00+00:00,12080.505000000001,9096.109351306008,7575.170333462142,10617.048369149874
2026-02-18 14:00:00+00:00,12610.1625,8679.18591023669,7158.246892392825,10200.124928080557
2026-02-18 15:00:00+00:00,13082.677500000002,7735.340589590272,6214.401571746407,9256.279607434139
2026-02-18 16:00:00+00:00,13188.9875,8148.792438934188,6627.853421090323,9669.731456778054
2026-02-18 17:00:00+00:00,13018.275000000001,10440.701011892888,8919.761994049022,11961.640029736755
2026-02-18 18:00:00+00:00,12508.3325,9475.151081492873,7954.212063649009,10996.09009933674
2026-02-18 19:00:00+00:00,11853.945,9293.390224541774,7772.45120669791,10814.32924238564
2026-02-18 20:00:00+00:00,12511.705,8669.876294095726,7148.93727625186,10190.81531193959
2026-02-18 21:00:00+00:00,12933.76,9626.790192845052,8105.851175001188,11147.729210688918
2026-02-18 22:00:00+00:00,12894.055,10271.225989846744,8750.286972002878,11792.165007690608
2026-02-18 23:00:00+00:00,12607.8825,11078.940569111302,9558.001551267436,12599.879586955169
2026-02-19 00:00:00+00:00,12831.805,10166.58227816752,8645.643260323655,11687.521296011386
2026-02-19 01:00:00+00:00,12703.794999999998,11179.78441097232,9658.845393128453,12700.723428816182
2026-02-19 02:00:00+00:00,12468.575,11105.172013367079,9584.232995523214,12626.111031210945
2026-02-19 03:00:00+00:00,12276.43,11730.263352717928,10209.324334874062,13251.202370561794
2026-02-19 04:00:00+00:00,12056.395,11369.594240114791,9848.655222270925,12890.533257958657
2026-02-19 05:00:00+00:00,11735.5825,10372.17651045172,8851.237492607856,11893.115528295584
2026-02-19 06:00:00+00:00,11621.12,9026.892041964622,7505.953024120757,10547.831059808488
2026-02-19 07:00:00+00:00,11226.432499999999,9878.588141193006,8357.64912334914,11399.527159036872
2026-02-19 08:00:00+00:00,10572.68,9172.744218163185,7651.805200319319,10693.68323600705
2026-02-19 09:00:00+00:00,9327.5025,6911.004877945511,5390.065860101646,8431.943895789376
2026-02-19 10:00:00+00:00,8826.029999999999,6966.981661718373,5446.042643874507,8487.920679562238
2026-02-19 11:00:00+00:00,8770.695,5575.560667812322,4054.621649968456,7096.4996856561875
2026-02-19 12:00:00+00:00,8461.2575,4729.878161851204,3208.9391440073387,6250.81717969507
2026-02-19 13:00:00+00:00,8312.7125,5103.756163097914,3582.817145254049,6624.695180941781
2026-02-19 14:00:00+00:00,8393.8125,4935.8726028506835,3414.9335850068182,6456.81162069455
2026-02-19 15:00:00+00:00,8320.12,4760.394082788511,3239.4550649446446,6281.333100632376
2026-02-19 16:00:00+00:00,8464.692500000001,5289.866659390933,3768.9276415470677,6810.805677234799
2026-02-19 17:00:00+00:00,8689.91,4751.305815246854,3230.366797402988,6272.244833090719
2026-02-19 18:00:00+00:00,8400.657500000001,5457.6853922772325,3936.7463744333672,6978.624410121098
2026-02-19 19:00:00+00:00,8038.6900000000005,6795.0813281849905,5274.142310341125,8316.020346028858
2026-02-19 20:00:00+00:00,7695.695,5790.828693049763,4269.889675205898,7311.76771089363
2026-02-19 21:00:00+00:00,7474.6,6302.086926094377,4781.147908250512,7823.025943938243
2026-02-19 22:00:00+00:00,7465.0075,4891.7554475967445,3370.8164297528792,6412.694465440611
2026-02-19 23:00:00+00:00,7293.025,4878.032365788208,3357.093347944342,6398.971383632073
2026-02-20 00:00:00+00:00,6679.35,6539.765751447649,5018.8267336037825,8060.704769291514
2026-02-20 01:00:00+00:00,6055.8925,6930.284439783487,5409.345421939622,8451.223457627353
2026-02-20 02:00:00+00:00,5680.0575,5802.483032487458,4281.544014643593,7323.422050331324
2026-02-20 03:00:00+00:00,5219.675,4536.347013114389,3015.407995270523,6057.286030958254
2026-02-20 04:00:00+00:00,5080.05,4158.777948308565,2637.8389304646994,5679.71696615243
2026-02-20 05:00:00+00:00,4730.225,3905.325266436218,2384.386248592353,5426.264284280084
2026-02-20 06:00:00+00:00,4145.655,3953.4870012771034,2432.5479834332377,5474.426019120969
2026-02-20 07:00:00+00:00,3910.2925,5657.6607967621785,4136.721778918313,7178.599814606045
2026-02-20 08:00:00+00:00,3819.8599999999997,4894.77527284479,3373.8362550009247,6415.714290688656
2026-02-20 09:00:00+00:00,4126.8525,4490.783202126655,2969.8441842827892,6011.72221997052
2026-02-20 10:00:00+00:00,4882.1375,4259.696461421352,2738.757443577487,5780.635479265218
2026-02-20 11:00:00+00:00,6220.4875,5011.995842184361,3491.0568243404955,6532.9348600282265
2026-02-20 12:00:00+00:00,7242.1900000000005,6777.758227638523,5256.819209794657,8298.697245482388
2026-02-20 13:00:00+00:00,7629.8325,6527.7980025078905,5006.858984664024,8048.737020351756
2026-02-20 14:00:00+00:00,8230.75,7798.441132234115,6277.502114390249,9319.380150077981
2026-02-20 15:00:00+00:00,8600.8625,7664.420304698977,6143.481286855111,9185.359322542841
2026-02-20 16:00:00+00:00,9139.2225,5765.412825548738,4244.473807704872,7286.351843392604
2026-02-20 17:00:00+00:00,10488.085,7835.575596636054,6314.636578792189,9356.51461447992
2026-02-20 18:00:00+00:00,11986.3,9746.681855165069,8225.742837321202,11267.620873008935
2026-02-20 19:00:00+00:00,13033.625,11607.644395751147,10086.705377907281,13128.583413595014
2026-02-20 20:00:00+00:00,13895.325,12711.405262769851,11190.466244925987,14232.344280613717
2026-02-20 21:00:00+00:00,13638.375,13825.58217962314,12304.643161779273,15346.521197467002
2026-02-20 22:00:00+00:00,13652.6125,13550.008942427718,12029.069924583851,15070.94796027158
2026-02-20 23:00:00+00:00,13378.365000000002,11392.57365878499,9871.634640941124,12913.512676628856
2026-02-21 00:00:00+00:00,12984.64,11597.232394760817,10094.311566300472,13100.153223221161
2026-02-21 01:00:00+00:00,12360.8875,10421.39073229298,8918.469903832634,11924.311560753325
2026-02-21 02:00:00+00:00,11741.235,8779.524734947061,7276.603906486716,10282.445563407407
2026-02-21 03:00:00+00:00,11290.3375,8700.322687177411,7197.401858717067,10203.243515637758
2026-02-21 04:00:00+00:00,10708.04,8999.537412338568,7496.616583878223,10502.458240798915
2026-02-21 05:00:00+00:00,10739.66,10647.53467322078,9144.613844760433,12150.455501681125
2026-02-21 06:00:00+00:00,11336.8675,9865.767130347456,8362.84630188711,11368.6879588078
2026-02-21 07:00:00+00:00,11582.5625,10417.743919979679,8914.823091519334,11920.664748440026
2026-02-21 08:00:00+00:00,11724.157500000001,10385.979840765402,8883.059012305053,11888.900669225746
2026-02-21 09:00:00+00:00,11810.6125,8794.35288933177,7291.432060871425,10297.273717792115
2026-02-21 10:00:00+00:00,11783.5375,10394.585657350943,8891.664828890598,11897.50648581129
2026-02-21 11:00:00+00:00,11568.84,11088.29631418288,9585.375485722536,12591.217142643227
2026-02-21 12:00:00+00:00,7554.515,9467.588517531107,7964.66768907076,10970.509345991453
2026-02-21 13:00:00+00:00,6815.8275,7091.739900764025,5588.81907230368,8594.660729224372
2026-02-21 14:00:00+00:00,6332.8925,6995.672487918091,5492.7516594577455,8498.593316378438
2026-02-21 15:00:00+00:00,8859.8675,7736.389576445217,6233.468747984871,9239.310404905562
2026-02-21 16:00:00+00:00,8750.502499999999,6502.899940458183,4999.979111997837,8005.820768918528
2026-02-21 17:00:00+00:00,9126.6325,6832.6257349694615,5329.704906509116,8335.546563429807
2026-02-21 18:00:00+00:00,9668.085,7185.257727744605,5682.33689928426,8688.178556204952
2026-02-21 19:00:00+00:00,9638.3175,7622.802461254236,6119.881632793889,9125.72328971458
2026-02-21 20:00:00+00:00,9698.5,9130.359233987958,7627.438405527611,10633.280062448302
2026-02-21 21:00:00+00:00,9722.555,8318.508899595932,6815.588071135587,9821.429728056279
2026-02-21 22:00:00+00:00,9817.8275,7636.443178390992,6133.522349930647,9139.364006851338
2026-02-21 23:00:00+00:00,9839.18,8303.814713730359,6800.893885270013,9806.735542190705
2026-02-22 00:00:00+00:00,9623.880000000001,6457.740298858655,4954.819470398309,7960.661127319
2026-02-22 01:00:00+00:00,9746.5375,5097.33418369309,3594.4133552327444,6600.255012153435
2026-02-22 02:00:00+00:00,9916.1325,5197.861629306063,3694.9408008457176,6700.782457766409
2026-02-22 03:00:00+00:00,10070.6325,7230.778712775181,5727.857884314835,8733.699541235526
2026-02-22 04:00:00+00:00,10040.11,6724.775999236232,5221.855170775886,8227.696827696578
2026-02-22 05:00:00+00:00,10117.0475,6922.009256267389,5419.088427807043,8424.930084727734
2026-02-22 06:00:00+00:00,10194.1075,7119.964037757011,5617.043209296666,8622.884866217357
2026-02-22 07:00:00+00:00,10482.275,7462.530091611423,5959.609263151078,8965.45092007177
2026-02-22 08:00:00+00:00,10517.4975,8693.91898151078,7190.998153050434,10196.839809971125
2026-02-22 09:00:00+00:00,6937.7474999999995,8872.649496562575,7369.728668102229,10375.57032502292
2026-02-22 10:00:00+00:00,6958.8025,8550.865503203646,7047.944674743301,10053.786331663992
2026-02-22 11:00:00+00:00,7013.035,8446.05037532386,6943.129546863515,9948.971203784207
2026-02-22 12:00:00+00:00,7076.3975,8811.091940015105,7308.17111155476,10314.012768475452
2026-02-22 13:00:00+00:00,7011.88,8523.991997272751,7021.071168812405,10026.912825733096
2026-02-22 14:00:00+00:00,6754.015,10533.099712029183,9030.178883568839,12036.02054048953
2026-02-22 15:00:00+00:00,6736.6425,8986.926188573238,7484.005360112892,10489.847017033584
2026-02-22 16:00:00+00:00,10333.43,8377.966930883296,6875.046102422952,9880.887759343643
2026-02-22 17:00:00+00:00,11098.59,10079.579487441428,8576.658658981083,11582.500315901772
2026-02-22 18:00:00+00:00,10739.717499999999,9617.090400072659,8114.169571612313,11120.011228533003
2026-02-22 19:00:00+00:00,11007.2125,8731.449537881646,7228.528709421302,10234.370366341991
2026-02-22 20:00:00+00:00,11336.685,10323.479284486268,8820.558456025923,11826.400112946612
2026-02-22 21:00:00+00:00,10676.5175,9976.641987349574,8473.721158889228,11479.56281580992
2026-02-22 22:00:00+00:00,10344.535,9202.322594496614,7699.40176603627,10705.24342295696
2026-02-22 23:00:00+00:00,10184.515,8847.39528938417,7344.474460923824,10350.316117844515
2026-02-23 00:00:00+00:00,9588.1625,7248.606930861607,5745.686102401261,8751.527759321953
2026-02-23 01:00:00+00:00,9531.3475,7417.613447196508,5914.692618736162,8920.534275656853
2026-02-23 02:00:00+00:00,9436.545,6941.6070908638885,5438.686262403542,8444.527919324233
2026-02-23 03:00:00+00:00,9117.86,8105.794421057615,6602.87359259727,9608.715249517962
2026-02-23 04:00:00+00:00,8761.8125,7356.032555955982,5853.111727495638,8858.953384416329
2026-02-23 05:00:00+00:00,8467.5325,7816.213239575023,6313.292411114677,9319.134068035368
2026-02-23 06:00:00+00:00,8521.682499999999,6901.314014674036,5398.393186213691,8404.234843134382
2026-02-23 07:00:00+00:00,8566.869999999999,5772.184725605709,4269.263897145363,7275.1055540660545
2026-02-23 08:00:00+00:00,8266.795,6727.824239161289,5224.903410700944,8230.745067621636
2026-02-23 09:00:00+00:00,8266.5125,7111.399793005763,5608.4789645454175,8614.32062146611
2026-02-23 10:00:00+00:00,8443.8875,6569.9914350499785,5067.070606589633,8072.912263510324
2026-02-23 11:00:00+00:00,8824.6675,6627.956155066653,5125.035326606307,8130.876983526998
2026-02-23 12:00:00+00:00,8834.9225,6728.648795149301,5225.727966688955,8231.569623609646
2026-02-23 13:00:00+00:00,8649.5625,7393.573959757037,5890.653131296692,8896.494788217384
2026-02-23 14:00:00+00:00,7151.35,7109.856441158294,5606.935612697948,8612.77726961864
2026-02-23 15:00:00+00:00,7196.5425,6596.185146719337,5093.264318258991,8099.105975179682
2026-02-23 16:00:00+00:00,6458.5125,5966.178680451036,4463.257851990691,7469.099508911382
2026-02-23 17:00:00+00:00,5683.9325,5334.826912531894,3831.9060840715483,6837.747740992239
2026-02-23 18:00:00+00:00,5669.7025,5341.445852814549,3838.525024354203,6844.366681274894
2026-02-23 19:00:00+00:00,6029.74,5667.505914984854,4164.585086524508,7170.4267434451995
2026-02-23 20:00:00+00:00,6214.065,5359.340747831544,3856.419919371199,6862.26157629189
2026-02-23 21:00:00+00:00,6826.3675,5357.157700220771,3854.236871760426,6860.078528681117
2026-02-23 22:00:00+00:00,7537.98,5732.829641053843,4229.908812593498,7235.750469514189
2026-02-23 23:00:00+00:00,7740.25,6525.792858154562,5022.8720296942165,8028.7136866149085
2026-02-24 00:00:00+00:00,7654.56,6547.178498753534,5044.257670293188,8050.099327213879
2026-02-24 01:00:00+00:00,7297.905000000001,6448.43943072249,4945.518602262144,7951.360259182835
2026-02-24 02:00:00+00:00,6636.8,6472.043562189442,4969.122733729097,7974.964390649788
2026-02-24 03:00:00+00:00,5934.0425,6207.196932269795,4704.2761038094495,7710.1177607301415
2026-02-24 04:00:00+00:00,5133.325,5638.7247764231515,4135.803947962806,7141.645604883497
2026-02-24 05:00:00+00:00,4400.1849999999995,4907.865985542095,3404.9451570817487,6410.78681400244
2026-02-24 06:00:00+00:00,3818.265,3870.9696993800444,2368.0488709196984,5373.89052784039
2026-02-24 07:00:00+00:00,3316.4525000000003,3386.632157628761,1883.7113291684154,4889.5529860891065
2026-02-24 08:00:00+00:00,2818.085,2865.703086103241,1362.7822576428948,4368.623914563586
2026-02-24 09:00:00+00:00,2257.9525,2566.8182127353443,1063.8973842749988,4069.73904119569
2026-02-24 10:00:00+00:00,1824.8824999999997,2511.789949780635,1008.8691213202901,4014.7107782409807
2026-02-24 11:00:00+00:00,1656.6875,1803.2623202079494,300.34149174760387,3306.183148668295
2026-02-24 12:00:00+00:00,1610.4325,1490.8790698212947,-12.041758639050386,2993.7998982816407
2026-02-24 13:00:00+00:00,1581.225,1163.8404213886106,-339.08040707173495,2666.7612498489566
2026-02-24 14:00:00+00:00,1720.2649999999999,1120.1982903161934,-382.7225381441531,2623.119118776539
2026-02-24 15:00:00+00:00,2081.6425,1275.9437139458678,-226.97711451447776,2778.8645424062133
2026-02-24 16:00:00+00:00,2424.9975,1675.2702168451342,172.34938838478865,3178.1910453054797
2026-02-24 17:00:00+00:00,3189.56,2123.855625702051,620.9347972417054,3626.7764541623965
2026-02-24 18:00:00+00:00,4371.195,2528.311997175114,1025.3911687147684,4031.2328256354594
2026-02-24 19:00:00+00:00,5403.0,3982.6409646639872,2479.7201362036417,5485.561793124333
2026-02-24 20:00:00+00:00,5908.62,5029.861202235821,3526.940373775475,6532.782030696167
2026-02-24 21:00:00+00:00,6025.0175,4822.412173981491,3319.4913455211454,6325.3330024418365
2026-02-24 22:00:00+00:00,6193.7474999999995,5130.138062028807,3627.217233568462,6633.058890489153
2026-02-24 23:00:00+00:00,6254.2300000000005,4800.38838305295,3297.4675545926048,6303.309211513296
2026-02-25 00:00:00+00:00,6196.42,5223.032455206021,3720.1116267456755,6725.9532836663675
2026-02-25 01:00:00+00:00,6016.005,5577.8284613781125,4074.907632917767,7080.749289838459
2026-02-25 02:00:00+00:00,5847.115,5301.246842903402,3798.326014443056,6804.167671363747
2026-02-25 03:00:00+00:00,5471.405,5273.099692635137,3770.1788641747917,6776.020521095483
2026-02-25 04:00:00+00:00,5295.665,5071.143142865439,3568.222314405093,6574.063971325784
2026-02-25 05:00:00+00:00,5352.135,4913.981889232722,3411.061060772376,6416.902717693068
2026-02-25 06:00:00+00:00,5577.0075,5384.188591320707,3881.267762860361,6887.109419781053
2026-02-25 07:00:00+00:00,5607.5375,5997.946466814503,4495.025638354157,7500.867295274848
2026-02-25 08:00:00+00:00,4909.035,5934.919050668801,4431.998222208455,7437.8398791291465
2026-02-25 09:00:00+00:00,3483.3375,4697.285262134604,3194.364433674258,6200.206090594949
2026-02-25 10:00:00+00:00,2578.44,3761.4528012454048,2258.531972785059,5264.37362970575
2026-02-25 11:00:00+00:00,2289.145,2876.7173647859536,1373.796536325608,4379.638193246299
2026-02-25 12:00:00+00:00,2045.2024999999999,2498.385883359677,995.4650548993313,4001.3067118200224
2026-02-25 13:00:00+00:00,1381.3575,2734.2058965804936,1231.2850681201476,4237.126725040839
2026-02-25 14:00:00+00:00,1988.81,3258.2420438796416,1755.3212154192965,4761.162872339987
2026-02-25 15:00:00+00:00,2143.9049999999997,3319.821509031767,1816.9006805714216,4822.742337492113
2026-02-25 16:00:00+00:00,2231.415,3661.49131903495,2158.5704905746043,5164.412147495295
2026-02-25 17:00:00+00:00,2907.7174999999997,4196.781599823501,2693.860771363156,5699.7024282838465
2026-02-25 18:00:00+00:00,4073.69,5170.420664440439,3667.499835980094,6673.341492900785
2026-02-25 19:00:00+00:00,4972.895,4540.097572581448,3037.1767441211023,6043.018401041793
2026-02-25 20:00:00+00:00,5513.0525,4340.540845489699,2837.620017029353,5843.461673950044
2026-02-25 21:00:00+00:00,5524.764999999999,4432.3749090391175,2929.454080578772,5935.295737499464
2026-02-25 22:00:00+00:00,5534.625,4430.257286072653,2927.336457612307,5933.178114532999
2026-02-25 23:00:00+00:00,5568.4325,4694.6937109984165,3191.772882538071,6197.614539458762
2026-02-26 00:00:00+00:00,5409.7825,5589.649239277333,4086.728410816988,7092.570067737679
2026-02-26 01:00:00+00:00,4962.33,5840.08897405412,4337.168145593774,7343.009802514465
2026-02-26 02:00:00+00:00,4449.030000000001,5588.507736070176,4085.5869076098306,7091.428564530522
2026-02-26 03:00:00+00:00,4320.4075,5900.54314040513,4397.622311944784,7403.463968865475
2026-02-26 04:00:00+00:00,4223.66,6145.084601013642,4642.163772553296,7648.0054294739875
2026-02-26 05:00:00+00:00,4133.15,6472.748150480459,4969.827322020114,7975.668978940805
2026-02-26 06:00:00+00:00,4494.5775,5199.089345632048,3696.1685171717027,6702.010174092394
2026-02-26 07:00:00+00:00,4628.795,5947.97790361465,4445.057075154305,7450.898732074996
2026-02-26 08:00:00+00:00,4301.2875,5718.4580740286365,4215.53724556829,7221.378902488981
2026-02-26 09:00:00+00:00,3854.0299999999997,5990.222284153687,4487.301455693341,7493.143112614032
2026-02-26 10:00:00+00:00,3746.02,3890.7790042353745,2387.858175775029,5393.69983269572
2026-02-26 11:00:00+00:00,4112.9375,3746.245259005268,2243.324430544922,5249.166087465614
2026-02-26 12:00:00+00:00,3023.1425,3807.248313489935,2304.3274850295893,5310.16914195028
2026-02-26 13:00:00+00:00,4608.235,4443.3289751755465,2940.408146715201,5946.249803635892
2026-02-26 14:00:00+00:00,3059.215,4663.744401108279,3160.8235726479334,6166.665229568624
2026-02-26 15:00:00+00:00,4596.5225,4335.836179796548,2832.9153513362025,5838.757008256894
2026-02-26 16:00:00+00:00,4774.48,4424.299303141541,2921.3784746811943,5927.220131601886
2026-02-26 17:00:00+00:00,5177.215,5857.804769406912,4354.883940946565,7360.7255978672565
2026-02-26 18:00:00+00:00,6609.6175,7969.191722876667,6466.2708944163205,9472.112551337012
2026-02-26 19:00:00+00:00,7991.2875,8133.140231549025,6630.2194030886785,9636.061060009371
2026-02-26 20:00:00+00:00,8563.99,8747.533415456814,7244.612586996469,10250.45424391716
2026-02-26 21:00:00+00:00,8393.1925,8648.274963408363,7145.354134948018,10151.195791868708
2026-02-26 22:00:00+00:00,8484.1325,8597.835331075008,7094.914502614662,10100.756159535355
2026-02-26 23:00:00+00:00,8534.08,8509.153249479468,7006.232421019123,10012.074077939815
2026-02-27 00:00:00+00:00,8231.11,7574.893668396693,6071.9728399363485,9077.81449685704
2026-02-27 01:00:00+00:00,7729.715,7676.383534580482,6173.462706120137,9179.304363040828
2026-02-27 02:00:00+00:00,7733.9775,7403.926629672764,5901.005801212419,8906.84745813311
2026-02-27 03:00:00+00:00,8195.192500000001,7836.620062952892,6333.699234492547,9339.540891413239
2026-02-27 04:00:00+00:00,8772.175,8639.604023941398,7136.683195481052,10142.524852401744
2026-02-27 05:00:00+00:00,9061.4025,9584.529747121745,8081.608918661399,11087.45057558209
2026-02-27 06:00:00+00:00,9379.8225,8773.791059689462,7270.870231229117,10276.711888149806
2026-02-27 07:00:00+00:00,9358.9825,9118.076894391666,7615.15606593132,10620.997722852011
2026-02-27 08:00:00+00:00,8160.5625,8781.682372817995,7278.761544357649,10284.60320127834
2026-02-27 09:00:00+00:00,7102.225,10164.807057269276,8661.88622880893,11667.72788572962
2026-02-27 10:00:00+00:00,6864.035,6950.981675615247,5448.0608471549,8453.902504075591
2026-02-27 11:00:00+00:00,4729.1625,7197.842193533392,5694.921365073047,8700.763021993738
2026-02-27 12:00:00+00:00,4634.1725,5787.234848105521,4284.314019645176,7290.155676565867
2026-02-27 13:00:00+00:00,5077.745000000001,6405.725264888567,4902.804436428221,7908.6460933489125
2026-02-27 14:00:00+00:00,8414.5175,6145.138038376297,4642.217209915951,7648.058866836642
2026-02-27 15:00:00+00:00,9148.985,7957.947189685425,6455.026361225079,9460.868018145771
2026-02-27 16:00:00+00:00,8653.82,7737.513933249964,6234.593104789617,9240.434761710309
2026-02-27 17:00:00+00:00,8610.5,6128.867677389137,4625.946848928792,7631.788505849483
2026-02-27 18:00:00+00:00,9151.905,6351.277433639561,4848.356605179216,7854.198262099907
2026-02-27 19:00:00+00:00,9737.315,7541.066404883413,6038.145576423068,9043.98723334376
2026-02-27 20:00:00+00:00,10313.43,8444.133665816715,6941.21283735637,9947.054494277061
2026-02-27 21:00:00+00:00,10377.98,8817.592671448449,7314.671842988102,10320.513499908793
2026-02-27 22:00:00+00:00,10812.96,8832.191944335074,7329.271115874728,10335.112772795419
2026-02-27 23:00:00+00:00,11168.54,8629.86911539808,7126.948286937735,10132.789943858425
