date,solar_rte_actual,solar_rte_fitted,solar_rte_lower,solar_rte_upper
2026-01-24 00:00:00+00:00,0.0,4.152042185698974,-749.3126160095817,757.6167003809801
2026-01-24 01:00:00+00:00,0.0,3.550717542620532,-749.9139406526601,757.0153757379012
2026-01-24 02:00:00+00:00,0.0,6.090544349266565,-747.3741138460146,759.5552025445472
2026-01-24 03:00:00+00:00,0.0,6.557338913845342,-746.9073192814358,760.021997109126
2026-01-24 04:00:00+00:00,0.0,6.090544349266565,-747.3741138460146,759.5552025445472
2026-01-24 05:00:00+00:00,0.0,6.470171495283012,-746.9944866999977,759.9348296905637
2026-01-24 06:00:00+00:00,0.0,92.3075947919333,-661.1570634033474,845.7722529872144
2026-01-24 07:00:00+00:00,441.8249999999998,418.144337609152,-335.3203205861287,1171.6089958044327
2026-01-24 08:00:00+00:00,1380.9825,1666.326177802712,912.8615196074311,2419.790835997993
2026-01-24 09:00:00+00:00,3368.1625,4277.918946600675,3524.4542884053935,5031.383604795955
2026-01-24 10:00:00+00:00,5425.915,5463.138517012917,4709.673858817636,6216.603175208198
2026-01-24 11:00:00+00:00,6617.76,7404.867489382954,6651.402831187674,8158.332147578235
2026-01-24 12:00:00+00:00,6890.985,7664.6923512908115,6911.22769309553,8418.15700948609
2026-01-24 13:00:00+00:00,5751.5725,6172.451351504549,5418.986693309269,6925.916009699829
2026-01-24 14:00:00+00:00,3751.0499999999997,5015.433870597713,4261.969212402433,5768.8985287929945
2026-01-24 15:00:00+00:00,1862.1174999999998,2804.0010797098316,2050.536421514551,3557.4657379051123
2026-01-24 16:00:00+00:00,520.0749999999998,498.9707423919044,-254.49391580337624,1252.435400587185
2026-01-24 17:00:00+00:00,252.9324999999999,315.99555205307934,-437.4691061422013,1069.4602102483602
2026-01-24 18:00:00+00:00,251.0050000000001,227.76360941039047,-525.7010487848902,981.2282676056716
2026-01-24 19:00:00+00:00,0.0,39.79163414181312,-713.6730240534675,793.2562923370938
2026-01-24 20:00:00+00:00,0.0,3.1949771315339603,-750.2696810637472,756.6596353268146
2026-01-24 21:00:00+00:00,0.0,6.661141525614312,-746.8035166696668,760.125799720895
2026-01-24 22:00:00+00:00,0.0,8.287009461278103,-745.1776487340026,761.7516676565588
2026-01-24 23:00:00+00:00,0.0,-8.414088780439215,-761.8787469757199,745.0505694148414
2026-01-25 00:00:00+00:00,0.0,6.580386735200136,-746.8842714600805,760.0450449304808
2026-01-25 01:00:00+00:00,0.0,7.0896661192450665,-746.3749920760356,760.5543243145257
2026-01-25 02:00:00+00:00,0.0,4.709790913705547,-748.7548672815751,758.1744491089862
2026-01-25 03:00:00+00:00,0.0,6.896240074115212,-746.5684181211655,760.3608982693959
2026-01-25 04:00:00+00:00,0.0,9.276115279654732,-744.1885429156259,762.7407734749354
2026-01-25 05:00:00+00:00,0.0,7.243202376982936,-746.2214558182977,760.7078605722636
2026-01-25 06:00:00+00:00,0.0,92.3075947919333,-661.1570634033474,845.7722529872144
2026-01-25 07:00:00+00:00,487.74749999999995,446.9175101998476,-306.5471479954331,1200.3821683951285
2026-01-25 08:00:00+00:00,1692.3075,1670.0991041792995,916.6344459840188,2423.56376237458
2026-01-25 09:00:00+00:00,3481.595,3852.0232550857827,3098.558596890502,4605.487913281064
2026-01-25 10:00:00+00:00,4943.6849999999995,5041.743834999335,4288.279176804055,5795.2084931946165
2026-01-25 11:00:00+00:00,5845.505,6148.278144496126,5394.813486300845,6901.742802691406
2026-01-25 12:00:00+00:00,5951.545,5577.498028383013,4824.033370187732,6330.962686578294
2026-01-25 13:00:00+00:00,4932.91,5458.573071504502,4705.108413309221,6212.037729699783
2026-01-25 14:00:00+00:00,3297.225,2903.4283878392357,2149.9637296439546,3656.8930460345164
2026-01-25 15:00:00+00:00,1675.4775000000002,1879.11667554465,1125.6520173493693,2632.581333739931
2026-01-25 16:00:00+00:00,528.4324999999999,367.81115454101973,-385.65350365426093,1121.2758127363006
2026-01-25 17:00:00+00:00,276.1350000000002,229.07577415508194,-524.3888840401987,982.5404323503626
2026-01-25 18:00:00+00:00,276.2449999999999,216.484632493748,-536.9800257015327,969.9492906890287
2026-01-25 19:00:00+00:00,0.0,7.3733154412889235,-746.0913427539917,760.8379736365696
2026-01-25 20:00:00+00:00,0.0,5.57485233707348,-747.8898058582076,759.0395105323541
2026-01-25 21:00:00+00:00,0.0,3.152920415720473,-750.3117377795602,756.6175786110011
2026-01-25 22:00:00+00:00,0.0,3.8144717554960152,-749.6501864397846,757.2791299507767
2026-01-25 23:00:00+00:00,0.0,4.441217921181305,-749.0234402740998,757.905876116462
2026-01-26 00:00:00+00:00,0.0,5.353058229520684,-748.1115999657604,758.8177164248013
2026-01-26 01:00:00+00:00,0.0,3.9150084959669584,-749.5496496993137,757.3796666912481
2026-01-26 02:00:00+00:00,0.0,6.248377387730216,-747.2162808075504,759.7130355830109
2026-01-26 03:00:00+00:00,0.0,4.541754661652249,-748.9229035336284,758.0064128569329
2026-01-26 04:00:00+00:00,0.0,3.5426328916737475,-749.9220253036074,757.0072910869544
2026-01-26 05:00:00+00:00,0.0,4.336382739695637,-749.1282754555855,757.8010409349763
2026-01-26 06:00:00+00:00,0.0,29.35370171806062,-724.11095647722,782.8183599133413
2026-01-26 07:00:00+00:00,515.415,396.72260018614816,-356.7420580091325,1150.187258381429
2026-01-26 08:00:00+00:00,1956.145,1440.4501279663502,686.9854697710693,2193.914786161631
2026-01-26 09:00:00+00:00,4466.9375,3426.78620570184,2673.321547506559,4180.250863897121
2026-01-26 10:00:00+00:00,6559.4125,3546.433374255953,2792.968716060672,4299.898032451233
2026-01-26 11:00:00+00:00,7850.132499999999,4865.012023217099,4111.547365021819,5618.476681412381
2026-01-26 12:00:00+00:00,8100.259999999999,5145.266392872565,4391.801734677285,5898.731051067845
2026-01-26 13:00:00+00:00,7098.835,4501.756698262361,3748.2920400670805,5255.221356457642
2026-01-26 14:00:00+00:00,4884.6050000000005,3142.3285104963634,2388.8638523010827,3895.7931686916445
2026-01-26 15:00:00+00:00,2297.235,1749.5345617337284,996.0699035384478,2502.999219929009
2026-01-26 16:00:00+00:00,526.8375000000001,443.85062893631493,-309.61402925896573,1197.3152871315956
2026-01-26 17:00:00+00:00,235.99749999999995,268.4776579878676,-484.9870002074131,1021.9423161831483
2026-01-26 18:00:00+00:00,232.65250000000015,215.73701667948717,-537.7276415157935,969.2016748747683
2026-01-26 19:00:00+00:00,0.0,6.320068959664695,-747.144589235616,759.7847271549454
2026-01-26 20:00:00+00:00,0.0,3.4410635814856505,-750.023594613795,756.9057217767668
2026-01-26 21:00:00+00:00,0.0,5.2252316546291695,-748.2394265406515,758.6898898499103
2026-01-26 22:00:00+00:00,0.0,5.2252316546291695,-748.2394265406515,758.6898898499103
2026-01-26 23:00:00+00:00,0.0,-1.7798272155964696,-755.2444854108776,751.6848309796842
2026-01-27 00:00:00+00:00,0.0,5.976891908347625,-747.487766286933,759.4415501036283
2026-01-27 01:00:00+00:00,0.0,5.181239509857278,-748.2834186854238,758.6458977051379
2026-01-27 02:00:00+00:00,0.0,4.519688170081736,-748.9449700251994,757.9843463653624
2026-01-27 03:00:00+00:00,0.0,4.180720180394019,-749.2839380148871,757.6453783756747
2026-01-27 04:00:00+00:00,0.0,-1.823819360368816,-755.2884775556495,751.6408388349118
2026-01-27 05:00:00+00:00,0.0,2.735520096937762,-750.7291380983429,756.2001782922189
2026-01-27 06:00:00+00:00,0.0,89.27367823241184,-664.1909799628688,842.7383364276925
2026-01-27 07:00:00+00:00,441.09500000000025,255.57753850524887,-497.8871196900318,1009.0421967005295
2026-01-27 08:00:00+00:00,1032.3175,1698.326658387094,944.862000191813,2451.7913165823747
2026-01-27 09:00:00+00:00,1694.6425,3710.104208348458,2956.639550153177,4463.568866543739
2026-01-27 10:00:00+00:00,2250.1425,4193.008697261921,3439.5440390666404,4946.473355457202
2026-01-27 11:00:00+00:00,2692.285,4523.8288337004105,3770.3641755051303,5277.293491895692
2026-01-27 12:00:00+00:00,2913.0625,4615.956127163128,3862.491468967847,5369.4207853584085
2026-01-27 13:00:00+00:00,2677.8675000000003,4136.218362252592,3382.7537040573106,4889.683020447872
2026-01-27 14:00:00+00:00,2131.69,3024.922328704975,2271.4576705096943,3778.386986900256
2026-01-27 15:00:00+00:00,1373.0875,2134.376816180615,1380.9121579853345,2887.841474375896
2026-01-27 16:00:00+00:00,528.875,532.6259401309067,-220.838718064374,1286.0905983261875
2026-01-27 17:00:00+00:00,264.02999999999975,257.9417453092642,-495.5229128860169,1011.4064035045449
2026-01-27 18:00:00+00:00,269.4200000000001,215.81925247869594,-537.6454057165847,969.2839106739771
2026-01-27 19:00:00+00:00,0.0,5.926083318383462,-747.5385748768972,759.3907415136641
2026-01-27 20:00:00+00:00,0.0,3.466068874392022,-749.9985893208886,756.9307270696731
2026-01-27 21:00:00+00:00,0.0,3.466068874392022,-749.9985893208886,756.9307270696731
2026-01-27 22:00:00+00:00,0.0,3.466068874392022,-749.9985893208886,756.9307270696731
2026-01-27 23:00:00+00:00,0.0,4.911268957848279,-748.5533892374328,758.3759271531289
2026-01-28 00:00:00+00:00,0.0,5.572820297623821,-747.8918378976573,759.0374784929045
2026-01-28 01:00:00+00:00,0.0,4.180720180394019,-749.2839380148871,757.6453783756747
2026-01-28 02:00:00+00:00,0.0,4.180720180394019,-749.2839380148871,757.6453783756747
2026-01-28 03:00:00+00:00,0.0,4.180720180394019,-749.2839380148871,757.6453783756747
2026-01-28 04:00:00+00:00,0.0,4.180720180394019,-749.2839380148871,757.6453783756747
2026-01-28 05:00:00+00:00,0.0,3.2023146615165388,-750.2623435337641,756.6669728567977
2026-01-28 06:00:00+00:00,0.0,117.65690566678768,-635.807752528493,871.1215638620683
2026-01-28 07:00:00+00:00,509.3499999999999,412.59307523010193,-340.87158296517873,1166.0577334253828
2026-01-28 08:00:00+00:00,1868.5025,1939.2885500334219,1185.823891838141,2692.7532082287025
2026-01-28 09:00:00+00:00,4264.22,3870.568507649011,3117.1038494537297,4624.033165844291
2026-01-28 10:00:00+00:00,6356.8325,5966.838349060945,5213.373690865665,6720.303007256226
2026-01-28 11:00:00+00:00,7514.4625,7510.501542270198,6757.036884074918,8263.966200465478
2026-01-28 12:00:00+00:00,7715.2325,7110.248869633717,6356.784211438437,7863.713527828998
2026-01-28 13:00:00+00:00,6865.0825,6678.683061186222,5925.218402990942,7432.1477193815035
2026-01-28 14:00:00+00:00,5254.8475,3984.5115949457054,3231.0469367504247,4737.976253140986
2026-01-28 15:00:00+00:00,2973.4225,2792.4673995185467,2039.0027413232658,3545.9320577138274
2026-01-28 16:00:00+00:00,808.0349999999999,992.0335495336672,238.56889133838604,1745.4982077289478
2026-01-28 17:00:00+00:00,256.40250000000015,297.8639300414202,-455.6007281538605,1051.3285882367009
2026-01-28 18:00:00+00:00,251.64750000000004,266.7093354576514,-486.7553227376293,1020.173993652932
2026-01-28 19:00:00+00:00,0.0,39.071123809137134,-714.3935343861435,792.5357820044178
2026-01-28 20:00:00+00:00,0.0,6.286783894931432,-747.1778743003492,759.7514420902121
2026-01-28 21:00:00+00:00,0.0,7.105237812701944,-746.3594203825787,760.5698960079826
2026-01-28 22:00:00+00:00,0.0,10.436346329408934,-743.0283118658717,763.90100452469
2026-01-28 23:00:00+00:00,0.0,7.265189413808457,-746.1994687814722,760.7298476090891
2026-01-29 00:00:00+00:00,0.0,6.266067643829956,-747.1985905514512,759.7307258391106
2026-01-29 01:00:00+00:00,0.0,6.374689035247684,-747.089969160033,759.8393472305288
2026-01-29 02:00:00+00:00,0.0,8.56113819565735,-744.9035199996233,762.025796390938
2026-01-29 03:00:00+00:00,0.0,6.854515469579383,-746.6101427257013,760.3191736648605
2026-01-29 04:00:00+00:00,0.0,6.002313430954473,-747.4623447643266,759.4669716262351
2026-01-29 05:00:00+00:00,0.0,4.295690704876506,-749.1689674904042,757.7603489001572
2026-01-29 06:00:00+00:00,0.0,114.82617163951818,-638.6384865557625,868.2908298347988
2026-01-29 07:00:00+00:00,610.77,407.94903040289137,-345.51562779238975,1161.4136885981718
2026-01-29 08:00:00+00:00,2190.6150000000002,1874.5773413073289,1121.112683112048,2628.0419995026095
2026-01-29 09:00:00+00:00,4663.0775,4377.290190534593,3623.8255323393123,5130.754848729874
2026-01-29 10:00:00+00:00,6268.29,6509.359114617829,5755.894456422548,7262.82377281311
2026-01-29 11:00:00+00:00,7370.29,5370.93444217142,4617.469783976139,6124.3991003667015
2026-01-29 12:00:00+00:00,7514.01,5708.316161661554,4954.851503466273,6461.780819856835
2026-01-29 13:00:00+00:00,6711.3375,5720.008378608779,4966.543720413498,6473.47303680406
2026-01-29 14:00:00+00:00,4986.7125,3075.5177909384793,2322.053132743198,3828.98244913376
2026-01-29 15:00:00+00:00,2725.4875,2794.1444152383247,2040.679757043044,3547.6090734336053
2026-01-29 16:00:00+00:00,737.4274999999998,1006.4953420984361,253.03068390315502,1759.960000293717
2026-01-29 17:00:00+00:00,271.34749999999985,219.91518808786395,-533.5494701074167,973.3798462831446
2026-01-29 18:00:00+00:00,285.8625000000002,221.4518663968156,-532.0127917984651,974.9165245920967
2026-01-29 19:00:00+00:00,0.0,13.925473742871873,-739.5391844524088,767.390131938153
2026-01-29 20:00:00+00:00,0.0,4.580161168853465,-748.8844970264272,758.0448193641341
2026-01-29 21:00:00+00:00,0.0,9.9184331387969,-743.5462250564838,763.3830913340776
2026-01-29 22:00:00+00:00,0.0,8.505014860087158,-744.9596433351935,761.9696730553683
2026-01-29 23:00:00+00:00,0.0,10.903140893987711,-742.561517301293,764.3677990892688
2026-01-30 00:00:00+00:00,0.0,6.015719538863777,-747.4489386564169,759.4803777341444
2026-01-30 01:00:00+00:00,0.0,4.3515789170319294,-749.1130792782487,757.8162371123126
2026-01-30 02:00:00+00:00,0.0,4.818376196830741,-748.6462819984499,758.2830343921119
2026-01-30 03:00:00+00:00,0.0,7.198251402370261,-746.2664067929104,760.6629095976509
2026-01-30 04:00:00+00:00,0.0,9.851495127358703,-743.613163067922,763.3161533226394
2026-01-30 05:00:00+00:00,0.0,8.144872401280736,-745.3197857939999,761.6095305965619
2026-01-30 06:00:00+00:00,0.0,116.23664568957929,-637.2280125057018,869.70130388486
2026-01-30 07:00:00+00:00,553.0875000000001,451.04005034041984,-302.4246078548608,1204.5047085357007
2026-01-30 08:00:00+00:00,1998.16,2127.866500959351,1374.4018427640704,2881.331159154632
2026-01-30 09:00:00+00:00,4652.5275,3712.356630866554,2958.8919726712734,4465.821289061835
2026-01-30 10:00:00+00:00,7355.45,6290.15150395982,5536.68684576454,7043.616162155101
2026-01-30 11:00:00+00:00,8623.327500000001,7436.574999921138,6683.110341725858,8190.03965811642
2026-01-30 12:00:00+00:00,8343.0725,7603.998440585914,6850.533782390634,8357.463098781194
2026-01-30 13:00:00+00:00,7078.245,7563.386601695907,6809.921943500627,8316.851259891188
2026-01-30 14:00:00+00:00,5223.2975,4511.1150282133485,3757.6503700180683,5264.57968640863
2026-01-30 15:00:00+00:00,2693.4,2048.528608896814,1295.0639507015333,2801.993267092095
2026-01-30 16:00:00+00:00,651.0250000000001,922.8699998572433,169.40534166196267,1676.334658052524
2026-01-30 17:00:00+00:00,240.3699999999999,247.2008096892955,-506.2638485059856,1000.6654678845762
2026-01-30 18:00:00+00:00,240.78499999999985,230.83556523247717,-522.6290929628035,984.3002234277578
2026-01-30 19:00:00+00:00,0.0,14.287841623512122,-739.1768165717685,767.7524998187928
2026-01-30 20:00:00+00:00,0.0,4.736071134610484,-748.7285870606702,758.2007293298916
2026-01-30 21:00:00+00:00,0.0,5.548924974285001,-747.9157332209957,759.0135831695661
2026-01-30 22:00:00+00:00,0.0,7.9288001798245205,-745.5358580154561,761.3934583751052
2026-01-30 23:00:00+00:00,0.0,7.9288001798245205,-745.5358580154561,761.3934583751052
2026-01-31 00:00:00+00:00,0.0,-14.573821172621138,-721.9325152534975,692.7848729082548
2026-01-31 01:00:00+00:00,0.0,5.284653382623674,-702.0740406982522,712.6433474635
2026-01-31 02:00:00+00:00,0.0,21.53272193958992,-685.8259721412865,728.8914160204658
2026-01-31 03:00:00+00:00,0.0,3.6251152028517026,-703.7335788780247,710.9838092837276
2026-01-31 04:00:00+00:00,0.0,3.6251152028517026,-703.7335788780247,710.9838092837276
2026-01-31 05:00:00+00:00,0.0,5.270983007670111,-702.0877110732063,712.629677088546
2026-01-31 06:00:00+00:00,0.0,122.46689221377665,-584.8918018670993,829.825586294653
2026-01-31 07:00:00+00:00,529.165,398.86983934872933,-308.48885473214705,1106.2285334296055
2026-01-31 08:00:00+00:00,1648.68,2011.0554665820785,1303.6967725012023,2718.4141606629546
2026-01-31 09:00:00+00:00,3774.8675000000003,3887.7827886217137,3180.424094540838,4595.14148270259
2026-01-31 10:00:00+00:00,5476.8925,5640.682235113722,4933.323541032845,6348.040929194598
2026-01-31 11:00:00+00:00,6949.95,6205.641187905827,5498.282493824951,6912.999881986703
2026-01-31 12:00:00+00:00,7289.8150000000005,5485.148777184415,4777.790083103539,6192.507471265291
2026-01-31 13:00:00+00:00,6264.112499999999,5746.889763654039,5039.531069573162,6454.248457734915
2026-01-31 14:00:00+00:00,4779.35,5469.412388185605,4762.0536941047285,6176.771082266481
2026-01-31 15:00:00+00:00,2824.335,2627.898167837154,1920.5394737562776,3335.25686191803
2026-01-31 16:00:00+00:00,838.4624999999996,702.0621898146892,-5.296504266187185,1409.4208838955653
2026-01-31 17:00:00+00:00,275.9875000000002,254.51632193667456,-452.8423721442018,961.8750160175509
2026-01-31 18:00:00+00:00,244.0675000000001,231.36810769743943,-475.99058638343695,938.7268017783158
2026-01-31 19:00:00+00:00,0.0,9.609783254232298,-697.7489108266441,716.9684773351082
2026-01-31 20:00:00+00:00,0.0,4.335847232644028,-703.0228468482323,711.69454131352
2026-01-31 21:00:00+00:00,0.0,2.2912450501376043,-705.0674490307383,709.649939131014
2026-01-31 22:00:00+00:00,0.0,4.335847232644028,-703.0228468482323,711.69454131352
2026-01-31 23:00:00+00:00,0.0,2.3049154250916217,-705.0537786557848,709.663609505968
2026-02-01 00:00:00+00:00,0.0,5.222004832802213,-702.1366892480737,712.5806989136786
2026-02-01 01:00:00+00:00,0.0,5.270983007670111,-702.0877110732063,712.629677088546
2026-02-01 02:00:00+00:00,0.0,5.270983007670111,-702.0877110732063,712.629677088546
2026-02-01 03:00:00+00:00,0.0,3.240051200117705,-704.1186428807587,710.5987452809936
2026-02-01 04:00:00+00:00,0.0,5.270983007670111,-702.0877110732063,712.629677088546
2026-02-01 05:00:00+00:00,0.0,5.270983007670111,-702.0877110732063,712.629677088546
2026-02-01 06:00:00+00:00,0.0,136.3072079767644,-571.0514861041115,843.6659020576408
2026-02-01 07:00:00+00:00,599.3975,411.80700355349427,-295.5516905273821,1119.1656976343704
2026-02-01 08:00:00+00:00,1970.8975,1713.4524406513065,1006.0937465704301,2420.811134732183
2026-02-01 09:00:00+00:00,4044.5625,3922.352140495504,3214.993446414628,4629.71083457638
2026-02-01 10:00:00+00:00,5771.1475,4438.950799280961,3731.5921052000854,5146.309493361838
2026-02-01 11:00:00+00:00,6855.215,5615.012571819527,4907.65387773865,6322.371265900402
2026-02-01 12:00:00+00:00,6826.875,5625.1665083154785,4917.807814234602,6332.525202396355
2026-02-01 13:00:00+00:00,5800.1275,5098.221691634317,4390.86299755344,5805.580385715193
2026-02-01 14:00:00+00:00,4113.462500000001,3507.551482527326,2800.1927884464494,4214.910176608202
2026-02-01 15:00:00+00:00,2325.4625,1946.874817310122,1239.5161232292457,2654.233511390998
2026-02-01 16:00:00+00:00,716.645,627.4034880828062,-79.95520599807014,1334.7621821636824
2026-02-01 17:00:00+00:00,234.80000000000018,366.65243126715995,-340.70626281371597,1074.0111253480363
2026-02-01 18:00:00+00:00,0.0,227.49801270628313,-479.8606813745928,934.8567067871595
2026-02-01 19:00:00+00:00,0.0,14.772124454497316,-692.5865696263786,722.1308185353737
2026-02-01 20:00:00+00:00,0.0,-1.3855545622332102,-708.7442486431091,705.9731395186432
2026-02-01 21:00:00+00:00,0.0,-1.3855545622332102,-708.7442486431091,705.9731395186432
2026-02-01 22:00:00+00:00,0.0,0.26031324258519817,-707.0983808382907,707.6190073234616
2026-02-01 23:00:00+00:00,0.0,0.26031324258519817,-707.0983808382907,707.6190073234616
2026-02-02 00:00:00+00:00,0.0,3.478523597020285,-703.8801704838556,710.8372176778967
2026-02-02 01:00:00+00:00,0.0,5.5721039543941515,-701.7865901264818,712.9307980352705
2026-02-02 02:00:00+00:00,0.0,5.5721039543941515,-701.7865901264818,712.9307980352705
2026-02-02 03:00:00+00:00,0.0,5.5721039543941515,-701.7865901264818,712.9307980352705
2026-02-02 04:00:00+00:00,0.0,5.5721039543941515,-701.7865901264818,712.9307980352705
2026-02-02 05:00:00+00:00,0.0,5.5721039543941515,-701.7865901264818,712.9307980352705
2026-02-02 06:00:00+00:00,254.0225000000005,34.59260434624139,-672.766089734635,741.9512984271173
2026-02-02 07:00:00+00:00,591.3499999999999,390.5030245791413,-316.85566950173506,1097.8617186600175
2026-02-02 08:00:00+00:00,1853.3375,1247.4234600658262,540.0647659849501,1954.7821541467024
2026-02-02 09:00:00+00:00,3813.39,3886.132102614368,3178.7734085334914,4593.490796695243
2026-02-02 10:00:00+00:00,5352.922500000001,4717.657300776847,4010.29860669597,5425.015994857722
2026-02-02 11:00:00+00:00,6201.53,5151.252749467156,4443.894055386279,5858.611443548032
2026-02-02 12:00:00+00:00,6217.755,6759.213946047278,6051.855251966403,7466.572640128154
2026-02-02 13:00:00+00:00,5398.9575,7141.920662224393,6434.561968143516,7849.279356305268
2026-02-02 14:00:00+00:00,3554.8475,5234.1434130364,4526.784718955523,5941.502107117276
2026-02-02 15:00:00+00:00,1882.905,2679.9755425255316,1972.6168484446553,3387.334236606408
2026-02-02 16:00:00+00:00,600.5875000000001,870.0235231774168,162.66482909654087,1577.3822172582932
2026-02-02 17:00:00+00:00,270.61749999999984,170.5526224741684,-536.806071606708,877.9113165550448
2026-02-02 18:00:00+00:00,201.42749999999978,166.59621320894075,-540.7624808719356,873.9549072898167
2026-02-02 19:00:00+00:00,0.0,-15.434410376102733,-722.7931044569787,691.9242837047736
2026-02-02 20:00:00+00:00,0.0,0.9464981920436912,-706.4121958888327,708.3051922729201
2026-02-02 21:00:00+00:00,0.0,0.9464981920436912,-706.4121958888327,708.3051922729201
2026-02-02 22:00:00+00:00,0.0,0.9464981920436912,-706.4121958888327,708.3051922729201
2026-02-02 23:00:00+00:00,0.0,0.9464981920436912,-706.4121958888327,708.3051922729201
2026-02-03 00:00:00+00:00,0.0,1.8326557922018765,-705.526038288674,709.1913498730783
2026-02-03 01:00:00+00:00,0.0,3.926236149575743,-703.4324579313002,711.2849302304521
2026-02-03 02:00:00+00:00,0.0,3.926236149575743,-703.4324579313002,711.2849302304521
2026-02-03 03:00:00+00:00,0.0,3.926236149575743,-703.4324579313002,711.2849302304521
2026-02-03 04:00:00+00:00,0.0,3.926236149575743,-703.4324579313002,711.2849302304521
2026-02-03 05:00:00+00:00,0.0,5.5721039543941515,-701.7865901264818,712.9307980352705
2026-02-03 06:00:00+00:00,250.5374999999999,80.5712226068672,-626.7874714740092,787.9299166877431
2026-02-03 07:00:00+00:00,638.9124999999999,437.6595929907271,-269.69910109014927,1145.0182870716033
2026-02-03 08:00:00+00:00,2435.8975,2244.812119567596,1537.4534254867197,2952.170813648472
2026-02-03 09:00:00+00:00,5512.5775,4880.421007329551,4173.062313248674,5587.779701410427
2026-02-03 10:00:00+00:00,8108.28,5924.644545183981,5217.2858511031045,6632.003239264857
2026-02-03 11:00:00+00:00,9361.407500000001,8716.314978472543,8008.956284391667,9423.67367255342
2026-02-03 12:00:00+00:00,9327.895,7481.414289709166,6774.05559562829,8188.772983790042
2026-02-03 13:00:00+00:00,8342.1425,6545.108788553739,5837.750094472864,7252.467482634615
2026-02-03 14:00:00+00:00,6756.8,5655.624979629987,4948.266285549111,6362.9836737108635
2026-02-03 15:00:00+00:00,4065.8824999999997,3177.099437062418,2469.740742981542,3884.4581311432944
2026-02-03 16:00:00+00:00,1150.78,1054.389375460397,347.03068137952096,1761.7480695412733
2026-02-03 17:00:00+00:00,248.46500000000015,356.83456074177866,-350.5241333390977,1064.1932548226546
2026-02-03 18:00:00+00:00,245.2550000000001,242.11200529664166,-465.2466887842347,949.4706993775176
2026-02-03 19:00:00+00:00,0.0,7.339657780352809,-700.0190363005231,714.6983518612292
2026-02-03 20:00:00+00:00,0.0,4.636968179368068,-702.7217259015079,711.9956622602444
2026-02-03 21:00:00+00:00,0.0,4.636968179368068,-702.7217259015079,711.9956622602444
2026-02-03 22:00:00+00:00,0.0,4.698003480695206,-702.6606906001807,712.0566975615716
2026-02-03 23:00:00+00:00,0.0,4.698003480695206,-702.6606906001807,712.0566975615716
2026-02-04 00:00:00+00:00,0.0,0.7609638759613517,-706.597730204915,708.1196579568377
2026-02-04 01:00:00+00:00,0.0,7.677741438227713,-699.6809526426487,715.0364355191036
2026-02-04 02:00:00+00:00,0.0,7.677741438227713,-699.6809526426487,715.0364355191036
2026-02-04 03:00:00+00:00,0.0,7.677741438227713,-699.6809526426487,715.0364355191036
2026-02-04 04:00:00+00:00,0.0,8.987560381615367,-698.371133699261,716.3462544624913
2026-02-04 05:00:00+00:00,0.0,8.92652508028823,-698.4321690005881,716.2852191611642
2026-02-04 06:00:00+00:00,253.95249999999987,136.28764053797295,-571.0710535429034,843.6463346188493
2026-02-04 07:00:00+00:00,663.3375000000001,520.111336476366,-187.2473576045104,1227.4700305572421
2026-02-04 08:00:00+00:00,2381.9025,2557.132423724514,1849.7737296436378,3264.4911178053903
2026-02-04 09:00:00+00:00,5045.365,4781.610181719034,4074.2514876381583,5488.96887579991
2026-02-04 10:00:00+00:00,6861.7775,5936.560985087236,5229.202291006361,6643.919679168112
2026-02-04 11:00:00+00:00,8194.2925,6938.72403855786,6231.365344476983,7646.082732638736
2026-02-04 12:00:00+00:00,8294.505,6078.766046852843,5371.4073527719665,6786.124740933719
2026-02-04 13:00:00+00:00,6973.235,5768.670799654792,5061.312105573916,6476.0294937356675
2026-02-04 14:00:00+00:00,4957.7975,4168.7641646354905,3461.405470554614,4876.122858716367
2026-02-04 15:00:00+00:00,2731.09,2776.3987573712616,2069.0400632903857,3483.757451452138
2026-02-04 16:00:00+00:00,766.6799999999998,1057.244486817808,349.88579273693176,1764.603180898684
2026-02-04 17:00:00+00:00,232.05999999999995,284.57871591803405,-422.7799781628423,991.9374099989104
2026-02-04 18:00:00+00:00,229.63999999999987,227.98793001619742,-479.37076406467895,935.3466240970733
2026-02-04 19:00:00+00:00,0.0,7.339657780352809,-700.0190363005231,714.6983518612292
2026-02-04 20:00:00+00:00,0.0,2.5923659968620996,-704.7663280840143,709.951060077738
2026-02-04 21:00:00+00:00,0.0,4.636968179368068,-702.7217259015079,711.9956622602444
2026-02-04 22:00:00+00:00,0.0,4.636968179368068,-702.7217259015079,711.9956622602444
2026-02-04 23:00:00+00:00,0.0,4.636968179368068,-702.7217259015079,711.9956622602444
2026-02-05 00:00:00+00:00,0.0,-17.37485755392163,-724.7335516347975,689.9838365269547
2026-02-05 01:00:00+00:00,0.0,7.616706136900575,-699.7419879439758,714.9754002177765
2026-02-05 02:00:00+00:00,0.0,7.616706136900575,-699.7419879439758,714.9754002177765
2026-02-05 03:00:00+00:00,0.0,5.5721039543941515,-701.7865901264818,712.9307980352705
2026-02-05 04:00:00+00:00,0.0,7.616706136900575,-699.7419879439758,714.9754002177765
2026-02-05 05:00:00+00:00,0.0,5.5721039543941515,-701.7865901264818,712.9307980352705
2026-02-05 06:00:00+00:00,288.8649999999998,147.10639293223358,-560.2523011486423,854.46508701311
2026-02-05 07:00:00+00:00,752.9775,375.566707629609,-331.79198645126735,1082.9254017104852
2026-02-05 08:00:00+00:00,2446.0425,1778.2736824040683,1070.9149883231921,2485.6323764849444
2026-02-05 09:00:00+00:00,4446.9825,3842.7583240609247,3135.3996299800483,4550.117018141801
2026-02-05 10:00:00+00:00,5279.639999999999,5204.2654213050055,4496.906727224129,5911.624115385881
2026-02-05 11:00:00+00:00,5256.0599999999995,5456.41890968858,4749.060215607704,6163.777603769457
2026-02-05 12:00:00+00:00,4844.965,5131.471626594131,4424.112932513255,5838.830320675007
2026-02-05 13:00:00+00:00,3943.1975,4069.714400737662,3362.3557066567855,4777.073094818538
2026-02-05 14:00:00+00:00,2631.0125,3465.022454540216,2757.6637604593398,4172.3811486210925
2026-02-05 15:00:00+00:00,1735.49,1711.5318195219959,1004.1731254411197,2418.890513602872
2026-02-05 16:00:00+00:00,719.3399999999997,777.8015404401976,70.44284635932127,1485.1602345210738
2026-02-05 17:00:00+00:00,227.45749999999998,305.16084260708703,-402.19785147378934,1012.5195366879634
2026-02-05 18:00:00+00:00,230.54250000000002,173.3632748356772,-533.9954192451992,880.7219689165531
2026-02-05 19:00:00+00:00,0.0,-12.53098792617402,-719.8896820070504,694.8277061547024
2026-02-05 20:00:00+00:00,0.0,2.5923659968620996,-704.7663280840143,709.951060077738
2026-02-05 21:00:00+00:00,0.0,0.9464981920436912,-706.4121958888327,708.3051922729201
2026-02-05 22:00:00+00:00,0.0,0.9464981920436912,-706.4121958888327,708.3051922729201
2026-02-05 23:00:00+00:00,0.0,4.636968179368068,-702.7217259015079,711.9956622602444
2026-02-06 00:00:00+00:00,0.0,2.4209684515021763,-704.9377256293742,709.7796625323786
2026-02-06 01:00:00+00:00,0.0,6.969441990135692,-700.3892520907407,714.3281360710121
2026-02-06 02:00:00+00:00,0.0,5.5721039543941515,-701.7865901264818,712.9307980352705
2026-02-06 03:00:00+00:00,0.0,7.616706136900575,-699.7419879439758,714.9754002177765
2026-02-06 04:00:00+00:00,0.0,-12.17911986852323,-719.5378139493992,695.1795742123531
2026-02-06 05:00:00+00:00,0.0,7.616706136900575,-699.7419879439758,714.9754002177765
2026-02-06 06:00:00+00:00,274.0475000000001,40.8041165857544,-666.5545774951215,748.1628106666308
2026-02-06 07:00:00+00:00,761.8299999999999,369.25476947260404,-338.1039246082719,1076.6134635534804
2026-02-06 08:00:00+00:00,2646.38,2318.9861887768243,1611.627494695948,3026.3448828577
2026-02-06 09:00:00+00:00,5526.085,4692.965379065833,3985.606684984957,5400.324073146709
2026-02-06 10:00:00+00:00,7885.725,6996.080081986439,6288.721387905563,7703.438776067315
2026-02-06 11:00:00+00:00,9180.24,9501.838224219264,8794.479530138387,10209.196918300138
2026-02-06 12:00:00+00:00,9532.965,9025.732197854231,8318.373503773357,9733.090891935108
2026-02-06 13:00:00+00:00,9095.825,8542.325853648326,7834.967159567449,9249.6845477292
2026-02-06 14:00:00+00:00,7269.295,6303.478146993924,5596.119452913048,7010.836841074801
2026-02-06 15:00:00+00:00,4508.805,2893.1300550954024,2185.7713610145265,3600.488749176279
2026-02-06 16:00:00+00:00,1284.7925,1090.23432353003,382.8756294491541,1797.5930176109064
2026-02-06 17:00:00+00:00,216.40500000000065,350.58730021014117,-356.7713938707352,1057.945994291017
2026-02-06 18:00:00+00:00,204.80999999999995,248.7808140409502,-458.5778800399262,956.1395081218261
2026-02-06 19:00:00+00:00,0.0,37.10967786631318,-670.2490162145632,744.4683719471896
2026-02-06 20:00:00+00:00,0.0,6.000675099269301,-701.3580189816071,713.3593691801452
2026-02-06 21:00:00+00:00,0.0,6.635893292589117,-700.7228007882868,713.9945873734655
2026-02-06 22:00:00+00:00,0.0,4.636968179368068,-702.7217259015079,711.9956622602444
2026-02-06 23:00:00+00:00,0.0,5.9467871227557225,-701.4119069581202,713.3054812036321
2026-02-07 00:00:00+00:00,0.0,12.069966681865935,-688.7944748735949,712.9344082373273
2026-02-07 01:00:00+00:00,0.0,10.621790567107837,-690.242650988353,711.4862321225692
2026-02-07 02:00:00+00:00,0.0,7.199321545019302,-693.665120010442,708.0637631004802
2026-02-07 03:00:00+00:00,0.0,5.44181571209765,-695.4226258433637,706.3062572675585
2026-02-07 04:00:00+00:00,0.0,4.329984450824668,-696.5344571046362,705.194426006286
2026-02-07 05:00:00+00:00,0.0,4.329984450824668,-696.5344571046362,705.194426006286
2026-02-07 06:00:00+00:00,233.6550000000002,157.8111293995653,-543.053312155896,858.6755709550262
2026-02-07 07:00:00+00:00,753.165,679.0441361912453,-21.820305364215983,1379.9085777467062
2026-02-07 08:00:00+00:00,3051.71,3303.7725682951077,2602.908126739647,4004.6370098505686
2026-02-07 09:00:00+00:00,6590.89,5514.8213792799,4813.956937724439,6215.685820835361
2026-02-07 10:00:00+00:00,9604.425,8756.309671610436,8055.445230054975,9457.174113165896
2026-02-07 11:00:00+00:00,11089.5775,10943.999245121979,10243.134803566518,11644.86368667744
2026-02-07 12:00:00+00:00,10807.34,10549.943154253524,9849.078712698061,11250.807595808983
2026-02-07 13:00:00+00:00,9907.85,10277.42221947883,9576.55777792337,10978.286661034292
2026-02-07 14:00:00+00:00,7834.1475,7513.132319343797,6812.267877788336,8213.996760899257
2026-02-07 15:00:00+00:00,4685.610000000001,4229.768881228521,3528.90443967306,4930.633322783982
2026-02-07 16:00:00+00:00,1315.19,1015.1507818941441,314.2863403386832,1716.0152234496052
2026-02-07 17:00:00+00:00,211.7824999999998,225.2980011379168,-475.5664404175441,926.1624426933777
2026-02-07 18:00:00+00:00,200.28499999999985,205.6776366636509,-495.1868048918104,906.5420782191118
2026-02-07 19:00:00+00:00,0.0,19.29645683875833,-681.567984716703,720.1608983942192
2026-02-07 20:00:00+00:00,0.0,11.891693897473033,-688.9727476579883,712.7561354529339
2026-02-07 21:00:00+00:00,0.0,9.541604987593018,-691.3228365678679,710.4060465430539
2026-02-07 22:00:00+00:00,0.0,6.799413265319345,-694.0650282901415,707.6638548207807
2026-02-07 23:00:00+00:00,0.0,9.022356803278399,-691.8420847521825,709.8867983587397
2026-02-08 00:00:00+00:00,0.0,9.022356803278399,-691.8420847521825,709.8867983587397
2026-02-08 01:00:00+00:00,0.0,27.256071365643493,-673.6083701898174,728.1205129211048
2026-02-08 02:00:00+00:00,0.0,15.941505599595075,-684.9229359558663,716.805947155056
2026-02-08 03:00:00+00:00,0.0,6.266389754897318,-694.598051800564,707.1308313103582
2026-02-08 04:00:00+00:00,0.0,6.266389754897318,-694.598051800564,707.1308313103582
2026-02-08 05:00:00+00:00,0.0,6.266389754897318,-694.598051800564,707.1308313103582
2026-02-08 06:00:00+00:00,241.6875,226.3712405900842,-474.4932009653767,927.2356821455455
2026-02-08 07:00:00+00:00,693.1350000000002,602.7619202975538,-98.10252125790703,1303.626361853015
2026-02-08 08:00:00+00:00,2564.2775,2706.2679119653394,2005.4034704098785,3407.1323535208007
2026-02-08 09:00:00+00:00,5512.0225,5662.669253763812,4961.804812208351,6363.533695319273
2026-02-08 10:00:00+00:00,7756.5975,6659.050366570686,5958.185925015225,7359.914808126147
2026-02-08 11:00:00+00:00,8943.119999999999,8952.89155056583,8252.027109010367,9653.75599212129
2026-02-08 12:00:00+00:00,8848.1925,8552.827971139606,7851.963529584144,9253.692412695065
2026-02-08 13:00:00+00:00,7665.577499999999,7766.529612750295,7065.665171194834,8467.394054305756
2026-02-08 14:00:00+00:00,5549.2074999999995,4490.737727983733,3789.873286428272,5191.602169539194
2026-02-08 15:00:00+00:00,3026.995,2054.2976852825986,1353.4332437271378,2755.1621268380595
2026-02-08 16:00:00+00:00,919.0450000000001,1132.3997816928213,431.53534013736,1833.2642232482822
2026-02-08 17:00:00+00:00,211.93499999999995,293.8983838533136,-406.9660577021473,994.7628254087749
2026-02-08 18:00:00+00:00,202.5925000000002,229.47269880701288,-471.391742748448,930.3371403624742
2026-02-08 19:00:00+00:00,0.0,8.057973741391834,-692.806467814069,708.9224152968532
2026-02-08 20:00:00+00:00,0.0,3.5234476708174043,-697.3409938846439,704.3878892262783
2026-02-08 21:00:00+00:00,0.0,-0.5650836047802841,-701.4295251602412,700.2993579506806
2026-02-08 22:00:00+00:00,0.0,-0.5650836047802841,-701.4295251602412,700.2993579506806
2026-02-08 23:00:00+00:00,0.0,4.409239377313952,-696.4552021781474,705.2736809327748
2026-02-09 00:00:00+00:00,0.0,1.9998915131518515,-698.864550042309,702.8643330686132
2026-02-09 01:00:00+00:00,0.0,4.100852179163212,-696.7635893762977,704.9652937346245
2026-02-09 02:00:00+00:00,0.0,5.237055520786271,-695.627386034675,706.1014970762471
2026-02-09 03:00:00+00:00,0.0,5.237055520786271,-695.627386034675,706.1014970762471
2026-02-09 04:00:00+00:00,0.0,4.643728479629317,-696.220713075832,705.5081700350902
2026-02-09 05:00:00+00:00,0.0,4.643728479629317,-696.220713075832,705.5081700350902
2026-02-09 06:00:00+00:00,246.10750000000007,204.44699105617246,-496.4174504992884,905.3114326116333
2026-02-09 07:00:00+00:00,749.9549999999999,603.43179892237,-97.43264263309084,1304.2962404778311
2026-02-09 08:00:00+00:00,2542.775,2410.533971088137,1709.6695295326765,3111.3984126435985
2026-02-09 09:00:00+00:00,4712.682500000001,3714.542143215395,3013.6777016599335,4415.406584770856
2026-02-09 10:00:00+00:00,6549.389999999999,6462.167194197069,5761.302752641608,7163.03163575253
2026-02-09 11:00:00+00:00,8030.6925,7203.652150287658,6502.787708732197,7904.516591843119
2026-02-09 12:00:00+00:00,8164.645,7981.213128128137,7280.348686572676,8682.077569683599
2026-02-09 13:00:00+00:00,7330.837500000001,5742.573943257779,5041.709501702318,6443.43838481324
2026-02-09 14:00:00+00:00,5648.505,4038.683985949734,3337.819544394273,4739.548427505195
2026-02-09 15:00:00+00:00,3102.8675000000003,2376.4549899592257,1675.5905484037646,3077.3194315146866
2026-02-09 16:00:00+00:00,893.1925000000001,1064.7461421969722,363.88170064151154,1765.610583752433
2026-02-09 17:00:00+00:00,226.23999999999978,337.6217499865825,-363.2426915688784,1038.4861915420438
2026-02-09 18:00:00+00:00,215.00750000000016,229.1695365302212,-471.6949050252397,930.0339780856825
2026-02-09 19:00:00+00:00,0.0,6.658191862910826,-694.20624969255,707.5226334183717
2026-02-09 20:00:00+00:00,0.0,2.640932181446715,-698.2235093740142,703.5053737369076
2026-02-09 21:00:00+00:00,0.0,4.408307493945813,-696.4561340615155,705.2727490494067
2026-02-09 22:00:00+00:00,0.0,5.202433883482627,-695.6620076719782,706.0668754389435
2026-02-09 23:00:00+00:00,0.0,2.4625034862401662,-698.4019380692212,703.326945041701
2026-02-10 00:00:00+00:00,0.0,36.00526860887521,-664.8591729465861,736.8697101643361
2026-02-10 01:00:00+00:00,0.0,38.99862232808118,-661.8658192273801,739.863063883542
2026-02-10 02:00:00+00:00,0.0,37.86241898645858,-663.0020225690027,738.7268605419195
2026-02-10 03:00:00+00:00,0.0,3.1994357916887566,-697.6650057637721,704.0638773471501
2026-02-10 04:00:00+00:00,0.0,38.99862232808118,-661.8658192273801,739.863063883542
2026-02-10 05:00:00+00:00,0.0,37.79336141058366,-663.0710801448777,738.6578029660445
2026-02-10 06:00:00+00:00,244.69999999999982,218.67104903043446,-482.1933925250264,919.5354905858958
2026-02-10 07:00:00+00:00,572.6325000000002,485.7032129178506,-215.16122863761075,1186.5676544733114
2026-02-10 08:00:00+00:00,1487.51,2043.9276957364712,1343.0632541810103,2744.7921372919322
2026-02-10 09:00:00+00:00,2515.74,3646.757421340698,2945.892979785237,4347.621862896159
2026-02-10 10:00:00+00:00,3149.9875,5926.756923672776,5225.892482117315,6627.621365228238
2026-02-10 11:00:00+00:00,3443.31,6482.192592969879,5781.328151414417,7183.05703452534
2026-02-10 12:00:00+00:00,3284.6549999999997,7129.747695453875,6428.883253898414,7830.612137009336
2026-02-10 13:00:00+00:00,2825.5699999999997,6768.65042839989,6067.785986844428,7469.514869955351
2026-02-10 14:00:00+00:00,2231.275,4397.467581893229,3696.603140337768,5098.33202344869
2026-02-10 15:00:00+00:00,1381.6125,2115.9837458119414,1415.1193042564803,2816.8481873674027
2026-02-10 16:00:00+00:00,643.6725000000001,1134.3553123421825,433.4908707867212,1835.2197538976436
2026-02-10 17:00:00+00:00,255.29250000000002,321.9263471973518,-378.93809435810954,1022.7907887528127
2026-02-10 18:00:00+00:00,244.26499999999987,245.8140847609434,-455.0503567945175,946.6785263164043
2026-02-10 19:00:00+00:00,0.0,23.853426979907,-677.0110145755539,724.7178685353683
2026-02-10 20:00:00+00:00,0.0,66.0252635994052,-634.8391779560557,766.8897051548665
2026-02-10 21:00:00+00:00,0.0,-27.371029571908366,-728.2354711273692,673.4934119835525
2026-02-10 22:00:00+00:00,0.0,20.200614903702444,-680.6638266517589,721.0650564591633
2026-02-10 23:00:00+00:00,0.0,20.200614903702444,-680.6638266517589,721.0650564591633
2026-02-11 00:00:00+00:00,0.0,2.4627334547421924,-698.4017081007187,703.3271750102031
2026-02-11 01:00:00+00:00,0.0,4.319883832325559,-696.5445577231358,705.1843253877864
2026-02-11 02:00:00+00:00,0.0,4.319883832325559,-696.5445577231358,705.1843253877864
2026-02-11 03:00:00+00:00,0.0,4.491228831233457,-696.3732127242274,705.3556703866943
2026-02-11 04:00:00+00:00,0.0,4.491228831233457,-696.3732127242274,705.3556703866943
2026-02-11 05:00:00+00:00,0.0,38.12338894157665,-662.7410526138842,738.9878304970375
2026-02-11 06:00:00+00:00,245.99749999999995,210.93644819315432,-489.92799336230655,911.8008897486152
2026-02-11 07:00:00+00:00,650.5999999999999,549.7246923571402,-151.13974919832071,1250.5891339126013
2026-02-11 08:00:00+00:00,2206.8125,2092.178416534787,1391.3139749793258,2793.042858090248
2026-02-11 09:00:00+00:00,4484.6975,4245.361279045917,3544.496837490456,4946.225720601378
2026-02-11 10:00:00+00:00,6001.435000000001,6532.726956139357,5831.862514583895,7233.591397694818
2026-02-11 11:00:00+00:00,7166.6,7076.515377875587,6375.650936320126,7777.3798194310475
2026-02-11 12:00:00+00:00,7220.0275,6659.238804851387,5958.374363295925,7360.103246406848
2026-02-11 13:00:00+00:00,5922.1975,6136.021992166676,5435.157550611215,6836.886433722137
2026-02-11 14:00:00+00:00,4465.3225,5527.228586437761,4826.3641448823,6228.093027993222
2026-02-11 15:00:00+00:00,2335.355,2879.0735165870124,2178.2090750315515,3579.9379581424737
2026-02-11 16:00:00+00:00,745.0374999999999,1024.1498244359314,323.2853828804705,1725.0142659913924
2026-02-11 17:00:00+00:00,215.44750000000022,269.4360495604219,-431.42839199503896,970.3004911158828
2026-02-11 18:00:00+00:00,203.375,224.82517666145486,-476.039264894006,925.6896182169157
2026-02-11 19:00:00+00:00,0.0,-27.74558974500178,-728.6100313004631,673.1188518104591
2026-02-11 20:00:00+00:00,0.0,-41.04304289637366,-741.9074844518345,659.8213986590872
2026-02-11 21:00:00+00:00,0.0,-16.413741294986266,-717.2781828504471,684.4507002604746
2026-02-11 22:00:00+00:00,0.0,-51.40877597987128,-752.2732175353326,649.4556655755896
2026-02-11 23:00:00+00:00,0.0,-50.672673273732016,-751.5371148291929,650.1917682817289
2026-02-12 00:00:00+00:00,0.0,-40.997462329382415,-741.8619038848437,659.8669792260785
2026-02-12 01:00:00+00:00,0.0,-47.40623882709497,-748.2706803825558,653.4582027283659
2026-02-12 02:00:00+00:00,0.0,-48.54244216871757,-749.4068837241789,652.3219993867433
2026-02-12 03:00:00+00:00,0.0,-39.797826395131324,-740.6622679505922,661.06661516033
2026-02-12 04:00:00+00:00,0.0,-48.41542226066531,-749.2798638161266,652.4490192947956
2026-02-12 05:00:00+00:00,0.0,-48.979938211987246,-749.8443797674481,651.8845033434741
2026-02-12 06:00:00+00:00,230.8499999999999,132.84818268324034,-568.0162588722205,833.7126242387017
2026-02-12 07:00:00+00:00,623.2750000000001,455.5088594726881,-245.35558208277325,1156.373301028149
2026-02-12 08:00:00+00:00,1924.2899999999997,2586.8633359414594,1885.998894385998,3287.72777749692
2026-02-12 09:00:00+00:00,3959.735,4146.022203035791,3445.15776148033,4846.886644591252
2026-02-12 10:00:00+00:00,6008.37,7444.322629846514,6743.458188291053,8145.187071401975
2026-02-12 11:00:00+00:00,7003.61,7950.890705693364,7250.026264137903,8651.755147248825
2026-02-12 12:00:00+00:00,7192.51,7691.969233748489,6991.1047921930285,8392.833675303951
2026-02-12 13:00:00+00:00,4900.195,6820.171983334124,6119.307541778662,7521.036424889585
2026-02-12 14:00:00+00:00,4945.32,6081.136820816587,5380.272379261125,6782.001262372048
2026-02-12 15:00:00+00:00,3275.7775,3967.7908107390103,3266.9263691835495,4668.655252294471
2026-02-12 16:00:00+00:00,1187.4375,1231.5847965241785,530.7203549687174,1932.4492380796396
2026-02-12 17:00:00+00:00,236.52750000000015,298.3845687067669,-402.4798728486944,999.2490102622278
2026-02-12 18:00:00+00:00,209.89750000000004,253.77548387519664,-447.08895768026423,954.639925430658
2026-02-12 19:00:00+00:00,0.0,6.376285517563247,-694.4881560378981,707.2407270730241
2026-02-12 20:00:00+00:00,0.0,15.709233596828199,-685.1552079586327,716.5736751522891
2026-02-12 21:00:00+00:00,0.0,16.01175910883876,-684.8526824466221,716.8762006642996
2026-02-12 22:00:00+00:00,0.0,15.709233596828199,-685.1552079586327,716.5736751522891
2026-02-12 23:00:00+00:00,0.0,16.102865459764416,-684.7615760956965,716.9673070152257
2026-02-13 00:00:00+00:00,0.0,6.434123287961938,-694.4303182674989,707.2985648434228
2026-02-13 01:00:00+00:00,0.0,5.627432172856061,-695.2370093826048,706.4918737283174
2026-02-13 02:00:00+00:00,0.0,4.491228831233457,-696.3732127242274,705.3556703866943
2026-02-13 03:00:00+00:00,0.0,37.952053373424405,-662.9123881820365,738.8164949288857
2026-02-13 04:00:00+00:00,0.0,3.9489005406667275,-696.9155410147941,704.813342096128
2026-02-13 05:00:00+00:00,0.0,6.227842910311665,-694.6365986451492,707.0922844657725
2026-02-13 06:00:00+00:00,245.96000000000004,189.98058916189302,-510.8838523935683,890.8450307173539
2026-02-13 07:00:00+00:00,640.7024999999999,583.8865485046022,-116.97789305085871,1284.7509900600633
2026-02-13 08:00:00+00:00,1872.9650000000001,2684.9488779798066,1984.0844364243455,3385.8133195352675
2026-02-13 09:00:00+00:00,3405.0725,3960.2222930421594,3259.3578514866986,4661.08673459762
2026-02-13 10:00:00+00:00,4610.3875,5444.517071527267,4743.652629971805,6145.381513082728
2026-02-13 11:00:00+00:00,5202.6475,5774.823726143752,5073.959284588291,6475.6881676992125
2026-02-13 12:00:00+00:00,4859.4825,5738.396379134772,5037.531937579311,6439.260820690233
2026-02-13 13:00:00+00:00,3974.7625,5450.082635024312,4749.2181934688515,6150.947076579773
2026-02-13 14:00:00+00:00,2693.3625,3750.291771208751,3049.4273296532897,4451.156212764212
2026-02-13 15:00:00+00:00,1537.7925,2266.0925024074645,1565.2280608520034,2966.9569439629254
2026-02-13 16:00:00+00:00,680.2799999999997,1015.0251662776172,314.1607247221559,1715.8896078330783
2026-02-13 17:00:00+00:00,221.04750000000013,254.51773840347687,-446.34670315198446,955.3821799589377
2026-02-13 18:00:00+00:00,201.88500000000022,263.86316697127495,-437.0012745841859,964.7276085267363
2026-02-13 19:00:00+00:00,0.0,42.89440004587459,-657.9700415095863,743.7588416013359
2026-02-13 20:00:00+00:00,0.0,32.876281384923004,-667.9881601705379,733.7407229403839
2026-02-13 21:00:00+00:00,0.0,-47.879699591973804,-748.7441411474351,652.9847419634871
2026-02-13 22:00:00+00:00,0.0,-47.879699591973804,-748.7441411474351,652.9847419634871
2026-02-13 23:00:00+00:00,0.0,-47.879699591973804,-748.7441411474351,652.9847419634871
2026-02-14 00:00:00+00:00,0.0,5.192763427817681,-685.747871338549,696.1333981941843
2026-02-14 01:00:00+00:00,0.0,5.945297589340953,-684.9953371770252,696.8859323557072
2026-02-14 02:00:00+00:00,0.0,5.945297589340953,-684.9953371770252,696.8859323557072
2026-02-14 03:00:00+00:00,0.0,5.945297589340953,-684.9953371770252,696.8859323557072
2026-02-14 04:00:00+00:00,0.0,5.945297589340953,-684.9953371770252,696.8859323557072
2026-02-14 05:00:00+00:00,0.0,5.945297589340953,-684.9953371770252,696.8859323557072
2026-02-14 06:00:00+00:00,261.7925,225.96960940810322,-464.97102535826343,916.9102441744699
2026-02-14 07:00:00+00:00,555.605,672.5550612495676,-18.385573516799013,1363.495696015934
2026-02-14 08:00:00+00:00,1694.635,3249.968403103652,2559.027768337285,3940.909037870018
2026-02-14 09:00:00+00:00,3337.505,5133.254001979604,4442.313367213238,5824.194636745971
2026-02-14 10:00:00+00:00,4593.6175,6428.783662228178,5737.843027461812,7119.724296994545
2026-02-14 11:00:00+00:00,5675.6175,7128.69813265917,6437.757497892803,7819.638767425537
2026-02-14 12:00:00+00:00,5977.775,6945.946707215151,6255.006072448785,7636.887341981517
2026-02-14 13:00:00+00:00,5933.6075,6530.308858661798,5839.368223895432,7221.249493428165
2026-02-14 14:00:00+00:00,5130.7675,5779.878052555367,5088.9374177889995,6470.818687321733
2026-02-14 15:00:00+00:00,3257.2025,3700.931113192507,3009.9904784261403,4391.871747958873
2026-02-14 16:00:00+00:00,1259.6375,1325.140035288164,634.1994005217975,2016.0806700545304
2026-02-14 17:00:00+00:00,254.48750000000018,376.6444777654415,-314.2961570009252,1067.585112531808
2026-02-14 18:00:00+00:00,221.36250000000018,244.51946690890645,-446.4211678574602,935.4601016752731
2026-02-14 19:00:00+00:00,0.0,10.66319635119089,-680.2774384151753,701.6038311175571
2026-02-14 20:00:00+00:00,0.0,1.8478721619394491,-689.0927626044272,692.7885069283061
2026-02-14 21:00:00+00:00,0.0,4.918693854303001,-686.0219409120637,695.8593286206697
2026-02-14 22:00:00+00:00,0.0,1.8478721619394491,-689.0927626044272,692.7885069283061
2026-02-14 23:00:00+00:00,0.0,1.8478721619394491,-689.0927626044272,692.7885069283061
2026-02-15 00:00:00+00:00,0.0,-128.74114544810618,-819.6817802144728,562.1994893182605
2026-02-15 01:00:00+00:00,0.0,-126.75073292157413,-817.6913676879403,564.1899018447921
2026-02-15 02:00:00+00:00,0.0,-8.88014680081642,-699.8207815671826,682.0604879655498
2026-02-15 03:00:00+00:00,0.0,14.059720732467213,-676.8809140338994,705.0003554988339
2026-02-15 04:00:00+00:00,0.0,-126.75073292157413,-817.6913676879403,564.1899018447921
2026-02-15 05:00:00+00:00,0.0,-126.75073292157413,-817.6913676879403,564.1899018447921
2026-02-15 06:00:00+00:00,259.97749999999996,64.48580169289107,-626.4548330734756,755.4264364592577
2026-02-15 07:00:00+00:00,795.9075000000003,796.3608209827071,105.42018621634043,1487.3014557490735
2026-02-15 08:00:00+00:00,2310.3025,3104.181988305118,2413.241353538752,3795.1226230714847
2026-02-15 09:00:00+00:00,3631.615,5111.690536661177,4420.749901894811,5802.631171427543
2026-02-15 10:00:00+00:00,4857.205,6589.280351165766,5898.339716399399,7280.220985932132
2026-02-15 11:00:00+00:00,5515.11,6483.42784243033,5792.487207663964,7174.368477196696
2026-02-15 12:00:00+00:00,5377.9125,6655.4011096402955,5964.460474873929,7346.341744406663
2026-02-15 13:00:00+00:00,4598.4825,5715.664962593368,5024.724327827002,6406.605597359734
2026-02-15 14:00:00+00:00,3148.17,4488.308684033082,3797.3680492667145,5179.249318799448
2026-02-15 15:00:00+00:00,1713.4675,3258.479968443943,2567.5393336775765,3949.4206032103093
2026-02-15 16:00:00+00:00,733.5250000000001,1427.8789333045297,736.938298538163,2118.819568070896
2026-02-15 17:00:00+00:00,223.47249999999985,304.3138638422797,-386.6267709240865,995.2544986086459
2026-02-15 18:00:00+00:00,203.60249999999996,255.26836016660081,-435.67227459976584,946.2089949329675
2026-02-15 19:00:00+00:00,0.0,45.444818197211134,-645.4958165691555,736.3854529635778
2026-02-15 20:00:00+00:00,0.0,3.2594616127771587,-687.6811731535895,694.2000963791438
2026-02-15 21:00:00+00:00,0.0,26.671930271089423,-664.2687044952768,717.6125650374556
2026-02-15 22:00:00+00:00,0.0,3.2594616127771587,-687.6811731535895,694.2000963791438
2026-02-15 23:00:00+00:00,0.0,3.2594616127771587,-687.6811731535895,694.2000963791438
2026-02-16 00:00:00+00:00,0.0,5.32068282382761,-685.6199519425386,696.2613175901938
2026-02-16 01:00:00+00:00,0.0,7.278547369042826,-683.6620873973238,698.2191821354095
2026-02-16 02:00:00+00:00,0.0,7.311095350359665,-683.629539416007,698.2517301167263
2026-02-16 03:00:00+00:00,0.0,7.311095350359665,-683.629539416007,698.2517301167263
2026-02-16 04:00:00+00:00,0.0,7.311095350359665,-683.629539416007,698.2517301167263
2026-02-16 05:00:00+00:00,0.0,7.311095350359665,-683.629539416007,698.2517301167263
2026-02-16 06:00:00+00:00,279.0425,240.97157007320584,-449.96906469316036,931.912204839572
2026-02-16 07:00:00+00:00,704.4475000000002,695.1035841793455,4.162949412978833,1386.0442189457117
2026-02-16 08:00:00+00:00,2033.8225,2832.6261094427423,2141.685474676376,3523.566744209109
2026-02-16 09:00:00+00:00,3665.1800000000003,5682.109689619503,4991.169054853137,6373.05032438587
2026-02-16 10:00:00+00:00,5160.9875,6286.484430563558,5595.543795797192,6977.425065329924
2026-02-16 11:00:00+00:00,6119.9875,6756.269493158186,6065.32885839182,7447.210127924553
2026-02-16 12:00:00+00:00,6022.06,7470.389068728015,6779.448433961649,8161.329703494383
2026-02-16 13:00:00+00:00,6347.3775,7303.549562533407,6612.60892776704,7994.490197299774
2026-02-16 14:00:00+00:00,5829.135,6060.732102996457,5369.791468230091,6751.672737762824
2026-02-16 15:00:00+00:00,3555.42,4447.130712082478,3756.1900773161115,5138.071346848844
2026-02-16 16:00:00+00:00,1348.7549999999999,1572.0876084256124,881.1469736592458,2263.0282431919786
2026-02-16 17:00:00+00:00,266.03999999999996,357.38094189095,-333.55969287541666,1048.3215766573164
2026-02-16 18:00:00+00:00,229.57499999999982,224.43637915592308,-466.5042556104436,915.3770139222897
2026-02-16 19:00:00+00:00,0.0,73.09311368535054,-617.8475210810161,764.0337484517172
2026-02-16 20:00:00+00:00,0.0,4.803862655708599,-686.1367721106576,695.7444974220748
2026-02-16 21:00:00+00:00,0.0,2.930288464438945,-688.0103463019277,693.8709232308056
2026-02-16 22:00:00+00:00,0.0,3.3779803254278704,-687.5626544409388,694.3186150917945
2026-02-16 23:00:00+00:00,0.0,2.930288464438945,-688.0103463019277,693.8709232308056
2026-02-17 00:00:00+00:00,0.0,5.568414412870425,-685.3722203534958,696.5090491792366
2026-02-17 01:00:00+00:00,0.0,7.558826939402479,-683.3818078269642,698.4994617057691
2026-02-17 02:00:00+00:00,0.0,7.558826939402479,-683.3818078269642,698.4994617057691
2026-02-17 03:00:00+00:00,0.0,7.558826939402479,-683.3818078269642,698.4994617057691
2026-02-17 04:00:00+00:00,0.0,7.558826939402479,-683.3818078269642,698.4994617057691
2026-02-17 05:00:00+00:00,0.0,7.558826939402479,-683.3818078269642,698.4994617057691
2026-02-17 06:00:00+00:00,274.07000000000016,222.0189712021015,-468.9216635642647,912.9596059684677
2026-02-17 07:00:00+00:00,977.4650000000001,915.9489949009089,225.00836013454273,1606.8896296672754
2026-02-17 08:00:00+00:00,3307.1974999999998,3499.6432405068417,2808.7026057404755,4190.583875273208
2026-02-17 09:00:00+00:00,5920.4575,4826.110081004603,4135.169446238237,5517.05071577097
2026-02-17 10:00:00+00:00,7868.025,7227.212931239167,6536.2722964728,7918.153566005533
2026-02-17 11:00:00+00:00,8970.0325,7966.877196768897,7275.93656200253,8657.817831535263
2026-02-17 12:00:00+00:00,8539.7125,7751.719044727488,7060.778409961121,8442.659679493854
2026-02-17 13:00:00+00:00,7646.95,7190.086259437702,6499.145624671335,7881.026894204068
2026-02-17 14:00:00+00:00,6331.795,6955.47293188062,6264.532297114254,7646.413566646986
2026-02-17 15:00:00+00:00,3946.0375,3869.2079012212616,3178.2672664548954,4560.148535987628
2026-02-17 16:00:00+00:00,1428.3075,1545.9274272787645,854.9867925123986,2236.868062045131
2026-02-17 17:00:00+00:00,259.42999999999984,359.8706127045043,-331.07002206186235,1050.811247470871
2026-02-17 18:00:00+00:00,218.57499999999982,170.1773098818462,-520.7633248845204,861.1179446482129
2026-02-17 19:00:00+00:00,0.0,66.16505927699382,-624.7755754893728,757.1056940433605
2026-02-17 20:00:00+00:00,0.0,4.73098154477384,-686.2096532215928,695.6716163111405
2026-02-17 21:00:00+00:00,0.0,5.568414412870425,-685.3722203534958,696.5090491792366
2026-02-17 22:00:00+00:00,0.0,5.568414412870425,-685.3722203534958,696.5090491792366
2026-02-17 23:00:00+00:00,0.0,5.568414412870425,-685.3722203534958,696.5090491792366
2026-02-18 00:00:00+00:00,0.0,5.568414412870425,-685.3722203534958,696.5090491792366
2026-02-18 01:00:00+00:00,0.0,7.558826939402479,-683.3818078269642,698.4994617057691
2026-02-18 02:00:00+00:00,0.0,7.558826939402479,-683.3818078269642,698.4994617057691
2026-02-18 03:00:00+00:00,0.0,7.973970819074566,-682.9666639472921,698.9146055854412
2026-02-18 04:00:00+00:00,0.0,7.973970819074566,-682.9666639472921,698.9146055854412
2026-02-18 05:00:00+00:00,0.0,7.973970819074566,-682.9666639472921,698.9146055854412
2026-02-18 06:00:00+00:00,266.6125000000002,260.9625262986906,-429.97810846767607,951.9031610650572
2026-02-18 07:00:00+00:00,916.4425000000001,945.3165245135665,254.37588974719984,1636.2571592799331
2026-02-18 08:00:00+00:00,3297.4049999999997,3467.225141116802,2776.284506350436,4158.165775883169
2026-02-18 09:00:00+00:00,5924.077499999999,5322.270649678367,4631.3300149120005,6013.211284444734
2026-02-18 10:00:00+00:00,8090.575000000001,8091.91715535762,7400.976520591254,8782.857790123988
2026-02-18 11:00:00+00:00,9271.0525,8412.762376037404,7721.821741271036,9103.703010803769
2026-02-18 12:00:00+00:00,9158.9475,8050.552626753742,7359.611991987375,8741.493261520109
2026-02-18 13:00:00+00:00,8015.6175,8162.0405178876335,7471.099883121266,8852.981152654
2026-02-18 14:00:00+00:00,5995.110000000001,6060.754736678327,5369.814101911961,6751.695371444694
2026-02-18 15:00:00+00:00,3351.4674999999997,5064.140088027085,4373.199453260719,5755.080722793451
2026-02-18 16:00:00+00:00,1191.675,1583.9224535040642,892.9818187376982,2274.8630882704306
2026-02-18 17:00:00+00:00,272.5174999999999,340.1218587867752,-350.81877597959146,1031.0624935531414
2026-02-18 18:00:00+00:00,220.17250000000013,219.71755860495477,-471.2230761614119,910.6581933713214
2026-02-18 19:00:00+00:00,0.0,42.22237279377623,-648.7182619725904,733.1630075601429
2026-02-18 20:00:00+00:00,0.0,5.288134842510772,-685.6524999238554,696.228769608877
2026-02-18 21:00:00+00:00,0.0,5.9835582925425115,-684.9570764738237,696.9241930589087
2026-02-18 22:00:00+00:00,0.0,5.9835582925425115,-684.9570764738237,696.9241930589087
2026-02-18 23:00:00+00:00,0.0,5.568414412870425,-685.3722203534958,696.5090491792366
2026-02-19 00:00:00+00:00,0.0,5.32068282382761,-685.6199519425386,696.2613175901938
2026-02-19 01:00:00+00:00,0.0,7.311095350359665,-683.629539416007,698.2517301167263
2026-02-19 02:00:00+00:00,0.0,7.311095350359665,-683.629539416007,698.2517301167263
2026-02-19 03:00:00+00:00,0.0,7.558826939402479,-683.3818078269642,698.4994617057691
2026-02-19 04:00:00+00:00,0.0,7.311095350359665,-683.629539416007,698.2517301167263
2026-02-19 05:00:00+00:00,0.0,7.311095350359665,-683.629539416007,698.2517301167263
2026-02-19 06:00:00+00:00,274.8600000000001,222.0189712021015,-468.9216635642647,912.9596059684677
2026-02-19 07:00:00+00:00,922.2525,703.3131270777744,12.372492311408223,1394.2537618441409
2026-02-19 08:00:00+00:00,2306.6125,3152.7616470463845,2461.821012280018,3843.7022818127507
2026-02-19 09:00:00+00:00,3934.8625,6119.319392077804,5428.378757311437,6810.260026844171
2026-02-19 10:00:00+00:00,5170.6475,6546.01742354702,5855.076788780654,7236.9580583133875
2026-02-19 11:00:00+00:00,6267.885,6851.810793543529,6160.870158777163,7542.751428309895
2026-02-19 12:00:00+00:00,6413.5375,6984.673761732945,6293.733126966579,7675.6143964993125
2026-02-19 13:00:00+00:00,5768.9575,7597.1980088355995,6906.257374069233,8288.138643601967
2026-02-19 14:00:00+00:00,4824.6975,8136.797738020489,7445.857103254122,8827.738372786855
2026-02-19 15:00:00+00:00,3051.83,4850.291823403531,4159.351188637164,5541.232458169898
2026-02-19 16:00:00+00:00,1257.75,1746.0728451482278,1055.1322103818613,2437.0134799145944
2026-02-19 17:00:00+00:00,275.30499999999984,394.0381511550909,-296.90248361127533,1084.9787859214573
2026-02-19 18:00:00+00:00,217.33500000000004,233.8793207839435,-457.0613139824227,924.8199555503097
2026-02-19 19:00:00+00:00,0.0,66.61275113798274,-624.3278836283839,757.5533859043494
2026-02-19 20:00:00+00:00,0.0,1.9849982675259525,-688.9556364988402,692.9256330338922
2026-02-19 21:00:00+00:00,0.0,5.568414412870425,-685.3722203534958,696.5090491792366
2026-02-19 22:00:00+00:00,0.0,5.568414412870425,-685.3722203534958,696.5090491792366
2026-02-19 23:00:00+00:00,0.0,5.568414412870425,-685.3722203534958,696.5090491792366
2026-02-20 00:00:00+00:00,0.0,5.568414412870425,-685.3722203534958,696.5090491792366
2026-02-20 01:00:00+00:00,0.0,7.558826939402479,-683.3818078269642,698.4994617057691
2026-02-20 02:00:00+00:00,0.0,6.72139407130544,-684.2192406950603,697.6620288376716
2026-02-20 03:00:00+00:00,0.0,6.72139407130544,-684.2192406950603,697.6620288376716
2026-02-20 04:00:00+00:00,0.0,7.558826939402479,-683.3818078269642,698.4994617057691
2026-02-20 05:00:00+00:00,0.0,7.558826939402479,-683.3818078269642,698.4994617057691
2026-02-20 06:00:00+00:00,291.1800000000003,284.2394828627257,-406.7011519036405,975.1801176290919
2026-02-20 07:00:00+00:00,980.5500000000002,1136.9052273671484,445.964592600782,1827.8458621335149
2026-02-20 08:00:00+00:00,3027.34,3980.121550844144,3289.180916077778,4671.062185610511
2026-02-20 09:00:00+00:00,5504.02,6353.639403585159,5662.698768818793,7044.580038351526
2026-02-20 10:00:00+00:00,7749.2725,7381.6054281931065,6690.664793426739,8072.546062959473
2026-02-20 11:00:00+00:00,9443.7325,7408.406400210219,6717.465765443852,8099.347034976586
2026-02-20 12:00:00+00:00,8953.635,8882.968436717738,8192.027801951372,9573.909071484104
2026-02-20 13:00:00+00:00,7465.34,7339.645328600394,6648.704693834028,8030.5859633667615
2026-02-20 14:00:00+00:00,5784.855,6681.57119756079,5990.630562794424,7372.511832327157
2026-02-20 15:00:00+00:00,3814.4300000000003,4930.319328152151,4239.378693385785,5621.259962918517
2026-02-20 16:00:00+00:00,1627.24,2022.0889823002985,1331.148347533932,2713.029617066665
2026-02-20 17:00:00+00:00,324.8675000000003,699.7056775947308,8.76504282836413,1390.6463123610974
2026-02-20 18:00:00+00:00,244.23999999999978,269.17663762698885,-421.7639971393778,960.1172723933555
2026-02-20 19:00:00+00:00,0.0,66.16505927699382,-624.7755754893728,757.1056940433605
2026-02-20 20:00:00+00:00,0.0,4.73098154477384,-686.2096532215928,695.6716163111405
2026-02-20 21:00:00+00:00,0.0,4.73098154477384,-686.2096532215928,695.6716163111405
2026-02-20 22:00:00+00:00,0.0,4.73098154477384,-686.2096532215928,695.6716163111405
2026-02-20 23:00:00+00:00,0.0,4.73098154477384,-686.2096532215928,695.6716163111405
2026-02-21 00:00:00+00:00,0.0,3.394032029541904,-706.2762821660231,713.0643462251073
2026-02-21 01:00:00+00:00,0.0,5.627259264485019,-704.0430549310804,715.2975734600504
2026-02-21 02:00:00+00:00,0.0,9.198113854529765,-700.4722003410357,718.8684280500947
2026-02-21 03:00:00+00:00,0.0,9.198113854529765,-700.4722003410357,718.8684280500947
2026-02-21 04:00:00+00:00,0.0,5.3386421056588915,-704.3316720899065,715.0089563012243
2026-02-21 05:00:00+00:00,0.0,7.777812054849164,-701.8925021407158,717.4481262504146
2026-02-21 06:00:00+00:00,294.31500000000005,347.05912124301085,-362.6111929525546,1056.7294354385763
2026-02-21 07:00:00+00:00,1053.76,1197.9884252291301,488.3181110335645,1907.6587394246953
2026-02-21 08:00:00+00:00,3564.8025,4846.507214799827,4136.836900604262,5556.177528995393
2026-02-21 09:00:00+00:00,6498.6675,8378.544309404904,7668.873995209337,9088.214623600468
2026-02-21 10:00:00+00:00,8180.3275,10989.189499108948,10279.519184913383,11698.859813304512
2026-02-21 11:00:00+00:00,8774.7675,11573.40487693121,10863.734562735644,12283.075191126776
2026-02-21 12:00:00+00:00,7053.3425,11551.620730722425,10841.950416526859,12261.29104491799
2026-02-21 13:00:00+00:00,6763.605,8093.989613280148,7384.319299084583,8803.659927475714
2026-02-21 14:00:00+00:00,5764.965,8766.854081574096,8057.183767378531,9476.524395769662
2026-02-21 15:00:00+00:00,4950.285,6577.50430349501,5867.833989299445,7287.174617690576
2026-02-21 16:00:00+00:00,2085.3825,2367.2307353643364,1657.560421168771,3076.901049559902
2026-02-21 17:00:00+00:00,314.34749999999985,425.3516432885717,-284.3186709069937,1135.021957484137
2026-02-21 18:00:00+00:00,211.39750000000004,236.5544627499421,-473.1158514456233,946.2247769455075
2026-02-21 19:00:00+00:00,0.0,60.01572605058573,-649.6545881449797,769.6860402461512
2026-02-21 20:00:00+00:00,0.0,3.2220191755900487,-706.4482950199749,712.8923333711555
2026-02-21 21:00:00+00:00,0.0,3.0496906682296867,-706.6206235273357,712.7200048637947
2026-02-21 22:00:00+00:00,0.0,1.936388510350298,-707.7339256852151,711.6067027059157
2026-02-21 23:00:00+00:00,0.0,2.1084013643021535,-707.5619128312633,711.7787155598676
2026-02-22 00:00:00+00:00,0.0,1.936388510350298,-707.7339256852151,711.6067027059157
2026-02-22 01:00:00+00:00,0.0,7.777812054849164,-701.8925021407158,717.4481262504146
2026-02-22 02:00:00+00:00,0.0,7.758739931110995,-701.9115742644544,717.429054126676
2026-02-22 03:00:00+00:00,0.0,8.841436261573563,-700.8288779339919,718.511750457139
2026-02-22 04:00:00+00:00,0.0,7.777812054849164,-701.8925021407158,717.4481262504146
2026-02-22 05:00:00+00:00,0.0,7.777812054849164,-701.8925021407158,717.4481262504146
2026-02-22 06:00:00+00:00,266.645,356.0613909010999,-353.6089232944655,1065.731705096665
2026-02-22 07:00:00+00:00,1253.3175,1216.0395255425835,506.36921134701834,1925.7098397381487
2026-02-22 08:00:00+00:00,3857.38,4519.15674982994,3809.486435634375,5228.827064025505
2026-02-22 09:00:00+00:00,5060.1425,8227.876375216694,7518.206061021129,8937.54668941226
2026-02-22 10:00:00+00:00,6627.37,9051.354574079018,8341.684259883454,9761.024888274584
2026-02-22 11:00:00+00:00,7505.185,9750.94213210213,9041.271817906563,10460.612446297695
2026-02-22 12:00:00+00:00,7619.84,9935.210894262993,9225.540580067427,10644.881208458557
2026-02-22 13:00:00+00:00,6953.2,8643.589418229509,7933.919104033942,9353.259732425073
2026-02-22 14:00:00+00:00,5524.0225,7091.739318310401,6382.069004114836,7801.409632505966
2026-02-22 15:00:00+00:00,3548.9700000000003,5874.446707497727,5164.776393302162,6584.117021693293
2026-02-22 16:00:00+00:00,1693.5075000000002,1932.531242353755,1222.8609281581898,2642.2015565493202
2026-02-22 17:00:00+00:00,313.15999999999985,466.0497091687221,-243.62060502684335,1175.7200233642873
2026-02-22 18:00:00+00:00,230.99249999999984,332.8625016014844,-376.80781259408104,1042.5328157970494
2026-02-22 19:00:00+00:00,0.0,233.6385799724876,-476.0317342230778,943.308894168053
2026-02-22 20:00:00+00:00,0.0,20.300747568250245,-689.3695666273152,729.9710617638157
2026-02-22 21:00:00+00:00,0.0,20.4125137752676,-689.2578004202974,730.082827970833
2026-02-22 22:00:00+00:00,0.0,20.4125137752676,-689.2578004202974,730.082827970833
2026-02-22 23:00:00+00:00,0.0,2.0481547173676518,-707.6221594781973,711.7184689129331
2026-02-23 00:00:00+00:00,0.0,20.4125137752676,-689.2578004202974,730.082827970833
2026-02-23 01:00:00+00:00,0.0,23.35805458579989,-686.3122596097651,733.0283687813653
2026-02-23 02:00:00+00:00,0.0,23.35805458579989,-686.3122596097651,733.0283687813653
2026-02-23 03:00:00+00:00,0.0,23.35805458579989,-686.3122596097651,733.0283687813653
2026-02-23 04:00:00+00:00,0.0,23.35805458579989,-686.3122596097651,733.0283687813653
2026-02-23 05:00:00+00:00,0.0,23.35805458579989,-686.3122596097651,733.0283687813653
2026-02-23 06:00:00+00:00,325.89750000000004,407.05162449559475,-302.6186896999707,1116.72193869116
2026-02-23 07:00:00+00:00,1183.6825,1342.521306206437,632.8509920108718,2052.191620402002
2026-02-23 08:00:00+00:00,3552.2625,3690.670721495324,2981.000407299759,4400.34103569089
2026-02-23 09:00:00+00:00,6141.6275000000005,6973.528350965569,6263.858036770003,7683.198665161134
2026-02-23 10:00:00+00:00,7883.7925,8207.511201970741,7497.840887775176,8917.181516166307
2026-02-23 11:00:00+00:00,9400.99,9687.961600699547,8978.291286503982,10397.631914895112
2026-02-23 12:00:00+00:00,9952.9675,12409.74701973124,11700.076705535674,13119.417333926805
2026-02-23 13:00:00+00:00,9580.837500000001,13040.407118176474,12330.736803980912,13750.07743237204
2026-02-23 14:00:00+00:00,8186.82,9812.230172817515,9102.55985862195,10521.90048701308
2026-02-23 15:00:00+00:00,5574.9725,5825.938815030292,5116.268500834727,6535.609129225857
2026-02-23 16:00:00+00:00,2294.1525,2171.359258656581,1461.6889444610158,2881.0295728521464
2026-02-23 17:00:00+00:00,342.38250000000016,421.5398349031352,-288.1304792924302,1131.2101490987004
2026-02-23 18:00:00+00:00,218.5324999999998,257.0307903388343,-452.6395238567311,966.7011045343997
2026-02-23 19:00:00+00:00,0.0,85.42949595001983,-624.2408182455456,795.0998101455853
2026-02-23 20:00:00+00:00,0.0,4.524795800541142,-705.1455183950243,714.1951099961066
2026-02-23 21:00:00+00:00,0.0,4.352782946589286,-705.3175312489761,714.0230971421547
2026-02-23 22:00:00+00:00,0.0,4.661393099008819,-705.0089210965566,714.3317072945742
2026-02-23 23:00:00+00:00,0.0,3.2220191755900487,-706.4482950199749,712.8923333711555
2026-02-24 00:00:00+00:00,0.0,2.1084013643021535,-707.5619128312633,711.7787155598676
2026-02-24 01:00:00+00:00,0.0,7.777812054849164,-701.8925021407158,717.4481262504146
2026-02-24 02:00:00+00:00,0.0,7.777812054849164,-701.8925021407158,717.4481262504146
2026-02-24 03:00:00+00:00,0.0,6.003008981179391,-703.667305214386,715.6733231767448
2026-02-24 04:00:00+00:00,0.0,8.994376991787249,-700.6759372037782,718.6646911873522
2026-02-24 05:00:00+00:00,0.0,7.823573406235937,-701.8467407893295,717.4938876018014
2026-02-24 06:00:00+00:00,289.63250000000016,315.2422613768308,-394.4280528187346,1024.9125755723962
2026-02-24 07:00:00+00:00,1461.985,1304.8981469376336,595.2278327420681,2014.568461133199
2026-02-24 08:00:00+00:00,5081.84,3897.661171425008,3187.9908572294426,4607.3314856205725
2026-02-24 09:00:00+00:00,9305.605,6411.643549558936,5701.97323536337,7121.313863754502
2026-02-24 10:00:00+00:00,12166.134999999998,8396.970029347074,7687.299715151509,9106.64034354264
2026-02-24 11:00:00+00:00,13879.857499999998,9757.317557775576,9047.64724358001,10466.98787197114
2026-02-24 12:00:00+00:00,14165.8825,8726.611910274158,8016.941596078593,9436.282224469724
2026-02-24 13:00:00+00:00,13114.2925,7597.239221654996,6887.568907459431,8306.909535850562
2026-02-24 14:00:00+00:00,10922.779999999999,6534.814357214689,5825.144043019124,7244.484671410255
2026-02-24 15:00:00+00:00,7189.19,4873.636504844787,4163.966190649222,5583.306819040352
2026-02-24 16:00:00+00:00,2864.7025,2029.7210909266182,1320.050776731053,2739.3914051221836
2026-02-24 17:00:00+00:00,389.14750000000004,375.7647885452111,-333.9055256503543,1085.4351027407765
2026-02-24 18:00:00+00:00,199.0250000000001,228.62475445950122,-481.0455597360642,938.2950686550662
2026-02-24 19:00:00+00:00,0.0,121.00842725105713,-588.6618869445083,830.6787414466226
2026-02-24 20:00:00+00:00,0.0,2.5222830520206116,-707.1480311435448,712.1925972475856
2026-02-24 21:00:00+00:00,0.0,3.172025571026552,-706.4982886245389,712.842339766592
2026-02-24 22:00:00+00:00,0.0,3.172025571026552,-706.4982886245389,712.842339766592
2026-02-24 23:00:00+00:00,0.0,2.863415418607019,-706.8068987769584,712.533729614172
2026-02-25 00:00:00+00:00,0.0,4.14904608384677,-705.5212681117187,713.8193602794122
2026-02-25 01:00:00+00:00,0.0,9.061516556061633,-700.6087976395033,718.7318307516271
2026-02-25 02:00:00+00:00,0.0,10.840382058502655,-698.8299321370628,720.5106962540676
2026-02-25 03:00:00+00:00,0.0,10.840382058502655,-698.8299321370628,720.5106962540676
2026-02-25 04:00:00+00:00,0.0,9.37012670848162,-700.3001874870838,719.0404409040466
2026-02-25 05:00:00+00:00,0.0,63.15290737532723,-646.5174068202377,772.8232215708927
2026-02-25 06:00:00+00:00,350.84249999999975,405.9646112224473,-303.70570297311815,1115.6349254180125
2026-02-25 07:00:00+00:00,1759.515,1750.9156859710042,1041.2453717754388,2460.5860001665696
2026-02-25 08:00:00+00:00,5569.485000000001,5813.661729136389,5103.991414940824,6523.332043331955
2026-02-25 09:00:00+00:00,9391.405,9799.336709727482,9089.666395531918,10509.007023923048
2026-02-25 10:00:00+00:00,12397.267499999998,13432.755955904344,12723.085641708778,14142.42627009991
2026-02-25 11:00:00+00:00,14085.1725,14201.564008033987,13491.893693838421,14911.234322229553
2026-02-25 12:00:00+00:00,13950.095000000001,13739.791327218343,13030.121013022777,14449.46164141391
2026-02-25 13:00:00+00:00,11326.252499999999,13656.585227400257,12946.914913204695,14366.255541595823
2026-02-25 14:00:00+00:00,10424.99,11956.459098942,11246.788784746435,12666.129413137565
2026-02-25 15:00:00+00:00,7295.7175,6876.189014333771,6166.5187001382055,7585.859328529336
2026-02-25 16:00:00+00:00,3012.8125,2708.7714708166895,1999.1011566211241,3418.4417850122545
2026-02-25 17:00:00+00:00,455.41499999999996,596.9630490584236,-112.7072651371418,1306.633363253989
2026-02-25 18:00:00+00:00,254.23999999999978,263.1155732557454,-446.55474093982,972.7858874513108
2026-02-25 19:00:00+00:00,0.0,122.45893075070762,-587.2113834448578,832.1292449462726
2026-02-25 20:00:00+00:00,0.0,4.833405952960675,-704.8369082426047,714.5037201485261
2026-02-25 21:00:00+00:00,0.0,4.833405952960675,-704.8369082426047,714.5037201485261
2026-02-25 22:00:00+00:00,0.0,5.082615658333907,-704.5876985372315,714.7529298538989
2026-02-25 23:00:00+00:00,0.0,4.833405952960675,-704.8369082426047,714.5037201485261
2026-02-26 00:00:00+00:00,0.0,4.457656236266303,-705.2126579592991,714.1279704318317
2026-02-26 01:00:00+00:00,0.0,9.37012670848162,-700.3001874870838,719.0404409040466
2026-02-26 02:00:00+00:00,0.0,9.37012670848162,-700.3001874870838,719.0404409040466
2026-02-26 03:00:00+00:00,0.0,9.37012670848162,-700.3001874870838,719.0404409040466
2026-02-26 04:00:00+00:00,0.0,9.37012670848162,-700.3001874870838,719.0404409040466
2026-02-26 05:00:00+00:00,0.0,9.37012670848162,-700.3001874870838,719.0404409040466
2026-02-26 06:00:00+00:00,334.1149999999998,500.4844317765969,-209.1858824189685,1210.1547459721623
2026-02-26 07:00:00+00:00,1929.2649999999999,1568.1185428481117,858.4482286525463,2277.788857043677
2026-02-26 08:00:00+00:00,5993.285,5959.622236886709,5249.951922691144,6669.292551082275
2026-02-26 09:00:00+00:00,9709.1675,9349.393796507375,8639.723482311809,10059.064110702939
2026-02-26 10:00:00+00:00,12636.48,13558.140246851202,12848.469932655637,14267.810561046765
2026-02-26 11:00:00+00:00,14016.21,14720.58407343494,14010.913759239374,15430.254387630503
2026-02-26 12:00:00+00:00,11821.294999999998,14930.896565340197,14221.226251144632,15640.56687953576
2026-02-26 13:00:00+00:00,13524.48,14842.327605671871,14132.657291476306,15551.997919867434
2026-02-26 14:00:00+00:00,9659.2025,13795.775500339969,13086.105186144403,14505.445814535535
2026-02-26 15:00:00+00:00,8041.139999999999,7727.088356328534,7017.418042132969,8436.758670524101
2026-02-26 16:00:00+00:00,3389.845,3311.8398428950586,2602.1695286994936,4021.510157090624
2026-02-26 17:00:00+00:00,455.73,688.1894787928359,-21.480835402729554,1397.859792988401
2026-02-26 18:00:00+00:00,209.8449999999998,276.55520695837095,-433.115107237194,986.2255211539364
2026-02-26 19:00:00+00:00,0.0,199.94884684556246,-509.72146735000297,909.6191610411279
2026-02-26 20:00:00+00:00,0.0,3.163611698933437,-706.506702496632,712.8339258944989
2026-02-26 21:00:00+00:00,0.0,4.833405952960675,-704.8369082426047,714.5037201485261
2026-02-26 22:00:00+00:00,0.0,4.833405952960675,-704.8369082426047,714.5037201485261
2026-02-26 23:00:00+00:00,0.0,5.082615658333907,-704.5876985372315,714.7529298538989
2026-02-27 00:00:00+00:00,0.0,5.082615658333907,-704.5876985372315,714.7529298538989
2026-02-27 01:00:00+00:00,0.0,7.573048560691404,-702.097265634874,717.2433627562568
2026-02-27 02:00:00+00:00,0.0,15.374649005269475,-694.295665190296,725.0449632008349
2026-02-27 03:00:00+00:00,0.0,9.619336413854398,-700.050977781711,719.2896506094198
2026-02-27 04:00:00+00:00,0.0,9.619336413854398,-700.050977781711,719.2896506094198
2026-02-27 05:00:00+00:00,0.0,42.34922240695914,-667.3210917886063,752.0195366025246
2026-02-27 06:00:00+00:00,347.02999999999975,493.841035555929,-215.8292786396364,1203.5113497514942
2026-02-27 07:00:00+00:00,1894.8274999999999,1984.772135755023,1275.1018215594577,2694.4424499505885
2026-02-27 08:00:00+00:00,5637.1275000000005,6140.127136307474,5430.456822111908,6849.79745050304
2026-02-27 09:00:00+00:00,8824.24,11446.259257257225,10736.588943061659,12155.92957145279
2026-02-27 10:00:00+00:00,10430.8825,13780.532798132652,13070.862483937086,14490.203112328218
2026-02-27 11:00:00+00:00,9360.355,14310.418745509334,13600.748431313772,15020.0890597049
2026-02-27 12:00:00+00:00,9425.8125,14608.831682838521,13899.161368642955,15318.501997034087
2026-02-27 13:00:00+00:00,8830.04,14269.899788691233,13560.229474495667,14979.570102886799
2026-02-27 14:00:00+00:00,8457.557499999999,11221.463104001214,10511.792789805648,11931.13341819678
2026-02-27 15:00:00+00:00,5580.975,6782.829330633382,6073.159016437817,7492.499644828948
2026-02-27 16:00:00+00:00,2233.02,2508.8799664126254,1799.20965221706,3218.5502806081904
2026-02-27 17:00:00+00:00,401.2750000000001,610.0581832715661,-99.6121309239993,1319.7284974671313
2026-02-27 18:00:00+00:00,216.9749999999999,365.8098792513929,-343.86043494417254,1075.4801934469583
2026-02-27 19:00:00+00:00,0.0,224.3265130130835,-485.3438011824819,933.9968272086489
2026-02-27 20:00:00+00:00,0.0,15.836232223337902,-693.8340819722275,725.5065464189029
2026-02-27 21:00:00+00:00,0.0,3.5057982365597127,-706.1645159590057,713.1761124321251
2026-02-27 22:00:00+00:00,0.0,3.5057982365597127,-706.1645159590057,713.1761124321251
2026-02-27 23:00:00+00:00,0.0,-37.21003693991406,-746.880351135479,672.4602772556514
