date,wind_onshore_50hz_actual,wind_onshore_50hz_fitted,wind_onshore_50hz_lower,wind_onshore_50hz_upper
2026-01-24 00:00:00+00:00,3710.34,4087.811,3766.9069361470915,4408.7150204312675
2026-01-24 01:00:00+00:00,3372.12,3790.8633,3469.9591728003356,4111.767257084512
2026-01-24 02:00:00+00:00,2900.105,3148.8062,2827.9020047539507,3469.7100890381266
2026-01-24 03:00:00+00:00,2614.755,2928.593,2607.689020595807,3249.497104879983
2026-01-24 04:00:00+00:00,2550.9825,2811.5955,2490.6913786730343,3132.49946295721
2026-01-24 05:00:00+00:00,2382.815,2469.2925,2148.388355048559,2790.196439332735
2026-01-24 06:00:00+00:00,2343.13,2773.1084,2452.2044351223262,3094.012519406502
2026-01-24 07:00:00+00:00,2235.34,2966.7234,2645.8193672643565,3287.6274515485325
2026-01-24 08:00:00+00:00,2198.13,2563.22,2242.3158767760433,2884.123961060219
2026-01-24 09:00:00+00:00,2126.3625,2668.8252,2347.9212429037825,2989.729327187959
2026-01-24 10:00:00+00:00,2109.0725,2297.3118,1976.4077433561558,2618.215827640332
2026-01-24 11:00:00+00:00,2054.9849999999997,2268.798,1947.8940625924013,2589.702146876577
2026-01-24 12:00:00+00:00,2182.89,2346.4514,2025.5473759166412,2667.355460200817
2026-01-24 13:00:00+00:00,2224.1425,2031.2545,1710.3504699613359,2352.158554245512
2026-01-24 14:00:00+00:00,2228.9700000000003,2149.0605,1828.1564951835005,2469.9645794676767
2026-01-24 15:00:00+00:00,2413.7575,2458.5884,2137.6842384612187,2779.4923227453946
2026-01-24 16:00:00+00:00,2660.6475,2462.4358,2141.531700495091,2783.3397847792676
2026-01-24 17:00:00+00:00,2861.4849999999997,2471.7017,2150.7974944744747,2792.6055787586506
2026-01-24 18:00:00+00:00,2919.705,2827.1719,2506.26782158523,3148.075905869406
2026-01-24 19:00:00+00:00,2648.0425,2424.3945,2103.490527305373,2745.298611589549
2026-01-24 20:00:00+00:00,2411.0475,2304.4656,1983.5614164283413,2625.369500712517
2026-01-24 21:00:00+00:00,2398.6949999999997,1995.1392,1674.2351140016062,2316.043198285782
2026-01-24 22:00:00+00:00,2566.3075,2073.2273,1752.323329972332,2394.131414256508
2026-01-24 23:00:00+00:00,2517.3075,2029.485,1708.5809731605063,2350.3890574446823
2026-01-25 00:00:00+00:00,2539.15,2322.545,2001.640829837214,2643.44891412139
2026-01-25 01:00:00+00:00,2739.6499999999996,2439.562,2118.657878393029,2760.4659626772054
2026-01-25 02:00:00+00:00,2867.205,2910.493,2589.588939122744,3231.39702340692
2026-01-25 03:00:00+00:00,2812.695,2336.3176,2015.4135232412596,2657.2216075254355
2026-01-25 04:00:00+00:00,2809.3125,2262.8381,1941.9341885518352,2583.742272836011
2026-01-25 05:00:00+00:00,2759.835,2345.8516,2024.9475168892925,2666.7556011734687
2026-01-25 06:00:00+00:00,2853.6949999999997,2403.6323,2082.7283409446827,2724.536425228859
2026-01-25 07:00:00+00:00,2807.735,2139.252,1818.3478006447488,2460.155884928925
2026-01-25 08:00:00+00:00,2597.28,2794.3027,2473.398613134546,3115.206697418722
2026-01-25 09:00:00+00:00,2477.35,2375.886,2054.98190141827,2696.789985702446
2026-01-25 10:00:00+00:00,2654.65,2178.4707,1857.5666653606609,2499.374749644837
2026-01-25 11:00:00+00:00,2944.22,2459.742,2138.83786576244,2780.6459500466153
2026-01-25 12:00:00+00:00,3160.5,4332.1807,4011.2763753016693,4653.084459585845
2026-01-25 13:00:00+00:00,3567.4775,4353.0083,4032.1043986649565,4673.912482949133
2026-01-25 14:00:00+00:00,3829.0675,5235.266,4914.361909212228,5556.1699934964045
2026-01-25 15:00:00+00:00,4124.705,4301.1587,3980.2546783166463,4622.062762600823
2026-01-25 16:00:00+00:00,4136.3225,5302.08,4981.176229849481,5622.984314133658
2026-01-25 17:00:00+00:00,4068.52,4777.7686,4456.864702073634,5098.672786357811
2026-01-25 18:00:00+00:00,3964.585,4091.553,3770.6488260972123,4412.456910381388
2026-01-25 19:00:00+00:00,3627.425,4480.892,4159.988045843262,4801.796130127437
2026-01-25 20:00:00+00:00,3234.27,5390.7646,5069.8604674615,5711.668551745676
2026-01-25 21:00:00+00:00,2872.0,3792.197,3471.2930755933776,4113.101159877553
2026-01-25 22:00:00+00:00,2803.8125,4268.6675,3947.763219978138,4589.571304262314
2026-01-25 23:00:00+00:00,2758.7525,4819.347,4498.443025234874,5140.251109519049
2026-01-26 00:00:00+00:00,2485.41,5854.258,5533.353547944955,6175.16163222913
2026-01-26 01:00:00+00:00,2291.805,6107.842,5786.93769311743,6428.745777401607
2026-01-26 02:00:00+00:00,2064.0074999999997,7323.797,7002.892889548819,7644.700973832995
2026-01-26 03:00:00+00:00,1916.6550000000002,7201.419,6880.515049714464,7522.3231339986405
2026-01-26 04:00:00+00:00,1750.685,6930.3945,6609.4907456255405,7251.298829909717
2026-01-26 05:00:00+00:00,1592.7925,6308.3564,5987.452459571448,6629.260543855624
2026-01-26 06:00:00+00:00,1548.2425000000003,6797.1436,6476.239757430045,7118.04784171422
2026-01-26 07:00:00+00:00,1446.935,5370.06,5049.156112867277,5690.964197151453
2026-01-26 08:00:00+00:00,1188.6025,4925.748,4604.844160350527,5246.6522446347035
2026-01-26 09:00:00+00:00,967.1725000000001,3290.8635,2969.9595289578756,3611.767613242052
2026-01-26 10:00:00+00:00,750.065,3028.4888,2707.5846156663183,3349.392699950494
2026-01-26 11:00:00+00:00,626.8725,2827.1912,2506.2872282182725,3148.095312502449
2026-01-26 12:00:00+00:00,611.2275,2075.5742,1754.6701741061806,2396.478258390357
2026-01-26 13:00:00+00:00,593.9575,1464.7802,1143.8760912370053,1785.6841755211813
2026-01-26 14:00:00+00:00,651.9625000000001,1483.9017,1162.9976408402686,1804.8057251244447
2026-01-26 15:00:00+00:00,717.2786112499998,1253.1615,932.2574315549687,1574.0655158391446
2026-01-26 16:00:00+00:00,729.0530552499999,1831.7263,1510.822336731207,2152.630421015383
2026-01-26 17:00:00+00:00,752.06666675,2123.257,1802.3530477573188,2444.161132041495
2026-01-26 18:00:00+00:00,793.07722225,2764.7073,2443.8031096118284,3085.6111938960044
2026-01-26 19:00:00+00:00,801.0105555,2346.4656,2025.5615427587622,2667.369627042938
2026-01-26 20:00:00+00:00,907.6352779999997,2227.2393,1906.3352430973705,2548.1433273815464
2026-01-26 21:00:00+00:00,1011.1997222499999,2670.9268,2350.0226901628075,2991.8307744469835
2026-01-26 22:00:00+00:00,1020.373611,2205.8665,1884.9623299948278,2526.770414279004
2026-01-26 23:00:00+00:00,900.0122222499999,2343.2832,2022.3790490060962,2664.1871332902724
2026-01-27 00:00:00+00:00,834.2200000000003,1903.1886,1582.2845459821774,2224.092630266354
2026-01-27 01:00:00+00:00,803.9755557500002,944.14496,623.2409560247597,1265.0490403089357
2026-01-27 02:00:00+00:00,676.7330554999999,1072.0353,751.1312499748819,1392.939334259058
2026-01-27 03:00:00+00:00,496.18416674999935,989.87445,668.9703579938232,1310.7784422779991
2026-01-27 04:00:00+00:00,386.2300002500001,834.57513,513.6711058658998,1155.4791901500757
2026-01-27 05:00:00+00:00,259.78305550000005,863.2026,542.2984124661193,1184.1064967502953
2026-01-27 06:00:00+00:00,176.48777774999962,852.5583,531.654262374881,1173.462346659057
2026-01-27 07:00:00+00:00,119.58055574999935,385.05533,64.1513833721524,705.9594676563283
2026-01-27 08:00:00+00:00,78.91499999999996,960.8869,639.9828642843322,1281.7909485685082
2026-01-27 09:00:00+00:00,73.13000000000011,628.2028,307.29883536061607,949.1069196447925
2026-01-27 10:00:00+00:00,138.8050000000003,577.82196,256.9178575175574,898.7259418017334
2026-01-27 11:00:00+00:00,276.02,625.3571,304.4530466912406,946.2611309754166
2026-01-27 12:00:00+00:00,344.6374999999998,1055.1422,734.2381640439071,1376.046248328083
2026-01-27 13:00:00+00:00,370.3649999999998,806.4943,485.5902900521619,1127.3983743363378
2026-01-27 14:00:00+00:00,414.3024999999998,716.63715,395.73311553904523,1037.5411998232212
2026-01-27 15:00:00+00:00,615.6875,768.86273,447.9586938528091,1089.766778136985
2026-01-27 16:00:00+00:00,938.8600000000001,1569.5428,1248.6387243248673,1890.4468086090435
2026-01-27 17:00:00+00:00,1010.8274999999999,2278.6528,1957.7486538182989,2599.556738102475
2026-01-27 18:00:00+00:00,1028.6774999999998,2360.3481,2039.4439806726639,2681.25206495684
2026-01-27 19:00:00+00:00,1032.315,2164.236,1843.3319000238696,2485.1399843080453
2026-01-27 20:00:00+00:00,975.46,1444.7753,1123.87134576397,1765.679430048146
2026-01-27 21:00:00+00:00,1073.0950000000003,1529.2035,1208.2995146834028,1850.1075989675787
2026-01-27 22:00:00+00:00,1282.9375,2952.8987,2631.9945670505913,3273.8026513347672
2026-01-27 23:00:00+00:00,1326.3274999999999,4003.8828,3682.9788761611685,4324.786960445344
2026-01-28 00:00:00+00:00,1408.8225000000002,3556.5085,3235.604411400539,3877.4124956847154
2026-01-28 01:00:00+00:00,1590.2200000000003,3082.6255,2761.7214077187054,3403.529492002882
2026-01-28 02:00:00+00:00,1745.2350000000001,2145.1714,1824.2674059217516,2466.0754902059275
2026-01-28 03:00:00+00:00,2001.0275,2389.3298,2068.425846458573,2710.2339307427487
2026-01-28 04:00:00+00:00,2237.2925,2071.9697,1751.065586084837,2392.873670369013
2026-01-28 05:00:00+00:00,2314.2025,2205.9436,1885.0394713611724,2526.8475556453486
2026-01-28 06:00:00+00:00,2434.52,2599.013,2278.1088885609342,2919.91697284511
2026-01-28 07:00:00+00:00,2427.335,3902.3264,3581.422352272556,4223.230436556732
2026-01-28 08:00:00+00:00,2312.12,3703.5515,3382.647560278852,4024.455644563028
2026-01-28 09:00:00+00:00,2326.385,3633.5469,3312.6428619442595,3954.4509462284354
2026-01-28 10:00:00+00:00,2436.9075,3699.8604,3378.956418674138,4020.764502958314
2026-01-28 11:00:00+00:00,2628.2675,4592.585,4271.680739074075,4913.4888233582515
2026-01-28 12:00:00+00:00,3041.0125,4801.384,4480.479857557926,5122.287941842103
2026-01-28 13:00:00+00:00,3635.0475,4910.3203,4589.416275214274,5231.224359498449
2026-01-28 14:00:00+00:00,3994.76,5517.088,5196.1838698597585,5837.991954143934
2026-01-28 15:00:00+00:00,4374.0125,6693.623,6372.718954790582,7014.527039074758
2026-01-28 16:00:00+00:00,4616.7775,7587.849,7266.944972584506,7908.7530568686825
2026-01-28 17:00:00+00:00,4714.6425,7086.593,6765.68871892967,7407.496803213846
2026-01-28 18:00:00+00:00,4873.7325,5882.1123,5561.208082417415,6203.016166701591
2026-01-28 19:00:00+00:00,5076.55,6496.7646,6175.860786134463,6817.668870418639
2026-01-28 20:00:00+00:00,4971.835,7420.7705,7099.866282332348,7741.674366616525
2026-01-28 21:00:00+00:00,4536.700000000001,7117.767,6796.863146116739,7438.671230400914
2026-01-28 22:00:00+00:00,4312.865,7633.4175,7312.513299499316,7954.321383783492
2026-01-28 23:00:00+00:00,4246.2925,7520.877,7199.973070086947,7841.781154371123
2026-01-29 00:00:00+00:00,4033.6375,6203.9277,5883.02381463825,6524.831898922426
2026-01-29 01:00:00+00:00,4047.4849999999997,4126.8867,3805.9824586196924,4447.790542903868
2026-01-29 02:00:00+00:00,3801.7325,3075.974,2755.070075342829,3396.8781596270055
2026-01-29 03:00:00+00:00,3867.3075,3613.7861,3292.881972944551,3934.690057228727
2026-01-29 04:00:00+00:00,4051.185,4113.2344,3792.3302804068417,4434.138364691018
2026-01-29 05:00:00+00:00,4112.97,4091.2546,3770.3506431805117,4412.158727464688
2026-01-29 06:00:00+00:00,4195.61,5355.3677,5034.463642090175,5676.271726374351
2026-01-29 07:00:00+00:00,4115.21,3734.6375,3413.7334628963818,4055.5415471805577
2026-01-29 08:00:00+00:00,3945.145,7182.6387,6861.73447465376,7503.5425589379365
2026-01-29 09:00:00+00:00,3768.94,6208.914,5888.0099608659,6529.818045150077
2026-01-29 10:00:00+00:00,3584.6825,5935.8745,5614.970666068158,6256.778750352334
2026-01-29 11:00:00+00:00,3326.0175,5683.4365,5362.53228851052,6004.340372794696
2026-01-29 12:00:00+00:00,3159.83,5920.5933,5599.689495077706,6241.497579361881
2026-01-29 13:00:00+00:00,2928.5,5343.373,5022.469178471828,5664.277262756004
2026-01-29 14:00:00+00:00,2825.57,3812.846,3491.942006056545,4133.750090340721
2026-01-29 15:00:00+00:00,2809.305,3430.6646,3109.760498388183,3751.568582672359
2026-01-29 16:00:00+00:00,2915.025,3569.087,3248.1828933820134,3889.9909776661893
2026-01-29 17:00:00+00:00,2974.265,3450.1248,3129.2206937380406,3771.028778022217
2026-01-29 18:00:00+00:00,2895.5474999999997,6025.876,5704.971837798451,6346.779922082627
2026-01-29 19:00:00+00:00,2824.0175,5478.492,5157.588152130846,5799.396236415022
2026-01-29 20:00:00+00:00,2830.3125,5864.974,5544.0700847774415,6185.878169061618
2026-01-29 21:00:00+00:00,2871.245,5558.4556,5237.551436986154,5879.359521270329
2026-01-29 22:00:00+00:00,2846.9275,4698.7324,4377.828472078775,5019.6365563629515
2026-01-29 23:00:00+00:00,2940.88,4396.3926,4075.488460514232,4717.296544798408
2026-01-30 00:00:00+00:00,3022.88,4948.37,4627.466181388861,5269.274265673037
2026-01-30 01:00:00+00:00,2901.775,4700.2803,4379.376151063927,5021.184235348103
2026-01-30 02:00:00+00:00,2732.37,4699.9917,4379.0878655300785,5020.895949814254
2026-01-30 03:00:00+00:00,2670.2225,4730.4434,4409.5394926694735,5051.347576953649
2026-01-30 04:00:00+00:00,2717.1275,4871.292,4550.387983634841,5192.196067919016
2026-01-30 05:00:00+00:00,2674.825,5159.87,4838.965975443511,5480.774059727687
2026-01-30 06:00:00+00:00,2610.48,3619.946,3299.0421234381174,3940.8502077222934
2026-01-30 07:00:00+00:00,2592.7650000000003,3873.0046,3552.100579308905,4193.908663593081
2026-01-30 08:00:00+00:00,2640.58,4092.8184,3771.914381154507,4413.722465438683
2026-01-30 09:00:00+00:00,2624.9975,4201.2085,3880.304574865577,4522.112659149753
2026-01-30 10:00:00+00:00,2571.3475,3329.6265,3008.722386313868,3650.530470598044
2026-01-30 11:00:00+00:00,2522.335,2873.4846,2552.580586943556,3194.388671227732
2026-01-30 12:00:00+00:00,2538.205,3224.5808,2903.676658966496,3545.4847432506717
2026-01-30 13:00:00+00:00,2835.925,3127.825,2806.920863055957,3448.728947340133
2026-01-30 14:00:00+00:00,3147.96,4152.8345,3831.9304369454594,4473.738521229636
2026-01-30 15:00:00+00:00,3544.9674999999997,4521.581,4200.677254111651,4842.485338395827
2026-01-30 16:00:00+00:00,3690.015,5984.7153,5663.811533512951,6305.619617797127
2026-01-30 17:00:00+00:00,3772.035,6320.968,6000.063860054221,6641.871944338396
2026-01-30 18:00:00+00:00,3840.9075,6196.677,5875.772526201859,6517.580610486036
2026-01-30 19:00:00+00:00,3823.21,6193.6855,5872.7815759173245,6514.589660201501
2026-01-30 20:00:00+00:00,3921.7225,6239.7046,5918.8005248513855,6560.608609135561
2026-01-30 21:00:00+00:00,4062.3199999999997,6186.142,5865.238217653643,6507.0463019378185
2026-01-30 22:00:00+00:00,4187.53,6257.4375,5936.533723926777,6578.341808210953
2026-01-30 23:00:00+00:00,4183.21,6126.7046,5805.800746368566,6447.608830652742
2026-01-31 00:00:00+00:00,4270.6900000000005,4143.0063,3843.063179412772,4442.949430868986
2026-01-31 01:00:00+00:00,4429.3375,4572.664,4272.721134802427,4872.60738625864
2026-01-31 02:00:00+00:00,4588.6775,4758.415,4458.471965553162,5058.358217009376
2026-01-31 03:00:00+00:00,4826.455,5128.1274,4828.184141421769,5428.070392877983
2026-01-31 04:00:00+00:00,5076.47,5186.3574,4886.414326065263,5486.300577521477
2026-01-31 05:00:00+00:00,5219.15,4557.7246,4257.781277970613,4857.667529426827
2026-01-31 06:00:00+00:00,5202.055,5690.304,5390.360824225638,5990.247075681851
2026-01-31 07:00:00+00:00,5202.1675,5635.144,5335.200962995824,5935.087214452038
2026-01-31 08:00:00+00:00,5049.64,4715.469,4415.526251027737,5015.412502483951
2026-01-31 09:00:00+00:00,4887.8225,4713.6333,4413.6899954092405,5013.576246865455
2026-01-31 10:00:00+00:00,4626.9725,5185.1685,4885.225087592408,5485.1113390486225
2026-01-31 11:00:00+00:00,4148.2725,5209.476,4909.533059876323,5509.419311332536
2026-01-31 12:00:00+00:00,3784.1475,3527.3625,3227.4195244959838,3827.3057759521976
2026-01-31 13:00:00+00:00,3768.69,4349.6826,4049.739309274921,4649.625560731135
2026-01-31 14:00:00+00:00,4082.2174999999997,3577.7788,3277.835798152889,3877.7220496091027
2026-01-31 15:00:00+00:00,4455.42,4470.8877,4170.944648857421,4770.830900313635
2026-01-31 16:00:00+00:00,4767.4325,5565.2964,5265.352997481342,5865.239248937556
2026-01-31 17:00:00+00:00,5132.0775,5856.022,5556.078915435174,6155.965166891388
2026-01-31 18:00:00+00:00,5275.93,5808.9243,5508.9813458366025,6108.867597292817
2026-01-31 19:00:00+00:00,5037.32,5619.0234,5319.080261059947,5918.966512516161
2026-01-31 20:00:00+00:00,4679.6025,5633.2505,5333.307263743521,5933.193515199735
2026-01-31 21:00:00+00:00,4217.1875,5603.54,5303.59667888686,5903.482930343074
2026-01-31 22:00:00+00:00,3876.88,5352.7324,5052.789040703798,5652.675292160011
2026-01-31 23:00:00+00:00,3638.285,5105.382,4805.438500130954,5405.324751587168
2026-02-01 00:00:00+00:00,3623.165,4415.4688,4115.525417976992,4715.411669433206
2026-02-01 01:00:00+00:00,3565.9325,4847.7666,4547.823500242353,5147.709751698566
2026-02-01 02:00:00+00:00,3493.15,3930.2485,3630.3054595334424,4230.191710989657
2026-02-01 03:00:00+00:00,3455.64,4844.214,4544.270824964397,5144.157076420612
2026-02-01 04:00:00+00:00,3433.9125,5012.151,4712.207773562866,5312.094025019081
2026-02-01 05:00:00+00:00,3546.1875,4781.653,4481.709759057939,5081.596010514153
2026-02-01 06:00:00+00:00,3485.68,4793.212,4493.268834863973,5093.155086320187
2026-02-01 07:00:00+00:00,3487.5825,3968.2532,3668.310136123895,4268.196387580108
2026-02-01 08:00:00+00:00,3546.9725,4664.373,4364.429944690726,4964.31619614694
2026-02-01 09:00:00+00:00,3688.435,5718.452,5418.5091751223645,6018.395426578578
2026-02-01 10:00:00+00:00,3738.7000000000003,4159.4575,3859.5145461174047,4459.400797573619
2026-02-01 11:00:00+00:00,3680.9900000000002,4026.763,3726.8198369289307,4326.7060883851445
2026-02-01 12:00:00+00:00,3647.8475,4709.2354,4409.292258295443,5009.178509751658
2026-02-01 13:00:00+00:00,3838.325,4285.961,3986.0178722622595,4585.904123718474
2026-02-01 14:00:00+00:00,4062.4375,4805.684,4505.741089787831,5105.627341244044
2026-02-01 15:00:00+00:00,4340.725,4952.9893,4653.046167566491,5252.932419022704
2026-02-01 16:00:00+00:00,4786.0525,5304.6807,5004.737343991684,5604.623595447898
2026-02-01 17:00:00+00:00,4901.3875,5618.3833,5318.4402303022,5918.326481758413
2026-02-01 18:00:00+00:00,5011.86,5977.918,5677.97488857108,6277.861140027293
2026-02-01 19:00:00+00:00,5044.36,6102.555,5802.612048624261,6402.498300080475
2026-02-01 20:00:00+00:00,4796.2575,5936.04,5636.097121061993,6235.983372518207
2026-02-01 21:00:00+00:00,4411.46,5889.025,5589.081641521192,6188.967892977405
2026-02-01 22:00:00+00:00,4195.2675,5686.5776,5386.634362548786,5986.5206140049995
2026-02-01 23:00:00+00:00,4162.74,5291.677,4991.733444355623,5591.619695811837
2026-02-02 00:00:00+00:00,4353.5475,5525.2993,5225.355926780419,5825.242178236633
2026-02-02 01:00:00+00:00,4547.1025,5505.7866,5205.843333521346,5805.72958497756
2026-02-02 02:00:00+00:00,4473.365,5186.6006,4886.657297110956,5486.543548567171
2026-02-02 03:00:00+00:00,4473.8575,5035.856,4735.912975824476,5335.79922728069
2026-02-02 04:00:00+00:00,4366.1025,5736.2075,5436.264303693094,6036.150555149308
2026-02-02 05:00:00+00:00,4425.255,5895.4575,5595.514358175842,6195.400609632056
2026-02-02 06:00:00+00:00,4437.5175,5445.5776,5145.6343515396575,5745.520602995872
2026-02-02 07:00:00+00:00,4441.6375,5200.99,4901.047218478924,5500.933469935138
2026-02-02 08:00:00+00:00,4368.83,5765.2217,5465.278578556185,6065.164830012398
2026-02-02 09:00:00+00:00,4045.3925,5797.905,5497.961871462319,6097.848122918534
2026-02-02 10:00:00+00:00,3903.705,5786.0576,5486.114704188767,6086.00095564498
2026-02-02 11:00:00+00:00,4275.7325,4073.4536,3773.5104858200343,4373.396737276248
2026-02-02 12:00:00+00:00,4874.01,6199.628,5899.684803368969,6499.571054825183
2026-02-02 13:00:00+00:00,5341.9725,6593.466,6293.522626204054,6893.408877660268
2026-02-02 14:00:00+00:00,5820.78,6478.9497,6179.006607481612,6778.8928589378265
2026-02-02 15:00:00+00:00,6155.385,6502.346,6202.403244277843,6802.289495734058
2026-02-02 16:00:00+00:00,6179.525,6313.4585,6013.515573878674,6613.401825334889
2026-02-02 17:00:00+00:00,6512.81,6628.327,6328.383925536567,6928.270176992782
2026-02-02 18:00:00+00:00,6701.9400000000005,6027.5293,5727.586393413997,6327.472644870211
2026-02-02 19:00:00+00:00,6681.47,5982.1787,5682.235420789265,6282.121672245479
2026-02-02 20:00:00+00:00,6830.025,7022.3457,6722.402812257942,7322.289063714155
2026-02-02 21:00:00+00:00,7173.200000000001,6596.017,6296.074016250173,6895.960267706387
2026-02-02 22:00:00+00:00,7409.985,7212.266,6912.32310960131,7512.209361057524
2026-02-02 23:00:00+00:00,7370.1125,7752.767,7452.823844727674,8052.710096183889
2026-02-03 00:00:00+00:00,7448.07,7459.897,7159.953687888959,7759.839939345173
2026-02-03 01:00:00+00:00,7615.505,7024.5513,6724.6083761032405,7324.494627559454
2026-02-03 02:00:00+00:00,8104.2725,7107.4683,6807.525350507641,7407.411601963855
2026-02-03 03:00:00+00:00,8395.369999999999,8622.589,8322.645827404123,8922.532078860339
2026-02-03 04:00:00+00:00,8803.085,9059.676,8759.73249637276,9359.618747828974
2026-02-03 05:00:00+00:00,9098.38,9218.277,8918.334369311884,9518.220620768097
2026-02-03 06:00:00+00:00,9451.935,9280.552,8980.608702215137,9580.49495367135
2026-02-03 07:00:00+00:00,9639.7425,8630.816,8330.87385168155,8930.760103137764
2026-02-03 08:00:00+00:00,9773.66,8985.608,8685.665528834805,9285.551780291018
2026-02-03 09:00:00+00:00,9712.95,7404.3594,7104.416173580135,7704.302425036349
2026-02-03 10:00:00+00:00,9906.0125,7693.536,7393.592860018171,7993.479111474386
2026-02-03 11:00:00+00:00,9886.29,7565.208,7265.264946492937,7865.1511979491515
2026-02-03 12:00:00+00:00,9917.305,7552.4766,7252.533418951631,7852.419670407844
2026-02-03 13:00:00+00:00,9404.630000000001,7295.437,6995.493728699578,7595.3799801557925
2026-02-03 14:00:00+00:00,9507.3975,7007.228,6707.285045117709,7307.171296573923
2026-02-03 15:00:00+00:00,9641.02,8765.247,8465.303986900719,9065.190238356932
2026-02-03 16:00:00+00:00,9769.6075,10350.556,10050.61243352259,10650.498684978804
2026-02-03 17:00:00+00:00,9714.215,10482.833,10182.889596872006,10782.77584832822
2026-02-03 18:00:00+00:00,9148.845000000001,9020.392,8720.448813502486,9320.3350649587
2026-02-03 19:00:00+00:00,8476.6875,9013.756,8713.813297532539,9313.699548988752
2026-02-03 20:00:00+00:00,7549.5875,9118.651,8818.708477924083,9418.594729380296
2026-02-03 21:00:00+00:00,6710.7175,8486.177,8186.233498685978,8786.119750142192
2026-02-03 22:00:00+00:00,6182.395,7591.178,7291.234902830625,7891.121154286839
2026-02-03 23:00:00+00:00,5552.5599999999995,7392.383,7092.439952196848,7692.326203653062
2026-02-04 00:00:00+00:00,5167.5025,6243.193,5943.249977621115,6543.136229077329
2026-02-04 01:00:00+00:00,4883.79,5175.693,4875.749604942999,5475.635856399213
2026-02-04 02:00:00+00:00,4670.4025,5474.4736,5174.530537040683,5774.416788496897
2026-02-04 03:00:00+00:00,4424.7275,4215.493,3915.54996185523,4515.436213311444
2026-02-04 04:00:00+00:00,4142.81,4784.804,4484.861105164571,5084.7473566207855
2026-02-04 05:00:00+00:00,3985.2775,3997.124,3697.1808868064886,4297.067138262702
2026-02-04 06:00:00+00:00,3704.86,4159.2,3859.257092871803,4459.143344328017
2026-02-04 07:00:00+00:00,3530.5724999999998,3844.1323,3544.189195541935,4144.075446998149
2026-02-04 08:00:00+00:00,3439.87,3831.563,3531.619853250745,4131.506104706959
2026-02-04 09:00:00+00:00,3171.1675,3813.6736,3513.7303818837418,4113.616633339956
2026-02-04 10:00:00+00:00,2889.6875,4108.8027,3808.859522357492,4408.745773813706
2026-02-04 11:00:00+00:00,2831.3825,3340.871,3040.9279910785926,3640.8142425348065
2026-02-04 12:00:00+00:00,3012.55,3026.4856,2726.5424764508007,3326.428727907015
2026-02-04 13:00:00+00:00,3232.1949999999997,3112.9111,2812.9681215927317,3412.8543730489455
2026-02-04 14:00:00+00:00,3937.1375,3038.2324,2738.289359948106,3338.1756114043196
2026-02-04 15:00:00+00:00,4864.375,3639.2275,3339.2843909493226,3939.1706424055365
2026-02-04 16:00:00+00:00,5463.985,4076.8154,3776.8722968620145,4376.758548318228
2026-02-04 17:00:00+00:00,5684.755,4745.781,4445.8378593097295,5045.724110765943
2026-02-04 18:00:00+00:00,5864.6525,4353.842,4053.898490352042,4653.784741808256
2026-02-04 19:00:00+00:00,5854.5425,4917.6025,4617.659336611183,5217.545588067396
2026-02-04 20:00:00+00:00,5785.8625,5184.423,4884.479581784075,5484.365833240288
2026-02-04 21:00:00+00:00,5339.0775,5956.7656,5656.8226288862315,6256.708880342446
2026-02-04 22:00:00+00:00,5167.9775,5800.768,5500.825126101434,6100.711377557647
2026-02-04 23:00:00+00:00,5118.46,5159.7446,4859.801525008037,5459.68777646425
2026-02-05 00:00:00+00:00,5006.895,4705.14,4405.196876524451,5005.083127980665
2026-02-05 01:00:00+00:00,4733.895,5028.573,4728.630248642557,5328.516500098771
2026-02-05 02:00:00+00:00,4221.995,5077.6772,4777.733978931913,5377.620230388127
2026-02-05 03:00:00+00:00,3793.8375,5794.7153,5494.772391321758,6094.658642777972
2026-02-05 04:00:00+00:00,3251.0625,5642.0312,5342.087988930003,5941.9742403862165
2026-02-05 05:00:00+00:00,2875.67,9028.997,8729.054490858922,9328.940742315137
2026-02-05 06:00:00+00:00,2471.855,4798.194,4498.250614599189,5098.1368660554035
2026-02-05 07:00:00+00:00,2141.4075000000003,4750.0425,4450.099555925897,5049.9858073821115
2026-02-05 08:00:00+00:00,1823.7,1978.6526,1678.709513446856,2278.5957649030697
2026-02-05 09:00:00+00:00,1615.7325,2078.717,1778.7739947414207,2378.6602461976345
2026-02-05 10:00:00+00:00,1362.6800000000003,1837.3976,1537.454453519245,2137.3407049754587
2026-02-05 11:00:00+00:00,1138.46,1625.6703,1325.7273107585002,1925.613562214714
2026-02-05 12:00:00+00:00,1039.4375,1862.4377,1562.494638067859,2162.3808895240727
2026-02-05 13:00:00+00:00,955.7525,2095.896,1795.9527463107836,2395.8389977669976
2026-02-05 14:00:00+00:00,882.3649999999998,1155.5311,855.5880406569258,1455.47429211314
2026-02-05 15:00:00+00:00,858.9925000000003,1324.8959,1024.9528322815086,1624.8390837377228
2026-02-05 16:00:00+00:00,787.7825000000003,1432.8575,1132.9144547601231,1732.800706216337
2026-02-05 17:00:00+00:00,736.6300000000001,1783.0388,1483.095698101432,2082.9819495576457
2026-02-05 18:00:00+00:00,720.085,1464.142,1164.1989175565436,1764.0851690127574
2026-02-05 19:00:00+00:00,668.1700000000001,1857.1079,1557.164800369023,2157.0510518252368
2026-02-05 20:00:00+00:00,586.8225000000002,1992.7504,1692.8072679543661,2292.69351941058
2026-02-05 21:00:00+00:00,520.5774999999999,1670.128,1370.184996064278,1970.071247520492
2026-02-05 22:00:00+00:00,565.2275,2206.9712,1907.0281630610928,2506.914414517307
2026-02-05 23:00:00+00:00,600.3499999999999,2256.432,1956.4886842989383,2556.3749357551524
2026-02-06 00:00:00+00:00,560.3874999999998,1904.461,1604.5179553247658,2204.4042067809796
2026-02-06 01:00:00+00:00,544.1799999999998,2075.2102,1775.2670220842815,2375.1532735404953
2026-02-06 02:00:00+00:00,449.6624999999999,1770.5914,1470.6482836678697,2070.5345351240835
2026-02-06 03:00:00+00:00,376.1774999999998,1336.7665,1036.8232875147128,1636.7095389709266
2026-02-06 04:00:00+00:00,347.2624999999998,1762.1176,1462.1745714161225,2062.0608228723363
2026-02-06 05:00:00+00:00,374.15499999999975,1201.0236,901.0804876365387,1500.966739092753
2026-02-06 06:00:00+00:00,404.3049999999994,1482.267,1182.3239365530667,1782.2101880092805
2026-02-06 07:00:00+00:00,403.4475000000002,1139.1176,839.174492628435,1439.0607440846493
2026-02-06 08:00:00+00:00,328.5675000000001,1045.1053,745.1623579808852,1345.048609437099
2026-02-06 09:00:00+00:00,282.8424999999993,829.0776,529.1343172052257,1129.0205686614395
2026-02-06 10:00:00+00:00,276.8575000000001,455.37296,155.42990582024777,755.3161572764616
2026-02-06 11:00:00+00:00,297.44000000000005,429.8998,129.95675928845185,729.8430107446657
2026-02-06 12:00:00+00:00,318.4200000000005,290.63638,-9.306791956321376,590.5794594998924
2026-02-06 13:00:00+00:00,308.3924999999999,145.44865,-154.4944120036971,445.3918394525167
2026-02-06 14:00:00+00:00,359.44000000000005,8.970132,-290.97311140684906,308.9131400493652
2026-02-06 15:00:00+00:00,418.67999999999984,-37.496178,-337.4391891662117,262.4470622900021
2026-02-06 16:00:00+00:00,435.09749999999985,582.49774,282.554608096837,882.4408595530508
2026-02-06 17:00:00+00:00,430.2574999999997,828.17303,528.2297740391073,1128.116025495321
2026-02-06 18:00:00+00:00,412.6774999999998,827.5971,527.6539792367316,1127.5402306929454
2026-02-06 19:00:00+00:00,377.18749999999955,1256.4664,956.523297576115,1556.4095490323289
2026-02-06 20:00:00+00:00,419.82499999999936,871.342,571.398858910853,1171.2851103670669
2026-02-06 21:00:00+00:00,460.8300000000004,703.4213,403.47811485097463,1003.3643663071884
2026-02-06 22:00:00+00:00,469.72249999999985,713.33856,413.39548653476504,1013.2817379909793
2026-02-06 23:00:00+00:00,455.8575000000001,636.6086,336.6653467443648,936.5515982005786
2026-02-07 00:00:00+00:00,485.0150000000003,620.85956,294.36073447165654,947.3584687797274
2026-02-07 01:00:00+00:00,525.4124999999999,678.1286,351.6297085805468,1004.6274428886177
2026-02-07 02:00:00+00:00,544.8600000000001,368.84048,42.34154018774052,695.3392744958114
2026-02-07 03:00:00+00:00,555.4649999999997,933.27606,606.7770580446095,1259.7747923526804
2026-02-07 04:00:00+00:00,448.15750000000025,696.87103,370.3720525741569,1023.3697868822278
2026-02-07 05:00:00+00:00,441.0825,679.6142,353.1152863399625,1006.1130206480334
2026-02-07 06:00:00+00:00,444.7649999999994,557.73016,231.2313453165434,884.2290796246143
2026-02-07 07:00:00+00:00,463.8474999999994,381.5021,55.00320385009354,708.0009381581644
2026-02-07 08:00:00+00:00,463.1350000000002,445.91617,119.4173121126305,772.4150464207014
2026-02-07 09:00:00+00:00,405.36749999999984,962.0036,635.5046969376594,1288.5024312457303
2026-02-07 10:00:00+00:00,367.5175000000004,414.41568,87.91685349044519,740.9145877985165
2026-02-07 11:00:00+00:00,356.2199999999998,239.4699,-87.02889766454564,565.9688366435257
2026-02-07 12:00:00+00:00,336.625,172.0385,-154.46034923255547,498.5373850755159
2026-02-07 13:00:00+00:00,366.9550000000004,291.56778,-34.93101499620252,618.0667193118684
2026-02-07 14:00:00+00:00,394.8375000000001,-56.537437,-383.03633080093823,269.9614035071336
2026-02-07 15:00:00+00:00,433.4499999999998,420.71207,94.21314151480601,747.2108758228769
2026-02-07 16:00:00+00:00,534.7175000000002,810.69305,484.194284165324,1137.1920184733954
2026-02-07 17:00:00+00:00,551.7024999999999,990.1374,663.638492859604,1316.6362271676749
2026-02-07 18:00:00+00:00,537.9975,959.7343,633.2354793359814,1286.2332136440518
2026-02-07 19:00:00+00:00,520.3699999999999,1080.9645,754.4656108921931,1407.4633452002636
2026-02-07 20:00:00+00:00,520.6475,1122.5111,796.012301241572,1449.010035549643
2026-02-07 21:00:00+00:00,517.8249999999998,1269.5626,943.0637343263647,1596.0614686344356
2026-02-07 22:00:00+00:00,515.5574999999999,1304.2264,977.7276682008342,1630.7254025089046
2026-02-07 23:00:00+00:00,490.1725000000001,1183.9152,857.4162466528619,1510.4139809609328
2026-02-08 00:00:00+00:00,473.81250000000045,1341.8187,1015.3198689351107,1668.317603243181
2026-02-08 01:00:00+00:00,483.15250000000015,1144.7743,818.2753966017813,1471.2731309098522
2026-02-08 02:00:00+00:00,471.6275000000005,1357.3766,1030.8777785127504,1683.8755128208209
2026-02-08 03:00:00+00:00,448.10499999999956,1144.3678,817.8690217058684,1470.8667560139388
2026-02-08 04:00:00+00:00,403.0775000000003,1254.3802,927.8815371644309,1580.8792714725014
2026-02-08 05:00:00+00:00,444.3575000000001,1132.317,805.8180847853673,1458.8158190934382
2026-02-08 06:00:00+00:00,454.6725000000001,1557.0958,1230.597067078349,1883.59480138642
2026-02-08 07:00:00+00:00,453.32000000000016,1296.4066,969.9077654162943,1622.9054997243647
2026-02-08 08:00:00+00:00,441.9200000000001,1230.6659,904.167019718961,1557.1647540270314
2026-02-08 09:00:00+00:00,429.9425000000001,1275.9935,949.4947043840416,1602.4924386921125
2026-02-08 10:00:00+00:00,464.67999999999984,1294.9291,968.4303384427567,1621.4280727508271
2026-02-08 11:00:00+00:00,415.0124999999998,1017.01996,690.5211431492885,1343.518877457359
2026-02-08 12:00:00+00:00,402.3850000000002,969.27924,642.7802436653528,1295.7779779734233
2026-02-08 13:00:00+00:00,440.3850000000002,686.38104,359.8821852156075,1012.8799195236788
2026-02-08 14:00:00+00:00,535.6175000000003,1034.5494,708.050572577732,1361.0483068858025
2026-02-08 15:00:00+00:00,647.4700000000003,1292.0641,965.565143140338,1618.562877448409
2026-02-08 16:00:00+00:00,749.4449999999997,1541.4923,1214.993551913059,1867.9912862211297
2026-02-08 17:00:00+00:00,805.7475,1279.6603,953.1613936311219,1606.1591279391923
2026-02-08 18:00:00+00:00,809.8924999999999,1455.3829,1128.884186373141,1781.8819206812116
2026-02-08 19:00:00+00:00,845.7174999999997,1705.267,1378.7680688233731,2031.7658031314436
2026-02-08 20:00:00+00:00,932.7475,1837.2183,1510.7193948040021,2163.717129112073
2026-02-08 21:00:00+00:00,890.7049999999999,1510.3744,1183.8755980281449,1836.8733323362153
2026-02-08 22:00:00+00:00,847.3525,1730.2084,1403.7096676761303,2056.707401984201
2026-02-08 23:00:00+00:00,810.4274999999998,2194.742,1868.2431377570017,2521.2408720650724
2026-02-09 00:00:00+00:00,799.1275,1397.0634,1070.564537151321,1723.5622714593915
2026-02-09 01:00:00+00:00,871.0425,1117.3116,790.8128761167827,1443.8106104248532
2026-02-09 02:00:00+00:00,945.4075000000003,1234.0155,907.5166045821243,1560.5143388901947
2026-02-09 03:00:00+00:00,928.4775,1916.1066,1589.607746255077,2242.6054805631475
2026-02-09 04:00:00+00:00,862.0149999999999,1611.005,1284.5061708085636,1937.5039051166343
2026-02-09 05:00:00+00:00,877.2125000000001,2054.201,1727.7020478590302,2380.6997821671007
2026-02-09 06:00:00+00:00,913.3225000000002,1693.0084,1366.5096749956465,2019.507409303717
2026-02-09 07:00:00+00:00,952.1824999999999,1804.8953,1478.396483073469,2131.39421738154
2026-02-09 08:00:00+00:00,902.3600000000001,2319.6155,1993.1166706006422,2646.114404908713
2026-02-09 09:00:00+00:00,869.7249999999999,2041.6467,1715.147896943733,2368.145631251804
2026-02-09 10:00:00+00:00,884.4775,2017.6588,1691.1599400386922,2344.157674346763
2026-02-09 11:00:00+00:00,833.8125,1407.1984,1080.6996512578503,1733.6973855659207
2026-02-09 12:00:00+00:00,800.0749999999998,1259.1056,932.6066641776579,1585.6043984857283
2026-02-09 13:00:00+00:00,823.3375000000001,1520.5792,1194.0803819472972,1847.0781162553678
2026-02-09 14:00:00+00:00,956.5374999999999,1461.8466,1135.3477595743293,1788.3454938824
2026-02-09 15:00:00+00:00,1175.5500000000002,1353.3815,1026.8827290345885,1679.880463342659
2026-02-09 16:00:00+00:00,1488.4925000000003,2031.6544,1705.155615656398,2358.1533499644684
2026-02-09 17:00:00+00:00,1728.0625,2357.864,2031.3650095980909,2684.3627439061615
2026-02-09 18:00:00+00:00,1667.5950000000003,2255.4644,1928.9655222158333,2581.963256523904
2026-02-09 19:00:00+00:00,1623.81,2223.7075,1897.2086049379893,2550.20633924606
2026-02-09 20:00:00+00:00,1642.5225,2716.6462,2390.147369737072,3043.1451040451425
2026-02-09 21:00:00+00:00,1527.7150000000001,2536.3804,2209.8815812329312,2862.879315541002
2026-02-09 22:00:00+00:00,1490.1599999999999,2220.5264,1894.0274696496365,2547.025203957707
2026-02-09 23:00:00+00:00,1342.1575000000003,2152.8267,1826.327721379812,2479.325455687883
2026-02-10 00:00:00+00:00,1201.0100000000002,2206.676,1880.1772467465855,2533.174981054656
2026-02-10 01:00:00+00:00,1162.15,1874.1484,1547.6496352851937,2200.647369593264
2026-02-10 02:00:00+00:00,1203.3975,1743.6324,1417.1336238843992,2070.13135819247
2026-02-10 03:00:00+00:00,1303.0825,1521.5997,1195.10078271268,1848.098517020751
2026-02-10 04:00:00+00:00,1441.3424999999997,1657.818,1331.3190451003993,1984.3167794084698
2026-02-10 05:00:00+00:00,1564.125,1549.7618,1223.2629123188672,1876.2606466269376
2026-02-10 06:00:00+00:00,1729.0,1420.4518,1093.953023161674,1746.950757469745
2026-02-10 07:00:00+00:00,1863.4,1397.893,1071.3941707138947,1724.3919050219652
2026-02-10 08:00:00+00:00,1836.8074999999997,1359.0238,1032.5250135254114,1685.5227478334818
2026-02-10 09:00:00+00:00,1610.87,1573.254,1246.7552238159983,1899.7529581240692
2026-02-10 10:00:00+00:00,1485.9099999999999,1466.1549,1139.6560321098,1792.6537664178707
2026-02-10 11:00:00+00:00,1417.2925,2397.0496,2070.5506889714998,2723.5484232795707
2026-02-10 12:00:00+00:00,1435.67,2722.964,2396.46519912411,3049.4629334321808
2026-02-10 13:00:00+00:00,1676.0625,1975.4023,1648.903549118943,2301.9012834270134
2026-02-10 14:00:00+00:00,2150.1449999999995,2322.2363,1995.7375363930537,2648.735270701124
2026-02-10 15:00:00+00:00,3029.55,1841.7709,1515.2719968494798,2168.2697311575507
2026-02-10 16:00:00+00:00,4327.4075,3790.0085,3463.509625088034,4116.507359396105
2026-02-10 17:00:00+00:00,5719.4475,4350.7407,4024.241811548809,4677.23954585688
2026-02-10 18:00:00+00:00,5904.6775,4644.879,4318.379852240785,4971.377586548855
2026-02-10 19:00:00+00:00,5786.075,5403.882,5077.382973855748,5730.380708163819
2026-02-10 20:00:00+00:00,5792.3125,6010.977,5684.478346533323,6337.476080841394
2026-02-10 21:00:00+00:00,5696.77,5880.519,5554.020360965326,6207.018095273397
2026-02-10 22:00:00+00:00,5429.965,6768.791,6442.292229675431,7095.289963983503
2026-02-10 23:00:00+00:00,5053.9725,6541.292,6214.792928108256,6867.790662416326
2026-02-11 00:00:00+00:00,4553.2825,4633.329,4306.830334201523,4959.828068509594
2026-02-11 01:00:00+00:00,4197.8125,4663.063,4336.563964434922,4989.561698742993
2026-02-11 02:00:00+00:00,4152.8975,4379.3936,4052.8945408383142,4705.892275146385
2026-02-11 03:00:00+00:00,4010.175,4225.5273,3899.028589852048,4552.026324160119
2026-02-11 04:00:00+00:00,3910.0275,3927.7505,3601.2515386233695,4254.24927293144
2026-02-11 05:00:00+00:00,3694.2799999999997,4191.942,3865.442961284303,4518.440695592373
2026-02-11 06:00:00+00:00,3554.5074999999997,3631.559,3305.0601184765874,3958.057852784658
2026-02-11 07:00:00+00:00,3260.5575,3115.5198,2789.020971263815,3442.0187055718857
2026-02-11 08:00:00+00:00,2930.745,1951.6853,1625.1865088111772,2278.184243119248
2026-02-11 09:00:00+00:00,2430.3025,2335.3071,2008.8082918799462,2661.806026188017
2026-02-11 10:00:00+00:00,1824.3975,1733.755,1407.2562298646767,2060.253964172747
2026-02-11 11:00:00+00:00,1540.27,2065.309,1738.8102105463186,2391.807944854389
2026-02-11 12:00:00+00:00,1512.1025,1476.7306,1150.2316767863977,1803.2294110944683
2026-02-11 13:00:00+00:00,1555.165,1094.6798,768.1810547287628,1421.1787890368332
2026-02-11 14:00:00+00:00,1547.255,803.6945,477.1956700911496,1130.1934043992205
2026-02-11 15:00:00+00:00,1681.9825,736.8017,410.3027525900734,1063.3004868981448
2026-02-11 16:00:00+00:00,1851.02,568.08954,241.59060603471562,894.5883403427865
2026-02-11 17:00:00+00:00,2117.645,477.83,151.33113201862443,804.3288663266953
2026-02-11 18:00:00+00:00,2470.9700000000003,600.9289,274.42992827051376,927.4276625785851
2026-02-11 19:00:00+00:00,2924.09,1236.8466,910.3476442103874,1563.345378518458
2026-02-11 20:00:00+00:00,3184.14,1222.076,895.5772558016188,1548.5749901096892
2026-02-11 21:00:00+00:00,3464.37,1454.6368,1128.1380013326507,1781.1357356407214
2026-02-11 22:00:00+00:00,3714.9300000000003,2116.0972,1789.5983395506123,2442.5960738586828
2026-02-11 23:00:00+00:00,3875.8450000000003,3209.1396,2882.640849340991,3535.6385836490613
2026-02-12 00:00:00+00:00,3826.955,2810.8726,2484.3736565802483,3137.3713908883187
2026-02-12 01:00:00+00:00,3514.295,3436.5764,3110.0774674834383,3763.0752017915092
2026-02-12 02:00:00+00:00,3217.0675,3010.2449,2683.7460515802095,3336.74378588828
2026-02-12 03:00:00+00:00,3265.2775,2220.241,1893.7421921439095,2546.73992645198
2026-02-12 04:00:00+00:00,3770.0025,2181.7314,1855.2325428325414,2508.230277140612
2026-02-12 05:00:00+00:00,4190.0925,3799.4624,3472.963608826776,4125.961343134846
2026-02-12 06:00:00+00:00,4429.6,1939.7545,1613.255698949211,2266.2534332572814
2026-02-12 07:00:00+00:00,4286.4575,1674.2792,1347.780333446175,2000.7780677542455
2026-02-12 08:00:00+00:00,4250.945,3365.422,3038.923290015438,3691.9210243235084
2026-02-12 09:00:00+00:00,4001.4875,3649.2183,3322.7194995715427,3975.7172338796136
2026-02-12 10:00:00+00:00,3599.3475,3169.133,2842.634123840129,3495.6318581482
2026-02-12 11:00:00+00:00,3444.875,3388.2046,3061.7057068758686,3714.7034411839395
2026-02-12 12:00:00+00:00,3472.0299999999997,1777.3634,1450.864680908508,2103.8624152165785
2026-02-12 13:00:00+00:00,3696.895,1631.7174,1305.218482122334,1958.2162164304048
2026-02-12 14:00:00+00:00,3980.04,2240.0513,1913.5524831538569,2566.550217461928
2026-02-12 15:00:00+00:00,4568.715,1153.5018,827.0029476137265,1480.0006819217974
2026-02-12 16:00:00+00:00,5593.535,1678.8439,1352.3451616704692,2005.3428959785401
2026-02-12 17:00:00+00:00,7284.9475,2756.8247,2430.325698390613,3083.323432698684
2026-02-12 18:00:00+00:00,8410.2375,4982.01,4655.510911126226,5308.508645434296
2026-02-12 19:00:00+00:00,8606.9875,7685.3833,7358.884392051021,8011.882126359093
2026-02-12 20:00:00+00:00,8517.09,9454.028,9127.53001795553,9780.527752263602
2026-02-12 21:00:00+00:00,7932.827499999999,7903.1724,7576.673778841632,8229.671513149704
2026-02-12 22:00:00+00:00,7438.3875,3897.7932,3571.2943682356104,4224.292102543681
2026-02-12 23:00:00+00:00,6530.655,4572.78,4246.280911359685,4899.278645667755
2026-02-13 00:00:00+00:00,6032.8925,3777.323,3450.8241003638977,4103.821834671969
2026-02-13 01:00:00+00:00,5728.935,3625.9758,3299.4769756999617,3952.474710008032
2026-02-13 02:00:00+00:00,5460.5225,3034.289,2707.790142171326,3360.787876479397
2026-02-13 03:00:00+00:00,5258.3675,1660.0848,1333.5859339061121,1986.583668214183
2026-02-13 04:00:00+00:00,4844.407499999999,1911.724,1585.2251463150533,2238.2228806231237
2026-02-13 05:00:00+00:00,4438.855,2030.0312,1703.5324448687097,2356.5301791767806
2026-02-13 06:00:00+00:00,3879.9375,1954.2395,1627.7406157859218,2280.7383500939923
2026-02-13 07:00:00+00:00,3591.005,2164.5574,1838.0584488551087,2491.0561831631794
2026-02-13 08:00:00+00:00,2960.275,1097.61,771.1110681855434,1424.108802493614
2026-02-13 09:00:00+00:00,2550.665,1564.159,1237.6601111742252,1890.6578454822961
2026-02-13 10:00:00+00:00,2122.2750000000005,1170.3107,843.8118087572966,1496.809543065367
2026-02-13 11:00:00+00:00,1810.3975,1704.672,1378.1732555206154,2031.170989828686
2026-02-13 12:00:00+00:00,1491.525,1113.3104,786.8116165160468,1439.8093508241177
2026-02-13 13:00:00+00:00,1328.54,936.726,610.2271692669337,1263.2249035750042
2026-02-13 14:00:00+00:00,1247.5325000000003,1184.3815,857.8825880448771,1510.880322352948
2026-02-13 15:00:00+00:00,1264.1400000000003,977.8991,651.4002819302418,1304.3980162383123
2026-02-13 16:00:00+00:00,1389.1875,1335.2206,1008.7218077669363,1661.7195420750072
2026-02-13 17:00:00+00:00,1567.92,1178.9899,852.4910372529653,1505.4887715610362
2026-02-13 18:00:00+00:00,1537.2624999999998,1046.7106,720.2117391739152,1373.2094734819857
2026-02-13 19:00:00+00:00,1484.8400000000001,623.3837,296.88476116518495,949.8824954732559
2026-02-13 20:00:00+00:00,1456.4449999999997,1047.4464,720.9476386988927,1373.9453730069636
2026-02-13 21:00:00+00:00,1632.935,1678.4352,1351.936457978591,2004.9341922866618
2026-02-13 22:00:00+00:00,1751.8625000000002,1100.0565,773.5576624132318,1426.5553967213023
2026-02-13 23:00:00+00:00,1893.1199999999997,1580.2086,1253.7097848331664,1906.7075191412368
2026-02-14 00:00:00+00:00,1731.88,1933.4513,1625.9774466488798,2240.9251367331
2026-02-14 01:00:00+00:00,1671.8975,2259.5044,1952.0305201614144,2566.9782102456347
2026-02-14 02:00:00+00:00,1716.67,2353.6284,2046.154631081621,2661.102321165841
2026-02-14 03:00:00+00:00,1779.8899999999999,2416.7144,2109.2405493787182,2724.1882394629383
2026-02-14 04:00:00+00:00,1791.7299999999998,2256.0222,1948.5482909614047,2563.495981045625
2026-02-14 05:00:00+00:00,1850.335,2186.578,1879.10398341421,2494.0516734984303
2026-02-14 06:00:00+00:00,1945.7,2559.7297,2252.255887956464,2867.203578040684
2026-02-14 07:00:00+00:00,1947.6150000000002,2711.1418,2403.667894452777,3018.615584536997
2026-02-14 08:00:00+00:00,1867.4375,2093.9685,1786.4947542693137,2401.442444353534
2026-02-14 09:00:00+00:00,1815.105,2716.4656,2408.99171609537,3023.93940617959
2026-02-14 10:00:00+00:00,1836.6225,2464.0813,2156.6074830439215,2771.5551731281416
2026-02-14 11:00:00+00:00,1838.9800000000002,2510.0227,2202.548805445811,2817.496495530031
2026-02-14 12:00:00+00:00,1957.4975,2747.9712,2440.4972204421465,3055.4449105263666
2026-02-14 13:00:00+00:00,2204.96,2803.9258,2496.4519773613874,3111.399667445608
2026-02-14 14:00:00+00:00,2300.13,3101.2053,2793.7315152937263,3408.679205377947
2026-02-14 15:00:00+00:00,2449.5175,3166.4727,2858.9988846945666,3473.9465747787867
2026-02-14 16:00:00+00:00,2519.6125,2745.571,2438.09720213376,3053.0448922179808
2026-02-14 17:00:00+00:00,2505.925,2601.044,2293.570183875157,2908.517873959377
2026-02-14 18:00:00+00:00,2385.0625,1823.7019,1516.2280851343758,2131.175775218596
2026-02-14 19:00:00+00:00,2070.0299999999997,1992.4042,1684.9303343068818,2299.8780243911024
2026-02-14 20:00:00+00:00,1830.1225,2117.537,1810.063333834303,2425.0110239185233
2026-02-14 21:00:00+00:00,1650.2399999999998,2382.9204,2075.4465178303863,2690.3942079146063
2026-02-14 22:00:00+00:00,1460.0524999999998,2469.2605,2161.786725270347,2776.734415354567
2026-02-14 23:00:00+00:00,1218.8474999999999,1934.244,1626.7702076086725,2241.7178976928926
2026-02-15 00:00:00+00:00,940.9499999999998,2025.986,1718.5121543228925,2333.4598444071125
2026-02-15 01:00:00+00:00,826.5475000000001,1501.796,1194.3221120698922,1809.2698021541125
2026-02-15 02:00:00+00:00,694.9674999999997,1234.5402,927.0663820515229,1542.014072135743
2026-02-15 03:00:00+00:00,586.5549999999998,1033.1002,725.6265014003616,1340.5741914845821
2026-02-15 04:00:00+00:00,484.96250000000055,623.1596,315.6856366654679,930.633326749688
2026-02-15 05:00:00+00:00,322.19500000000016,701.0275,393.5535873511594,1008.5012774353795
2026-02-15 06:00:00+00:00,226.62249999999995,461.1049,153.63112964172478,768.5788197259449
2026-02-15 07:00:00+00:00,179.90500000000065,614.93036,307.4564479900582,922.4041380742783
2026-02-15 08:00:00+00:00,147.77250000000004,865.9797,558.5058928208323,1173.4535829050524
2026-02-15 09:00:00+00:00,190.32999999999993,768.4257,460.95185357666605,1075.8995436608866
2026-02-15 10:00:00+00:00,310.6774999999998,630.6867,323.21288742372417,938.1605775079447
2026-02-15 11:00:00+00:00,500.2550000000001,1498.9147,1191.4408092620488,1806.3884993462689
2026-02-15 12:00:00+00:00,812.1025,1812.5043,1505.0304578687605,2119.978147952981
2026-02-15 13:00:00+00:00,1164.13,1317.986,1010.512187206336,1625.459877290556
2026-02-15 14:00:00+00:00,1638.25,1873.6019,1566.1281666106374,2181.0758566948575
2026-02-15 15:00:00+00:00,2322.4,2071.9023,1764.4284421681568,2379.376132252377
2026-02-15 16:00:00+00:00,3381.6525,2835.1633,2527.68937907268,3142.6370691569
2026-02-15 17:00:00+00:00,5752.9675,3959.4348,3651.9608850764134,4266.9085751606335
2026-02-15 18:00:00+00:00,6998.865,5513.3438,5205.869751180485,5820.817441264705
2026-02-15 19:00:00+00:00,8132.65,6047.048,5739.57408934898,6354.5217794332
2026-02-15 20:00:00+00:00,9255.065,8162.3267,7854.852649809278,8469.800339893498
2026-02-15 21:00:00+00:00,9631.1125,8934.431,8626.957189391342,9241.904879475562
2026-02-15 22:00:00+00:00,9491.8475,9087.831,8780.35730840971,9395.30499849393
2026-02-15 23:00:00+00:00,9557.1275,9218.804,8911.330346018658,9526.278036102878
2026-02-16 00:00:00+00:00,9644.755000000001,9290.904,8983.43025723141,9598.37794731563
2026-02-16 01:00:00+00:00,9485.0475,8961.275,8653.801996746592,9268.749686830812
2026-02-16 02:00:00+00:00,9086.369999999999,8606.831,8299.357698324802,8914.305388409022
2026-02-16 03:00:00+00:00,9131.9575,8414.397,8106.923465737087,8721.871155821307
2026-02-16 04:00:00+00:00,8901.69,8778.217,8470.743496714447,9085.691186798667
2026-02-16 05:00:00+00:00,8627.6725,7482.662,7175.188501664639,7790.136191748859
2026-02-16 06:00:00+00:00,8275.95,4194.162,3886.6884418323866,4501.636131916607
2026-02-16 07:00:00+00:00,7838.1525,4054.4148,3746.940937676112,4361.888627760332
2026-02-16 08:00:00+00:00,7287.355,4716.7637,4409.289857104514,5024.237547188734
2026-02-16 09:00:00+00:00,6697.3125,3972.7747,3665.3008105636077,4280.248500647828
2026-02-16 10:00:00+00:00,5975.2375,3785.0935,3477.6195777658277,4092.5672678500478
2026-02-16 11:00:00+00:00,5207.885,3494.8794,3187.4054248544758,3802.353114938696
2026-02-16 12:00:00+00:00,4599.4875,3631.2427,3323.768800340771,3938.7164904249917
2026-02-16 13:00:00+00:00,4154.6025,1853.3772,1545.9033499188986,2160.851040003119
2026-02-16 14:00:00+00:00,3543.5550000000003,1825.2606,1517.7868259003621,2132.7345159845822
2026-02-16 15:00:00+00:00,3148.575,1641.6095,1334.1356472950947,1949.0833373793148
2026-02-16 16:00:00+00:00,3153.275,1438.2985,1130.82457908596,1745.7722691701806
2026-02-16 17:00:00+00:00,3250.86,1662.3043,1354.8304926391265,1969.7781827233468
2026-02-16 18:00:00+00:00,3105.5525,1796.389,1488.9151897901356,2103.8628798743557
2026-02-16 19:00:00+00:00,2866.7799999999997,1180.6527,873.1788196839857,1488.1265097682058
2026-02-16 20:00:00+00:00,2752.12,1367.0494,1059.5756487321287,1674.5233388163488
2026-02-16 21:00:00+00:00,2677.285,1284.8112,977.3373242852299,1592.28501436945
2026-02-16 22:00:00+00:00,2542.7125,1387.8676,1080.3937261959818,1695.3414162802019
2026-02-16 23:00:00+00:00,2473.315,1217.9496,910.4758455296833,1525.4235356139034
2026-02-17 00:00:00+00:00,2422.7525,1266.9823,959.508450508938,1574.4561405931581
2026-02-17 01:00:00+00:00,2245.6875,1341.1129,1033.639071803274,1648.5867618874945
2026-02-17 02:00:00+00:00,1941.6875000000002,1120.4325,812.958678888298,1427.906368972518
2026-02-17 03:00:00+00:00,1774.7575000000002,1454.0043,1146.530367207385,1761.4780572916052
2026-02-17 04:00:00+00:00,1600.1025,834.2275,526.7537301680836,1141.7014202523042
2026-02-17 05:00:00+00:00,1464.8375,583.4167,275.9427928574037,890.8904829416238
2026-02-17 06:00:00+00:00,1302.6599999999999,400.93472,93.4608638929567,708.4085539771768
2026-02-17 07:00:00+00:00,1304.3674999999998,963.0307,655.5569121365329,1270.504602220753
2026-02-17 08:00:00+00:00,1351.7675,561.70966,254.2358916001972,869.1835816844173
2026-02-17 09:00:00+00:00,1324.3600000000001,481.48233,174.00848246917894,788.956172553399
2026-02-17 10:00:00+00:00,1345.8249999999998,-127.95663,-435.43043521462823,179.5172548695923
2026-02-17 11:00:00+00:00,1340.335,365.8063,58.33252928977663,673.2802193739967
2026-02-17 12:00:00+00:00,1297.8450000000003,20.294596,-287.17928407513773,327.76840600908236
2026-02-17 13:00:00+00:00,1096.6025,167.92229,-139.55147398897816,475.3962160952424
2026-02-17 14:00:00+00:00,1081.5500000000002,340.3461,32.87219113578885,647.8198812200089
2026-02-17 15:00:00+00:00,1379.3675000000003,1615.8622,1308.3882850384061,1923.3359751226262
2026-02-17 16:00:00+00:00,1756.2125,385.25455,77.78069252714795,692.728382611368
2026-02-17 17:00:00+00:00,2038.4225000000001,758.3444,450.87049584366514,1065.8181859278852
2026-02-17 18:00:00+00:00,2442.3675,634.60175,327.12798157375073,942.0756716579708
2026-02-17 19:00:00+00:00,2955.015,1119.7303,812.2565469048145,1427.2042369890346
2026-02-17 20:00:00+00:00,3397.5375,955.3945,647.9205961005764,1262.8682861847965
2026-02-17 21:00:00+00:00,3438.845,965.4423,657.9683803584139,1272.916070442634
2026-02-17 22:00:00+00:00,3582.0225,1750.1681,1442.6942178061013,2057.6419078903214
2026-02-17 23:00:00+00:00,3592.5299999999997,1687.8048,1380.3310025235128,1995.2786926077329
2026-02-18 00:00:00+00:00,3487.98,983.9201,676.4462119436521,1291.3939020278726
2026-02-18 01:00:00+00:00,3268.4075,671.3647,363.89074281178364,978.8384328960037
2026-02-18 02:00:00+00:00,2874.68,482.0082,174.53440222463496,789.482092308855
2026-02-18 03:00:00+00:00,2499.575,475.6979,168.2241414244836,783.1718315087037
2026-02-18 04:00:00+00:00,2057.98,826.5302,519.0562832380429,1134.0039733222634
2026-02-18 05:00:00+00:00,1704.88,1066.2714,758.7976770611895,1373.74536714541
2026-02-18 06:00:00+00:00,1536.0100000000002,1290.2206,982.746729179541,1597.6944192637611
2026-02-18 07:00:00+00:00,1410.855,1381.0187,1073.5449313288964,1688.4926214131165
2026-02-18 08:00:00+00:00,1061.1549999999997,1058.1024,750.6286489482122,1365.5763390324323
2026-02-18 09:00:00+00:00,818.5950000000003,835.40643,527.9326831254252,1142.8803732096458
2026-02-18 10:00:00+00:00,789.7799999999997,957.84076,650.3669962619342,1265.3146863461543
2026-02-18 11:00:00+00:00,803.145,683.0107,375.53685736701436,990.4845474512344
2026-02-18 12:00:00+00:00,790.9825000000001,659.64374,352.1699127193383,967.1176028035588
2026-02-18 13:00:00+00:00,769.1500000000001,590.1718,282.6978536868928,897.6455437711134
2026-02-18 14:00:00+00:00,729.2024999999999,618.75726,311.28343602607083,926.2311261102909
2026-02-18 15:00:00+00:00,671.1100000000001,1114.548,807.0741996171027,1422.0218897013228
2026-02-18 16:00:00+00:00,631.6525000000001,764.6872,457.21335978732805,1072.1610498715481
2026-02-18 17:00:00+00:00,677.915,619.18475,311.71096415200054,926.6586542362206
2026-02-18 18:00:00+00:00,611.8000000000002,702.1059,394.63201394934003,1009.5797040335601
2026-02-18 19:00:00+00:00,716.0675000000001,608.6159,301.1421117969676,916.0898018811877
2026-02-18 20:00:00+00:00,913.6624999999999,654.3693,346.8955779910043,961.8432680752244
2026-02-18 21:00:00+00:00,1118.0550000000003,1037.1547,729.6807411093041,1344.6284311935242
2026-02-18 22:00:00+00:00,1462.1825,1786.1868,1478.7129287332787,2093.660618817499
2026-02-18 23:00:00+00:00,1810.34,2027.1406,1719.6668489889307,2334.614539073151
2026-02-19 00:00:00+00:00,2213.3675000000003,1921.9562,1614.4823156987209,2229.4300057829414
2026-02-19 01:00:00+00:00,2875.7325,1781.6669,1474.193123897643,2089.140813981863
2026-02-19 02:00:00+00:00,3447.0975,2408.0059,2100.5319198339894,2715.4796099182095
2026-02-19 03:00:00+00:00,3960.535,2537.1538,2229.6799576716066,2844.6276477558267
2026-02-19 04:00:00+00:00,4430.5225,3253.5952,2946.121324995894,3561.0690150801142
2026-02-19 05:00:00+00:00,4931.9425,3910.8801,3603.4062775981447,4218.353967682365
2026-02-19 06:00:00+00:00,5198.955,3049.7126,2742.2387314436537,3357.186421527874
2026-02-19 07:00:00+00:00,4707.7,3665.6934,3358.219443188956,3973.167133273176
2026-02-19 08:00:00+00:00,3789.9275,2873.2026,2565.728902698589,3180.6765927828096
2026-02-19 09:00:00+00:00,2834.71,2461.6848,2154.2110549626486,2769.1587450468687
2026-02-19 10:00:00+00:00,2568.9925,2627.2542,2319.780297296748,2934.727987380968
2026-02-19 11:00:00+00:00,2759.505,2245.9834,1938.5095307879321,2553.4572208721524
2026-02-19 12:00:00+00:00,3287.145,2225.072,1917.5982044523093,2532.5458945365294
2026-02-19 13:00:00+00:00,3973.9849999999997,2613.8691,2306.3951543545645,2921.3428444387846
2026-02-19 14:00:00+00:00,4570.305,2998.255,2690.7809765662223,3305.728666650443
2026-02-19 15:00:00+00:00,5230.4025,3382.2317,3074.7579495362543,3689.705639620475
2026-02-19 16:00:00+00:00,5911.96,4160.2065,3852.7328743222656,4467.680564406486
2026-02-19 17:00:00+00:00,6342.514999999999,5027.478,4720.004218959626,5334.951909043846
2026-02-19 18:00:00+00:00,6838.0925,5150.0405,4842.566809940547,5457.514500024767
2026-02-19 19:00:00+00:00,6640.39,6065.9004,5758.426468951941,6373.374159036162
2026-02-19 20:00:00+00:00,6239.925,4515.7075,4208.233694105189,4823.18138418941
2026-02-19 21:00:00+00:00,5544.9275,4209.268,3901.7943224098804,4516.742012494101
2026-02-19 22:00:00+00:00,5007.23,3297.0771,2989.603341825453,3604.551031909673
2026-02-19 23:00:00+00:00,5009.665,3336.4187,3028.944904978777,3643.8925950629973
2026-02-20 00:00:00+00:00,4885.355,3684.3042,3376.8303315019934,3991.7780215862135
2026-02-20 01:00:00+00:00,4724.335,3165.8853,2858.4113003626176,3473.3589904468377
2026-02-20 02:00:00+00:00,4600.0025000000005,2848.5933,2541.1195454035224,3156.0672354877424
2026-02-20 03:00:00+00:00,4613.135,2694.8257,2387.3518647553256,3002.2995548395456
2026-02-20 04:00:00+00:00,4754.3225,2753.6836,2446.2096599114184,3061.157349995639
2026-02-20 05:00:00+00:00,5201.0225,3421.753,3114.2790968200975,3729.2267869043176
2026-02-20 06:00:00+00:00,5128.1825,3408.0151,3100.5413596138196,3715.48904969804
2026-02-20 07:00:00+00:00,4638.82,3180.0762,2872.6023037418972,3487.5499938261178
2026-02-20 08:00:00+00:00,3606.98,3850.18,3542.706159218443,4157.653849302664
2026-02-20 09:00:00+00:00,2823.56,2699.734,2392.25989928498,3007.2075893692
2026-02-20 10:00:00+00:00,2763.26,2685.7317,2378.257916511535,2993.2056065957554
2026-02-20 11:00:00+00:00,3488.3275000000003,2983.953,2676.4789672459383,3291.4266573301584
2026-02-20 12:00:00+00:00,4507.65,3617.52,3310.046103275102,3924.993793359322
2026-02-20 13:00:00+00:00,5167.39,4023.9958,3716.522059229977,4331.4697493141975
2026-02-20 14:00:00+00:00,5850.6725,5481.222,5173.748086234604,5788.695776318825
2026-02-20 15:00:00+00:00,6369.03,5525.558,5218.084480083866,5833.032170168086
2026-02-20 16:00:00+00:00,7227.1875,7070.7935,6763.319782003287,7378.2674720875075
2026-02-20 17:00:00+00:00,8637.3325,7720.956,7413.482160662804,8028.429850747024
2026-02-20 18:00:00+00:00,9454.6875,9156.743,8849.269874211535,9464.217564295755
2026-02-20 19:00:00+00:00,9808.68,8518.634,8211.159985003163,8826.107675087384
2026-02-20 20:00:00+00:00,9947.1875,9142.069,8834.595354569996,9449.543044654216
2026-02-20 21:00:00+00:00,9578.5075,8791.999,8484.524923103363,9099.472613187583
2026-02-20 22:00:00+00:00,9502.43,7827.2007,7519.726878316134,8134.6745684003545
2026-02-20 23:00:00+00:00,9481.772500000001,7790.639,7483.165557929084,8098.113248013305
2026-02-21 00:00:00+00:00,9665.0325,8672.926,8346.81991218717,8999.031843649394
2026-02-21 01:00:00+00:00,10187.075,9260.035,8933.929557892094,9586.141489354315
2026-02-21 02:00:00+00:00,10620.73,9928.813,9602.70774929778,10254.919680760004
2026-02-21 03:00:00+00:00,11102.635,9839.626,9513.519909558305,10165.73184102053
2026-02-21 04:00:00+00:00,11564.69,9627.8545,9301.748519674224,9953.960451136447
2026-02-21 05:00:00+00:00,12289.345000000001,9943.787,9617.681519220836,10269.89345068306
2026-02-21 06:00:00+00:00,12706.95,10899.765,10573.658861157513,11225.870792619738
2026-02-21 07:00:00+00:00,13013.29,10425.205,10099.099148181482,10751.311079643707
2026-02-21 08:00:00+00:00,12499.9575,10218.563,9892.458095808557,10544.670027270782
2026-02-21 09:00:00+00:00,12079.7,9989.725,9663.618960296117,10315.830891758342
2026-02-21 10:00:00+00:00,11518.595,9472.69,9146.584725844938,9798.79665730716
2026-02-21 11:00:00+00:00,11185.485,9180.288,8854.18265699521,9506.394588457435
2026-02-21 12:00:00+00:00,10835.044999999998,8508.985,8182.879662630672,8835.091594092897
2026-02-21 13:00:00+00:00,10310.49,7932.27,7606.1642095833995,8258.376141045623
2026-02-21 14:00:00+00:00,9940.5275,8419.903,8093.79778310761,8746.009714569835
2026-02-21 15:00:00+00:00,9849.68,8527.594,8201.487518657297,8853.69945011952
2026-02-21 16:00:00+00:00,10010.14,8449.384,8123.278399362715,8775.490330824938
2026-02-21 17:00:00+00:00,10424.4375,8801.183,8475.076409302808,9127.288340765032
2026-02-21 18:00:00+00:00,10380.2225,9860.135,9534.028839357788,10186.240770820012
2026-02-21 19:00:00+00:00,10306.744999999999,8524.88,8198.773695092612,8850.985626554833
2026-02-21 20:00:00+00:00,9671.1725,8740.841,8414.734977050604,9066.946908512826
2026-02-21 21:00:00+00:00,8919.16,8448.635,8122.529303327268,8774.741234789492
2026-02-21 22:00:00+00:00,8556.192500000001,7944.877,7618.770758407911,8270.982689870136
2026-02-21 23:00:00+00:00,8115.842500000001,6570.485,6244.379033550924,6896.590965013146
2026-02-22 00:00:00+00:00,7239.895,5609.5083,5283.402542942456,5935.61447440468
2026-02-22 01:00:00+00:00,6226.525,6174.932,5848.826052487527,6501.037983949749
2026-02-22 02:00:00+00:00,5740.1625,5322.6606,4996.554652469538,5648.7665839317615
2026-02-22 03:00:00+00:00,5868.1625,4304.8354,3978.72924432439,4630.941175786613
2026-02-22 04:00:00+00:00,5746.9675,3978.9255,3652.8194766677298,4305.031408129953
2026-02-22 05:00:00+00:00,6146.8775000000005,3573.9749,3247.868918457445,3900.080849919668
2026-02-22 06:00:00+00:00,7119.09,4088.6213,3762.5153122624733,4414.727243724696
2026-02-22 07:00:00+00:00,8231.66,5575.0093,5248.903371382519,5901.1153028447425
2026-02-22 08:00:00+00:00,8957.59,8279.242,7953.136178018443,8605.348109480667
2026-02-22 09:00:00+00:00,9574.615,8172.9443,7846.838286190576,8499.050217652799
2026-02-22 10:00:00+00:00,10222.515,5967.4224,5641.316553285944,6293.528484748166
2026-02-22 11:00:00+00:00,10396.407500000001,8403.751,8077.644866160882,8729.856797623106
2026-02-22 12:00:00+00:00,10121.630000000001,9686.776,9360.670550785686,10012.882482247911
2026-02-22 13:00:00+00:00,9982.71,8567.409,8241.303331405601,8893.515262867824
2026-02-22 14:00:00+00:00,10476.2025,9775.741,9449.635602377832,10101.847533840057
2026-02-22 15:00:00+00:00,11253.4475,9284.968,8958.86203562732,9611.073967089544
2026-02-22 16:00:00+00:00,11652.517499999998,9697.903,9371.797926039688,10024.009857501911
2026-02-22 17:00:00+00:00,12357.55,11234.784,10908.678672434246,11560.890603896467
2026-02-22 18:00:00+00:00,12997.895,10622.596,10296.490222980952,10948.702154443177
2026-02-22 19:00:00+00:00,13138.595000000001,10752.749,10426.643524410181,11078.855455872403
2026-02-22 20:00:00+00:00,13143.985,11348.503,11022.396884472302,11674.608815934527
2026-02-22 21:00:00+00:00,12126.432499999999,9348.766,9022.660177357084,9674.872108819305
2026-02-22 22:00:00+00:00,11038.557499999999,10765.271,10439.165460314627,11091.37739177685
2026-02-22 23:00:00+00:00,9502.904999999999,9476.074,9149.968466382255,9802.180397844479
2026-02-23 00:00:00+00:00,8129.8550000000005,8743.553,8417.446471819323,9069.658403281548
2026-02-23 01:00:00+00:00,7620.890000000001,5978.9,5652.794024200033,6305.005955662256
2026-02-23 02:00:00+00:00,7580.125,6195.9487,5869.842659807407,6522.054591269629
2026-02-23 03:00:00+00:00,8545.4975,8485.119,8159.012997182148,8811.224928644371
2026-02-23 04:00:00+00:00,9101.7925,9645.25,9319.144237401004,9971.356168863225
2026-02-23 05:00:00+00:00,9551.6725,9863.514,9537.407534170516,10189.619465632739
2026-02-23 06:00:00+00:00,10006.5975,8960.161,8634.05515905562,9286.267090517842
2026-02-23 07:00:00+00:00,9766.83,7737.5547,7411.44892134785,8063.660852810074
2026-02-23 08:00:00+00:00,9633.27,8658.819,8332.713618761121,8984.925550223346
2026-02-23 09:00:00+00:00,10492.7775,9682.294,9356.188006685494,10008.399938147717
2026-02-23 10:00:00+00:00,11323.67,10631.513,10305.406406466074,10957.618337928296
2026-02-23 11:00:00+00:00,11750.91,10558.925,10232.818612498628,10885.030543960853
2026-02-23 12:00:00+00:00,11777.602499999999,10391.652,10065.546632181366,10717.75856364359
2026-02-23 13:00:00+00:00,11032.695,10814.744,10488.63840179762,11140.850333259843
2026-02-23 14:00:00+00:00,10792.5125,10041.725,9715.618645401264,10367.83057686349
2026-02-23 15:00:00+00:00,10464.4525,10059.467,9733.361353726847,10385.573285189072
2026-02-23 16:00:00+00:00,10386.775000000001,9575.041,9248.934920379266,9901.146851841491
2026-02-23 17:00:00+00:00,10132.255000000001,8689.632,8363.526306308275,9015.7382377705
2026-02-23 18:00:00+00:00,10162.305,8736.009,8409.90272542298,9062.114656885205
2026-02-23 19:00:00+00:00,9900.314999999999,9167.469,8841.36341147255,9493.575342934775
2026-02-23 20:00:00+00:00,9461.23,10185.291,9859.185423456918,10511.39735491914
2026-02-23 21:00:00+00:00,8631.33,9337.168,9011.062385318128,9663.274316780353
2026-02-23 22:00:00+00:00,8342.35,10424.223,10098.117172549524,10750.329104011747
2026-02-23 23:00:00+00:00,8131.6675,8319.383,7993.277245936542,8645.489177398766
2026-02-24 00:00:00+00:00,7771.4974999999995,7808.706,7482.600236337477,8134.812167799701
2026-02-24 01:00:00+00:00,7440.602499999999,7686.05,7359.944105385292,8012.156036847515
2026-02-24 02:00:00+00:00,6922.5625,8784.324,8458.218255311309,9110.430186773534
2026-02-24 03:00:00+00:00,6219.2425,7590.1846,7264.078443215836,7916.290374678059
2026-02-24 04:00:00+00:00,5350.2825,6317.077,5990.9711006064745,6643.183032068697
2026-02-24 05:00:00+00:00,4610.6900000000005,5156.666,4830.559822672814,5482.771754135037
2026-02-24 06:00:00+00:00,3831.2425000000003,3795.5505,3469.444590903548,4121.656522365771
2026-02-24 07:00:00+00:00,2947.9025,2550.4595,2224.3536067956447,2876.565538257867
2026-02-24 08:00:00+00:00,2141.135,2359.445,2033.3389694150005,2685.5509008772233
2026-02-24 09:00:00+00:00,1481.7849999999999,2390.4338,2064.3279662233463,2716.539897685569
2026-02-24 10:00:00+00:00,1188.7799999999997,2228.8438,1902.7376658619837,2554.9495973242065
2026-02-24 11:00:00+00:00,937.6149999999998,2445.433,2119.327237564732,2771.5391690269553
2026-02-24 12:00:00+00:00,748.5074999999997,2098.1497,1772.0437926693535,2424.2557241315762
2026-02-24 13:00:00+00:00,538.835,1531.2633,1205.1574111255272,1857.36934258775
2026-02-24 14:00:00+00:00,491.44500000000016,1803.3052,1477.1992049848777,2129.4111364471
2026-02-24 15:00:00+00:00,479.1524999999997,947.77997,621.6738948046263,1273.885826266849
2026-02-24 16:00:00+00:00,381.9299999999994,618.16693,292.06096555991144,944.2728970221342
2026-02-24 17:00:00+00:00,319.2024999999999,386.59195,60.48607698744627,712.6980084496695
2026-02-24 18:00:00+00:00,241.4699999999998,508.7587,182.65277265429677,834.86470411652
2026-02-24 19:00:00+00:00,183.9350000000004,675.0168,348.91075639508017,1001.1226878573034
2026-02-24 20:00:00+00:00,190.9625000000001,275.20694,-50.899069626223536,601.3128618359997
2026-02-24 21:00:00+00:00,302.8249999999998,472.72012,146.61426696141598,798.8261984236392
2026-02-24 22:00:00+00:00,466.9899999999993,571.87225,245.76624837031477,897.978179832538
2026-02-24 23:00:00+00:00,578.5825,1116.7157,790.6097998389664,1442.8217313011892
2026-02-25 00:00:00+00:00,574.1225,1067.2006,741.0945518959406,1393.3064833581634
2026-02-25 01:00:00+00:00,579.0050000000001,739.81805,413.7120269868183,1065.9239584490415
2026-02-25 02:00:00+00:00,536.4524999999999,760.13885,434.0329065121182,1086.2448379743414
2026-02-25 03:00:00+00:00,394.0825,829.0832,502.9771051258035,1155.1890365880263
2026-02-25 04:00:00+00:00,339.2975000000001,431.256,105.15005480246828,757.3619862646915
2026-02-25 05:00:00+00:00,424.7524999999996,567.78876,241.68270464547822,893.8946361077014
2026-02-25 06:00:00+00:00,612.1999999999998,919.7026,593.5965721848361,1245.8085036470588
2026-02-25 07:00:00+00:00,656.98,922.1711,596.0650959078625,1248.2770273700853
2026-02-25 08:00:00+00:00,557.7874999999999,949.4216,623.315501893705,1275.5274333559278
2026-02-25 09:00:00+00:00,403.6274999999996,1221.6188,895.5129369500578,1547.7248684122806
2026-02-25 10:00:00+00:00,383.34749999999985,882.0278,555.9216991937978,1208.133630656021
2026-02-25 11:00:00+00:00,443.59500000000025,509.59122,183.4853172118269,835.6972486740501
2026-02-25 12:00:00+00:00,563.6199999999994,684.94696,358.8409364566787,1011.0528679189019
2026-02-25 13:00:00+00:00,720.1174999999998,665.03754,338.9314775518833,991.1434090141065
2026-02-25 14:00:00+00:00,962.7799999999997,1193.0592,866.9533594991572,1519.16529096138
2026-02-25 15:00:00+00:00,1537.7975000000001,1342.37,1016.2641128027763,1668.476044264999
2026-02-25 16:00:00+00:00,2638.4375,3426.8037,3100.69777070507,3752.909702167293
2026-02-25 17:00:00+00:00,4369.4025,5060.6567,4734.5505514188435,5386.762482881067
2026-02-25 18:00:00+00:00,6084.605,7140.628,6814.522236251969,7466.734167714192
2026-02-25 19:00:00+00:00,7460.6925,7035.1704,6709.064651634849,7361.276583097072
2026-02-25 20:00:00+00:00,8058.9375,7669.066,7342.960196411676,7995.1721278739
2026-02-25 21:00:00+00:00,7957.75,6987.4126,6661.3064802475055,7313.518411709729
2026-02-25 22:00:00+00:00,7630.7475,7668.2856,7342.1796616307,7994.391593092924
2026-02-25 23:00:00+00:00,7300.3025,7189.095,6862.989526010691,7515.201457472915
2026-02-26 00:00:00+00:00,7011.3525,7309.523,6983.416999224259,7635.628930686482
2026-02-26 01:00:00+00:00,6642.105,7719.318,7393.212120145002,8045.424051607225
2026-02-26 02:00:00+00:00,6570.2825,6366.418,6040.312271051107,6692.52420251333
2026-02-26 03:00:00+00:00,6768.8475,7483.8154,7157.7095231110325,7809.921454573257
2026-02-26 04:00:00+00:00,7138.145,7347.6646,7021.558795806302,7673.770727268526
2026-02-26 05:00:00+00:00,7321.1975,7113.8516,6787.745740245028,7439.9576717072505
2026-02-26 06:00:00+00:00,7195.535,7955.1934,7629.08732453339,8281.299255995613
2026-02-26 07:00:00+00:00,6710.3425,7591.3594,7265.253320780239,7917.465252242462
2026-02-26 08:00:00+00:00,4988.1849999999995,7824.785,7498.679408078643,8150.891339540866
2026-02-26 09:00:00+00:00,3343.2,6089.582,5763.476262564898,6415.688194027121
2026-02-26 10:00:00+00:00,2801.0325,3516.5833,3190.4772944277247,3842.6892258899475
2026-02-26 11:00:00+00:00,2472.465,2476.1711,2150.0652095746714,2802.277141036894
2026-02-26 12:00:00+00:00,2363.4025,3121.6475,2795.541420036794,3447.753351499017
2026-02-26 13:00:00+00:00,2863.58,2852.1338,2526.0277767804937,3178.2397082427165
2026-02-26 14:00:00+00:00,3517.0375,3668.831,3342.72504757602,3994.9369790382434
2026-02-26 15:00:00+00:00,3644.8575,3789.6543,3463.548410039085,4115.760341501308
2026-02-26 16:00:00+00:00,4246.9375,3963.4287,3637.3228314047765,4289.534762866999
2026-02-26 17:00:00+00:00,5616.09,4509.6816,4183.575474240364,4835.7874057025865
2026-02-26 18:00:00+00:00,6834.1075,5130.185,4804.079277819774,5456.291209281997
2026-02-26 19:00:00+00:00,7907.594999999999,6734.672,6408.565941413393,7060.777872875617
2026-02-26 20:00:00+00:00,8297.155,6135.29,5809.184317237616,6461.396248699838
2026-02-26 21:00:00+00:00,8217.630000000001,7571.7114,7245.605657355189,7897.817588817412
2026-02-26 22:00:00+00:00,7899.549999999999,7707.2085,7381.102381126382,8033.314312588605
2026-02-26 23:00:00+00:00,7894.4175,7765.934,7439.828017111455,8092.039948573678
2026-02-27 00:00:00+00:00,7927.9625,7586.6455,7260.539449614176,7912.7513810764
2026-02-27 01:00:00+00:00,7824.6875,7529.0005,7202.89437495692,7855.106306419143
2026-02-27 02:00:00+00:00,7804.137500000001,8158.687,7832.581009159456,8484.792940621679
2026-02-27 03:00:00+00:00,7603.174999999999,7775.992,7449.886086884804,8102.098018347027
2026-02-27 04:00:00+00:00,7476.6025,7465.0366,7138.930500580973,7791.142432043196
2026-02-27 05:00:00+00:00,7805.505,6769.7905,6443.684378633722,7095.896310095945
2026-02-27 06:00:00+00:00,7740.324999999999,6404.8027,6078.696650546186,6730.908582008408
2026-02-27 07:00:00+00:00,6854.1125,7549.0845,7222.978687625429,7875.1906190876525
2026-02-27 08:00:00+00:00,5432.047500000001,6895.2783,6569.172519545824,7221.384451008047
2026-02-27 09:00:00+00:00,3759.6600000000003,5430.2666,5104.160454331316,5756.372385793538
2026-02-27 10:00:00+00:00,3021.58,4449.9067,4123.801006772501,4776.012938234724
2026-02-27 11:00:00+00:00,2957.7875000000004,2850.691,2524.5849906469366,3176.79692210916
2026-02-27 12:00:00+00:00,3135.7775,3056.3223,2730.2162673860694,3382.428198848292
2026-02-27 13:00:00+00:00,3668.89,4011.5957,3685.4896337091245,4337.701565171347
2026-02-27 14:00:00+00:00,4096.0725,4329.12,4003.0141227149834,4655.226054177207
2026-02-27 15:00:00+00:00,4196.6275000000005,4183.817,3857.711008942713,4509.922940404936
2026-02-27 16:00:00+00:00,5036.9225,5991.528,5665.421726254563,6317.633657716785
2026-02-27 17:00:00+00:00,6800.5675,6767.418,6441.311917744257,7093.52384920648
2026-02-27 18:00:00+00:00,8337.46,6868.614,6542.507611678879,7194.719543141102
2026-02-27 19:00:00+00:00,9046.970000000001,8394.324,8068.218676359401,8720.430607821625
2026-02-27 20:00:00+00:00,9182.0975,8837.149,8511.043886718751,9163.255818180976
2026-02-27 21:00:00+00:00,8930.09,8511.738,8185.632687594104,8837.844619056326
2026-02-27 22:00:00+00:00,8389.8475,8307.46,7981.353810595132,8633.565742057355
2026-02-27 23:00:00+00:00,7666.280000000001,8079.724,7753.618136237497,8405.83006769972
