date,load_tran_actual,load_tran_fitted,load_tran_lower,load_tran_upper
2026-02-28 00:00:00+00:00,,5507.775,5367.295215048802,5648.25408529288
2026-02-28 01:00:00+00:00,,5417.876,5277.396298250639,5558.355168494717
2026-02-28 02:00:00+00:00,,5416.2935,5275.813896330053,5556.77276657413
2026-02-28 03:00:00+00:00,,5559.5234,5419.0438585092115,5700.00272875329
2026-02-28 04:00:00+00:00,,5880.354,5739.8747619290425,6020.83363217312
2026-02-28 05:00:00+00:00,,6118.623,5978.1437539200115,6259.102624164089
2026-02-28 06:00:00+00:00,,6457.1406,6316.661239364145,6597.620109608223
2026-02-28 07:00:00+00:00,,6825.2837,6684.8042682540245,6965.763138498102
2026-02-28 08:00:00+00:00,,7176.0747,7035.595261852647,7316.554132096725
2026-02-28 09:00:00+00:00,,7224.5747,7084.095046686654,7365.053916930732
2026-02-28 10:00:00+00:00,,7170.125,7029.645399355041,7310.60426959912
2026-02-28 11:00:00+00:00,,7061.421,6920.941407179874,7201.9002774239525
2026-02-28 12:00:00+00:00,,6821.251,6680.771571605879,6961.730441849957
2026-02-28 13:00:00+00:00,,6664.9404,6524.460849540288,6805.419719784366
2026-02-28 14:00:00+00:00,,6541.855,6401.375344247369,6682.334214491447
2026-02-28 15:00:00+00:00,,6664.7563,6524.276971552756,6805.2358417968335
2026-02-28 16:00:00+00:00,,6724.825,6584.345971097633,6865.304841341712
2026-02-28 17:00:00+00:00,,6878.3496,6737.869943773023,7018.828814017102
2026-02-28 18:00:00+00:00,,6596.7905,6456.311086700642,6737.2699569447195
2026-02-28 19:00:00+00:00,,6288.379,6147.8992343592845,6428.858104603362
2026-02-28 20:00:00+00:00,,5990.1553,5849.675940546238,6130.634810790316
2026-02-28 21:00:00+00:00,,5732.777,5592.297408067323,5873.256278311401
2026-02-28 22:00:00+00:00,,5427.4766,5286.996961972956,5567.955832217034
2026-02-28 23:00:00+00:00,,5231.122,5090.642551083885,5371.601421327964
2026-03-01 00:00:00+00:00,,5256.6177,5116.138213608487,5397.0970838525645
2026-03-01 01:00:00+00:00,,5269.8086,5129.329124358817,5410.287994602895
2026-03-01 02:00:00+00:00,,5399.0835,5258.604254623282,5539.56312486736
2026-03-01 03:00:00+00:00,,5445.1875,5304.708152284511,5585.667022528589
2026-03-01 04:00:00+00:00,,5781.009,5640.529390446064,5921.488260690142
2026-03-01 05:00:00+00:00,,6114.9473,5974.4676276618175,6255.426497905895
2026-03-01 06:00:00+00:00,,6632.0605,6491.581115310575,6772.539985554654
2026-03-01 07:00:00+00:00,,7146.332,7005.8524218002785,7286.811292044356
2026-03-01 08:00:00+00:00,,7520.176,7379.696135274703,7660.655005518781
2026-03-01 09:00:00+00:00,,7597.748,7457.268754472511,7738.227624716589
2026-03-01 10:00:00+00:00,,7440.5303,7300.050990052047,7581.009860296126
2026-03-01 11:00:00+00:00,,7260.376,7119.896434028692,7400.855304272771
2026-03-01 12:00:00+00:00,,7020.976,6880.49667712077,7161.455547364848
2026-03-01 13:00:00+00:00,,6746.4414,6605.962005054758,6886.920875298837
2026-03-01 14:00:00+00:00,,6584.5337,6444.054128868206,6725.012999112284
2026-03-01 15:00:00+00:00,,6715.3984,6574.9190348516,6855.877905095678
2026-03-01 16:00:00+00:00,,6926.866,6786.386876217609,7067.345746461687
2026-03-01 17:00:00+00:00,,7170.5625,7030.083135825716,7311.042006069794
2026-03-01 18:00:00+00:00,,7013.1484,6872.668765742231,7153.627635986309
2026-03-01 19:00:00+00:00,,6784.129,6643.649432726707,6924.608302970785
2026-03-01 20:00:00+00:00,,6746.4883,6606.008681795555,6886.967552039633
2026-03-01 21:00:00+00:00,,6714.9697,6574.490416533256,6855.449286777335
2026-03-01 22:00:00+00:00,,6711.6904,6571.211226509548,6852.170096753626
2026-03-01 23:00:00+00:00,,6650.719,6510.239702961746,6791.198573205824
2026-03-02 00:00:00+00:00,,6484.932,6344.452813822141,6625.411684066219
2026-03-02 01:00:00+00:00,,6551.1997,6410.720053546808,6691.678923790886
2026-03-02 02:00:00+00:00,,6749.5684,6609.088978812683,6890.047849056761
2026-03-02 03:00:00+00:00,,7078.256,6937.77619060802,7218.735060852098
2026-03-02 04:00:00+00:00,,7753.663,7613.183821758999,7894.142692003077
2026-03-02 05:00:00+00:00,,8637.54,8497.060764700529,8778.019634944607
2026-03-02 06:00:00+00:00,,9312.369,9171.889590690893,9452.84846093497
2026-03-02 07:00:00+00:00,,9659.574,9519.095017831583,9800.053888075661
2026-03-02 08:00:00+00:00,,9730.249,9589.769150035745,9870.728020279825
2026-03-02 09:00:00+00:00,,9702.435,9561.954878613778,9842.913748857858
2026-03-02 10:00:00+00:00,,9489.766,9349.28575970543,9630.244629949508
2026-03-02 11:00:00+00:00,,9031.209,8890.72959203607,9171.688462280148
2026-03-02 12:00:00+00:00,,8645.116,8504.63690267587,8785.595772919947
2026-03-02 13:00:00+00:00,,8261.034,8120.554404138033,8401.51327438211
2026-03-02 14:00:00+00:00,,8053.3403,7912.861067880269,8193.819938124347
2026-03-02 15:00:00+00:00,,8014.2407,7873.761127506504,8154.719997750582
2026-03-02 16:00:00+00:00,,8206.94,8066.460827645968,8347.419697890045
2026-03-02 17:00:00+00:00,,8347.216,8206.736839693258,8487.695709937336
2026-03-02 18:00:00+00:00,,8128.219,7987.740024425842,8268.69889466992
2026-03-02 19:00:00+00:00,,7730.089,7589.6092997675005,7870.568170011579
2026-03-02 20:00:00+00:00,,7521.976,7381.496428049403,7662.455298293482
2026-03-02 21:00:00+00:00,,7195.4893,7055.0097887215215,7335.968658965599
2026-03-02 22:00:00+00:00,,6872.9443,6732.465145064235,7013.424015308314
2026-03-02 23:00:00+00:00,,6577.02,6436.540684468464,6717.499554712542
2026-03-03 00:00:00+00:00,,6276.8423,6136.362747665928,6417.321617910005
2026-03-03 01:00:00+00:00,,6223.93,6083.450586157782,6364.409456401861
2026-03-03 02:00:00+00:00,,6387.165,6246.685804417359,6527.6446746614365
2026-03-03 03:00:00+00:00,,6751.7363,6611.256902674849,6892.215772918927
2026-03-03 04:00:00+00:00,,7444.028,7303.5485379009,7584.5074081449775
2026-03-03 05:00:00+00:00,,8222.548,8082.068519807679,8363.027390051757
2026-03-03 06:00:00+00:00,,8951.07,8810.590760697585,9091.549630941663
2026-03-03 07:00:00+00:00,,9273.527,9133.048200230143,9414.007070474221
2026-03-03 08:00:00+00:00,,9464.194,9323.715208059519,9604.674078303597
2026-03-03 09:00:00+00:00,,9270.626,9130.146116461872,9411.104986705952
2026-03-03 10:00:00+00:00,,9021.573,8881.09339507638,9162.052265320457
2026-03-03 11:00:00+00:00,,8666.949,8526.46960100942,8807.428471253499
2026-03-03 12:00:00+00:00,,8235.001,8094.521833527936,8375.480703772015
2026-03-03 13:00:00+00:00,,7776.538,7636.058625672732,7917.01749591681
2026-03-03 14:00:00+00:00,,7628.1025,7487.622913900866,7768.581784144944
2026-03-03 15:00:00+00:00,,7598.43,7457.950662492423,7738.909532736502
2026-03-03 16:00:00+00:00,,7804.0317,7663.552142296697,7944.511012540775
2026-03-03 17:00:00+00:00,,8051.6367,7911.157036296301,8192.115906540379
2026-03-03 18:00:00+00:00,,7972.6035,7832.124166111273,8113.0830363553505
2026-03-03 19:00:00+00:00,,7589.7725,7449.292802417971,7730.25167266205
2026-03-03 20:00:00+00:00,,7252.0137,7111.5342209145865,7392.493091158665
2026-03-03 21:00:00+00:00,,6962.652,6822.172625460069,7103.131495704148
2026-03-03 22:00:00+00:00,,6560.8296,6420.350114724373,6701.308984968451
2026-03-03 23:00:00+00:00,,6261.9077,6121.428319130196,6402.3871893742735
2026-03-04 00:00:00+00:00,,6084.9966,5944.517322155053,6225.476192399131
2026-03-04 01:00:00+00:00,,6034.5312,5894.051828204147,6175.0106984482245
2026-03-04 02:00:00+00:00,,6183.753,6043.273701993109,6324.232572237187
2026-03-04 03:00:00+00:00,,6551.4814,6411.0022452256435,6691.961115469722
2026-03-04 04:00:00+00:00,,7279.358,7138.87835024842,7419.837220492498
2026-03-04 05:00:00+00:00,,8235.161,8094.681689656951,8375.640559901029
2026-03-04 06:00:00+00:00,,8902.217,8761.73751137396,9042.696381618038
2026-03-04 07:00:00+00:00,,9251.348,9110.867814815985,9391.826685060063
2026-03-04 08:00:00+00:00,,9403.461,9262.9813469735,9543.940217217578
2026-03-04 09:00:00+00:00,,9285.996,9145.516804536654,9426.475674780731
2026-03-04 10:00:00+00:00,,9059.282,8918.802413371053,9199.761283615131
2026-03-04 11:00:00+00:00,,8786.406,8645.926784845771,8926.885655089849
2026-03-04 12:00:00+00:00,,8366.002,8225.522888715777,8506.481758959855
2026-03-04 13:00:00+00:00,,7959.581,7819.101712444724,8100.060582688802
2026-03-04 14:00:00+00:00,,7774.3936,7633.914120950663,7914.872991194741
2026-03-04 15:00:00+00:00,,7795.9126,7655.433101631022,7936.3919718751
2026-03-04 16:00:00+00:00,,8024.679,7884.199645852854,8165.158516096932
2026-03-04 17:00:00+00:00,,8242.028,8101.54872669478,8382.507596938858
2026-03-04 18:00:00+00:00,,8291.807,8151.327577756735,8432.286448000814
2026-03-04 19:00:00+00:00,,7876.4736,7735.99398790144,8016.952858145518
2026-03-04 20:00:00+00:00,,7595.975,7455.495654615409,7736.454524859488
2026-03-04 21:00:00+00:00,,7285.572,7145.092409750555,7426.051279994634
2026-03-04 22:00:00+00:00,,6961.9634,6821.484158126167,7102.443028370246
2026-03-04 23:00:00+00:00,,6615.6367,6475.157364126117,6756.116234370195
2026-03-05 00:00:00+00:00,,6414.592,6274.112468165629,6555.071338409707
2026-03-05 01:00:00+00:00,,6402.944,6262.464451414869,6543.423321658946
2026-03-05 02:00:00+00:00,,6566.933,6426.4536867090765,6707.412556953154
2026-03-05 03:00:00+00:00,,6872.0034,6731.524165861321,7012.483036105399
2026-03-05 04:00:00+00:00,,7519.4766,7378.996938466924,7659.955808711002
2026-03-05 05:00:00+00:00,,8401.071,8260.591674531772,8541.55054477585
2026-03-05 06:00:00+00:00,,9104.807,8964.327353834587,9245.286224078665
2026-03-05 07:00:00+00:00,,9349.016,9208.536260754263,9489.49513099834
2026-03-05 08:00:00+00:00,,9569.925,9429.445441843352,9710.40431208743
2026-03-05 09:00:00+00:00,,9644.967,9504.487642772849,9785.446513016928
2026-03-05 10:00:00+00:00,,9571.826,9431.346513481996,9712.305383726074
2026-03-05 11:00:00+00:00,,9198.617,9058.138054363746,9339.096924607824
2026-03-05 12:00:00+00:00,,8768.516,8628.03627765906,8908.995147903139
2026-03-05 13:00:00+00:00,,8381.206,8240.726596638402,8521.68546688248
2026-03-05 14:00:00+00:00,,8111.638,7971.158773687097,8252.117643931175
2026-03-05 15:00:00+00:00,,8054.046,7913.566519927878,8194.525390171957
2026-03-05 16:00:00+00:00,,8146.224,8005.744776617801,8286.703646861879
2026-03-05 17:00:00+00:00,,8269.362,8128.882734703054,8409.84160494713
2026-03-05 18:00:00+00:00,,8244.482,8104.0032133018085,8384.962083545886
2026-03-05 19:00:00+00:00,,7849.63,7709.150494949916,7990.109365193994
2026-03-05 20:00:00+00:00,,7573.0205,7432.54109639383,7713.499966637909
2026-03-05 21:00:00+00:00,,7188.8325,7048.353301318838,7329.312171562917
2026-03-05 22:00:00+00:00,,6879.961,6739.4812761778285,7020.440146421906
2026-03-05 23:00:00+00:00,,6563.115,6422.63560125805,6703.594471502128
2026-03-06 00:00:00+00:00,,6397.0786,6256.599230131226,6537.558100375305
2026-03-06 01:00:00+00:00,,6388.0825,6247.603000677165,6528.561870921243
2026-03-06 02:00:00+00:00,,6547.575,6407.095652474925,6688.054522719003
2026-03-06 03:00:00+00:00,,6974.654,6834.174323896275,7115.133194140353
2026-03-06 04:00:00+00:00,,7774.322,7633.8425332059305,7914.801403450008
2026-03-06 05:00:00+00:00,,8684.973,8544.493032042541,8825.451902286619
2026-03-06 06:00:00+00:00,,9105.592,8965.112560190042,9246.07143043412
2026-03-06 07:00:00+00:00,,9376.689,9236.20961552337,9517.168485767448
2026-03-06 08:00:00+00:00,,9489.383,9348.903842562413,9629.86271280649
2026-03-06 09:00:00+00:00,,9544.519,9404.039611512992,9684.99848175707
2026-03-06 10:00:00+00:00,,9290.407,9149.928312427483,9430.88718267156
2026-03-06 11:00:00+00:00,,9083.705,8943.225823534618,9224.184693778696
2026-03-06 12:00:00+00:00,,9026.058,8885.57822827856,9166.53709852264
2026-03-06 13:00:00+00:00,,8722.425,8581.945237990818,8862.904108234896
2026-03-06 14:00:00+00:00,,8472.82,8332.340665446898,8613.299535690976
2026-03-06 15:00:00+00:00,,8438.661,8298.181669512993,8579.14053975707
2026-03-06 16:00:00+00:00,,8465.749,8325.26929057459,8606.228160818668
2026-03-06 17:00:00+00:00,,8497.976,8357.49645994068,8638.455330184759
2026-03-06 18:00:00+00:00,,8522.992,8382.51307534822,8663.4719455923
2026-03-06 19:00:00+00:00,,8164.9272,8024.447943712559,8305.406813956637
2026-03-06 20:00:00+00:00,,7759.5654,7619.086074931223,7900.044945175302
2026-03-06 21:00:00+00:00,,7515.0093,7374.529741565933,7655.488611810011
2026-03-06 22:00:00+00:00,,7152.085,7011.605591756531,7292.564462000609
2026-03-06 23:00:00+00:00,,6756.0625,6615.583105546966,6896.541975791045
