date,load_ampr_actual,load_ampr_fitted,load_ampr_lower,load_ampr_upper
2026-01-24 00:00:00+00:00,18500.8838175,18241.717949153543,17514.021812902985,18969.414085404096
2026-01-24 01:00:00+00:00,17915.7650025,18314.15197628755,17586.455840036993,19041.848112538104
2026-01-24 02:00:00+00:00,17901.790395,18503.12737873562,17775.431242485065,19230.823514986176
2026-01-24 03:00:00+00:00,17764.24184,18720.074371864222,17992.378235613665,19447.77050811478
2026-01-24 04:00:00+00:00,18058.4610625,19835.86167782026,19108.165541569702,20563.557814070813
2026-01-24 05:00:00+00:00,18590.5267375,21430.164656685232,20702.468520434675,22157.86079293579
2026-01-24 06:00:00+00:00,19565.5508375,22222.105579819225,21494.40944356867,22949.801716069782
2026-01-24 07:00:00+00:00,20887.838765,23142.955824207787,22415.25968795723,23870.65196045834
2026-01-24 08:00:00+00:00,21854.965185,23776.056892755732,23048.36075650518,24503.753029006286
2026-01-24 09:00:00+00:00,22204.0791025,24197.497632478517,23469.801496227963,24925.193768729074
2026-01-24 10:00:00+00:00,22438.44491,23782.667173595266,23054.97103734471,24510.363309845823
2026-01-24 11:00:00+00:00,21955.8453025,23256.91875826207,22529.22262201151,23984.614894512622
2026-01-24 12:00:00+00:00,21431.0044075,22048.26219595422,21320.566059703662,22775.958332204777
2026-01-24 13:00:00+00:00,21272.99729,22078.126100701276,21350.42996445072,22805.82223695183
2026-01-24 14:00:00+00:00,21140.576,22314.261397456317,21586.56526120576,23041.95753370687
2026-01-24 15:00:00+00:00,21841.78159,22257.541433910068,21529.84529765951,22985.23757016062
2026-01-24 16:00:00+00:00,22502.5476125,22692.69604006977,21964.999903819218,23420.39217632033
2026-01-24 17:00:00+00:00,22863.9140025,22825.766709311083,22098.070573060526,23553.46284556164
2026-01-24 18:00:00+00:00,22331.2521075,22443.05258754548,21715.356451294927,23170.748723796038
2026-01-24 19:00:00+00:00,21169.69799,21895.215184568428,21167.51904831787,22622.91132081898
2026-01-24 20:00:00+00:00,20394.303755,21109.13175540699,20381.435619156433,21836.827891657547
2026-01-24 21:00:00+00:00,19743.3544675,20482.278236122853,19754.582099872296,21209.974372373406
2026-01-24 22:00:00+00:00,18661.0785125,19343.73510557224,18616.038969321686,20071.431241822796
2026-01-24 23:00:00+00:00,17920.4003025,19033.90332508457,18306.207188834018,19761.59946133513
2026-01-25 00:00:00+00:00,17537.8685375,18275.042862330913,17547.346726080355,19002.738998581466
2026-01-25 01:00:00+00:00,16909.713037499998,17901.25954642457,17173.563410174014,18628.955682675125
2026-01-25 02:00:00+00:00,16874.186357500002,17940.055810125647,17212.35967387509,18667.7519463762
2026-01-25 03:00:00+00:00,17006.9828925,18427.694396347182,17699.99826009663,19155.39053259774
2026-01-25 04:00:00+00:00,16834.0791225,19533.05930342778,18805.363167177227,20260.755439678338
2026-01-25 05:00:00+00:00,17078.194885,20174.784818499127,19447.08868224857,20902.48095474968
2026-01-25 06:00:00+00:00,17605.3803675,20320.821963950024,19593.12582769947,21048.51810020058
2026-01-25 07:00:00+00:00,18869.5880525,21192.595813209715,20464.899676959158,21920.29194946027
2026-01-25 08:00:00+00:00,20588.00814,22343.083136583515,21615.387000332958,23070.779272834072
2026-01-25 09:00:00+00:00,21857.89563,23345.28881246012,22617.592676209562,24072.984948710677
2026-01-25 10:00:00+00:00,22259.15544,24755.28751334493,24027.591377094373,25482.983649595488
2026-01-25 11:00:00+00:00,21869.26725,24674.37461058897,23946.678474338412,25402.070746839523
2026-01-25 12:00:00+00:00,21454.132515,24525.13007625533,23797.433940004772,25252.826212505883
2026-01-25 13:00:00+00:00,21154.1455475,22598.121581671054,21870.4254454205,23325.81771792161
2026-01-25 14:00:00+00:00,21111.8219325,22660.835915164833,21933.139778914276,23388.532051415386
2026-01-25 15:00:00+00:00,21287.84699,22295.109626477337,21567.413490226783,23022.805762727894
2026-01-25 16:00:00+00:00,22570.23718,23078.601636202493,22350.905499951936,23806.297772453046
2026-01-25 17:00:00+00:00,23083.591582499997,23115.86706170683,22388.170925456277,23843.56319795739
2026-01-25 18:00:00+00:00,22618.993674999998,22848.729949204615,22121.03381295406,23576.426085455172
2026-01-25 19:00:00+00:00,21790.411215,22126.46916989493,21398.773033644375,22854.165306145485
2026-01-25 20:00:00+00:00,21100.480190000002,21355.132917203504,20627.436780952947,22082.829053454057
2026-01-25 21:00:00+00:00,20256.308505,20677.964278935306,19950.26814268475,21405.660415185863
2026-01-25 22:00:00+00:00,19211.893955,19233.96895166966,18506.272815419103,19961.665087920213
2026-01-25 23:00:00+00:00,18547.6395125,18493.730448540402,17766.03431228985,19221.42658479096
2026-01-26 00:00:00+00:00,17919.8177975,18195.680924798286,17467.984788547732,18923.377061048843
2026-01-26 01:00:00+00:00,17619.9870375,17865.009738053857,17137.313601803304,18592.705874304414
2026-01-26 02:00:00+00:00,17413.5875925,16873.072825772782,16145.376689522225,17600.768962023336
2026-01-26 03:00:00+00:00,17963.0514425,17236.79708207266,16509.1009458221,17964.493218323212
2026-01-26 04:00:00+00:00,19886.8182575,18378.424899943195,17650.72876369264,19106.121036193752
2026-01-26 05:00:00+00:00,23502.4683825,20943.72702416027,20216.030887909714,21671.423160410824
2026-01-26 06:00:00+00:00,25343.629585,22488.103162989428,21760.407026738874,23215.799299239985
2026-01-26 07:00:00+00:00,26586.81534,23029.169315575266,22301.473179324712,23756.865451825823
2026-01-26 08:00:00+00:00,27295.0131325,23515.832813096564,22788.136676846007,24243.528949347117
2026-01-26 09:00:00+00:00,27607.502485,23899.920855020962,23172.224718770405,24627.61699127152
2026-01-26 10:00:00+00:00,27350.3163625,24050.913052796506,23323.21691654595,24778.609189047063
2026-01-26 11:00:00+00:00,27402.81222,23775.808464465386,23048.112328214833,24503.504600715944
2026-01-26 12:00:00+00:00,27052.8009625,23678.38357378288,22950.687437532328,24406.07971003344
2026-01-26 13:00:00+00:00,26475.603985,23708.141505384618,22980.44536913406,24435.837641635175
2026-01-26 14:00:00+00:00,26327.108005000002,23842.31484372088,23114.618707470323,24570.010979971434
2026-01-26 15:00:00+00:00,26050.2833975,23800.326353848082,23072.630217597525,24528.022490098636
2026-01-26 16:00:00+00:00,26094.5264075,24347.426648280343,23619.730512029786,25075.122784530897
2026-01-26 17:00:00+00:00,26249.1211975,24009.25131567856,23281.555179428007,24736.947451929118
2026-01-26 18:00:00+00:00,25726.528107500002,24089.772758788393,23362.076622537836,24817.468895038946
2026-01-26 19:00:00+00:00,24717.52386,24499.60262075294,23771.906484502386,25227.298757003497
2026-01-26 20:00:00+00:00,23319.08943,23261.609690471258,22533.9135542207,23989.30582672181
2026-01-26 21:00:00+00:00,22325.698542500002,22365.20009809455,21637.50396184399,23092.896234345106
2026-01-26 22:00:00+00:00,21133.5832275,21922.805954954478,21195.10981870392,22650.502091205035
2026-01-26 23:00:00+00:00,20032.090625,20355.18368593781,19627.487549687256,21082.879822188366
2026-01-27 00:00:00+00:00,19303.0263625,19282.29639861452,18554.60026236396,20009.992534865076
2026-01-27 01:00:00+00:00,18800.117875,19640.475659280903,18912.77952303035,20368.17179553146
2026-01-27 02:00:00+00:00,19143.6067275,20013.602768415774,19285.906632165217,20741.298904666328
2026-01-27 03:00:00+00:00,19694.431924999997,20255.18525177183,19527.489115521275,20982.881388022386
2026-01-27 04:00:00+00:00,20690.744085,21882.63567023108,21154.939533980523,22610.331806481634
2026-01-27 05:00:00+00:00,23361.302785,23228.606733942135,22500.91059769158,23956.30287019269
2026-01-27 06:00:00+00:00,25542.885295,24290.511552674714,23562.815416424157,25018.20768892527
2026-01-27 07:00:00+00:00,26289.980705,25200.204212339842,24472.50807608929,25927.900348590396
2026-01-27 08:00:00+00:00,26620.540647499998,26256.11829243053,25528.42215617997,26983.814428681086
2026-01-27 09:00:00+00:00,26895.610125,26756.443526323957,26028.747390073404,27484.139662574515
2026-01-27 10:00:00+00:00,26710.315365000002,27270.197417718402,26542.50128146785,27997.89355396896
2026-01-27 11:00:00+00:00,26761.641215,27162.704640056476,26435.00850380592,27890.400776307033
2026-01-27 12:00:00+00:00,25982.23704,26338.259720755766,25610.56358450521,27065.955857006324
2026-01-27 13:00:00+00:00,25812.0433825,26585.6914819954,25857.995345744843,27313.387618245957
2026-01-27 14:00:00+00:00,25894.604,26534.226567063244,25806.530430812687,27261.9227033138
2026-01-27 15:00:00+00:00,26056.863117499997,26752.68277234667,26024.986636096113,27480.378908597224
2026-01-27 16:00:00+00:00,26948.428392499998,26299.868555087298,25572.172418836744,27027.564691337855
2026-01-27 17:00:00+00:00,26991.390135,26356.23900855475,25628.542872304195,27083.935144805306
2026-01-27 18:00:00+00:00,26338.1311175,26346.6957446695,25618.999608418948,27074.39188092006
2026-01-27 19:00:00+00:00,25077.163795,26290.25973675999,25562.56360050943,27017.955873010542
2026-01-27 20:00:00+00:00,24104.62591,25830.138980267526,25102.44284401697,26557.83511651808
2026-01-27 21:00:00+00:00,22375.809275,24207.735267097545,23480.03913084699,24935.431403348102
2026-01-27 22:00:00+00:00,21046.2001225,22100.95033088331,21373.254194632755,22828.646467133865
2026-01-27 23:00:00+00:00,20000.7187525,19802.9892911345,19075.293154883948,20530.68542738506
2026-01-28 00:00:00+00:00,19378.28387,18368.95979306017,17641.263656809617,19096.655929310728
2026-01-28 01:00:00+00:00,19004.9606,18327.59239411995,17599.896257869394,19055.288530370504
2026-01-28 02:00:00+00:00,19100.9418775,18068.226864322245,17340.530728071688,18795.9230005728
2026-01-28 03:00:00+00:00,19636.001295000002,18797.55198370814,18069.855847457588,19525.2481199587
2026-01-28 04:00:00+00:00,20729.150804999997,19913.285134617385,19185.588998366828,20640.98127086794
2026-01-28 05:00:00+00:00,23478.78562,22463.80860453158,21736.112468281022,23191.504740782133
2026-01-28 06:00:00+00:00,25319.1056025,24363.29953437067,23635.603398120118,25090.99567062123
2026-01-28 07:00:00+00:00,26095.0495025,24069.72941240776,23342.033276157206,24797.425548658317
2026-01-28 08:00:00+00:00,26300.212062500003,24409.994350419627,23682.298214169074,25137.690486670184
2026-01-28 09:00:00+00:00,26402.3402025,24826.589078407487,24098.89294215693,25554.28521465804
2026-01-28 10:00:00+00:00,26573.462629999998,24848.198725758422,24120.502589507865,25575.89486200898
2026-01-28 11:00:00+00:00,26849.8903575,24840.34183980174,24112.645703551185,25568.037976052296
2026-01-28 12:00:00+00:00,26379.2716425,24368.589378327368,23640.89324207681,25096.28551457792
2026-01-28 13:00:00+00:00,26474.6073025,24284.140999056064,23556.44486280551,25011.83713530662
2026-01-28 14:00:00+00:00,26222.70441,24322.275799358576,23594.57966310802,25049.97193560913
2026-01-28 15:00:00+00:00,26590.1348775,24617.119721640116,23889.42358538956,25344.81585789067
2026-01-28 16:00:00+00:00,27108.0341325,24500.45966115736,23772.763524906808,25228.15579740792
2026-01-28 17:00:00+00:00,26599.842872499998,24441.419147577795,23713.72301132724,25169.115283828352
2026-01-28 18:00:00+00:00,26590.75908,23902.881230918298,23175.18509466774,24630.57736716885
2026-01-28 19:00:00+00:00,25777.471077500002,23346.19977673824,22618.50364048769,24073.8959129888
2026-01-28 20:00:00+00:00,24235.0414575,21351.983016091348,20624.286879840794,22079.679152341905
2026-01-28 21:00:00+00:00,22462.4208275,20279.835282634045,19552.13914638349,21007.531418884602
2026-01-28 22:00:00+00:00,20849.8230125,19593.189904746323,18865.493768495766,20320.886040996877
2026-01-28 23:00:00+00:00,19930.48911,17739.800656102547,17012.104519851993,18467.496792353104
2026-01-29 00:00:00+00:00,19328.76603,17104.14994067116,16376.453804420602,17831.846076921713
2026-01-29 01:00:00+00:00,19328.374015,17176.951357831316,16449.25522158076,17904.64749408187
2026-01-29 02:00:00+00:00,19513.600515000002,17148.030100455184,16420.33396420463,17875.72623670574
2026-01-29 03:00:00+00:00,19831.2205575,17900.93787382174,17173.24173757118,18628.634010072295
2026-01-29 04:00:00+00:00,21442.8388275,19723.37118340017,18995.675047149613,20451.067319650727
2026-01-29 05:00:00+00:00,24211.939315,23300.373825193557,22572.677688943,24028.06996144411
2026-01-29 06:00:00+00:00,26401.923855,23781.589321216445,23053.89318496589,24509.285457467002
2026-01-29 07:00:00+00:00,27575.1367,23913.434072731317,23185.73793648076,24641.13020898187
2026-01-29 08:00:00+00:00,28105.3618375,23911.595993332456,23183.899857081902,24639.292129583013
2026-01-29 09:00:00+00:00,28467.745235000002,24196.037248252076,23468.34111200152,24923.73338450263
2026-01-29 10:00:00+00:00,28729.0008475,24440.352878614296,23712.656742363743,25168.049014864853
2026-01-29 11:00:00+00:00,28888.3683325,24203.845329068183,23476.14919281763,24931.54146531874
2026-01-29 12:00:00+00:00,28629.1926375,23766.013754936605,23038.31761868605,24493.709891187158
2026-01-29 13:00:00+00:00,28075.337392499998,24103.989030758545,23376.29289450799,24831.685167009102
2026-01-29 14:00:00+00:00,27771.73339,24182.525210788568,23454.82907453801,24910.22134703912
2026-01-29 15:00:00+00:00,27446.418745,23990.82289768279,23263.12676143223,24718.519033933342
2026-01-29 16:00:00+00:00,27677.7668875,24348.649521145566,23620.953384895012,25076.345657396123
2026-01-29 17:00:00+00:00,27800.412465,24067.748706017745,23340.05256976719,24795.4448422683
2026-01-29 18:00:00+00:00,27642.992415,24113.063207202576,23385.367070952023,24840.759343453134
2026-01-29 19:00:00+00:00,26223.6153525,23602.31915853415,22874.62302228359,24330.015294784702
2026-01-29 20:00:00+00:00,24679.416245,22525.833418877526,21798.13728262697,23253.52955512808
2026-01-29 21:00:00+00:00,23118.3112975,21707.541047270883,20979.844911020326,22435.237183521436
2026-01-29 22:00:00+00:00,21701.6093175,20741.90809447418,20014.211958223626,21469.604230724737
2026-01-29 23:00:00+00:00,20637.696605,19166.34322487062,18438.647088620062,19894.039361121177
2026-01-30 00:00:00+00:00,19855.594182499997,18281.551570341093,17553.855434090536,19009.247706591646
2026-01-30 01:00:00+00:00,19510.3971725,18215.129008073283,17487.432871822726,18942.825144323837
2026-01-30 02:00:00+00:00,19566.31239,18239.248910896673,17511.552774646116,18966.94504714723
2026-01-30 03:00:00+00:00,19918.92559,19433.936808488543,18706.24067223799,20161.6329447391
2026-01-30 04:00:00+00:00,21109.9114525,22408.51939363097,21680.823257380413,23136.215529881527
2026-01-30 05:00:00+00:00,23606.309365,23998.664194449382,23270.96805819883,24726.36033069994
2026-01-30 06:00:00+00:00,25675.8515575,25978.254022060468,25250.55788580991,26705.95015831102
2026-01-30 07:00:00+00:00,26609.2946975,26754.39191988907,26026.69578363851,27482.088056139626
2026-01-30 08:00:00+00:00,26508.0439825,26752.937327192274,26025.241190941717,27480.63346344283
2026-01-30 09:00:00+00:00,26320.0581025,27086.355768712245,26358.65963246169,27814.051904962802
2026-01-30 10:00:00+00:00,26286.4768025,26941.47327053507,26213.77713428451,27669.169406785622
2026-01-30 11:00:00+00:00,26360.61563,26318.173248371284,25590.477112120727,27045.869384621838
2026-01-30 12:00:00+00:00,26115.9701325,26673.48230779542,25945.786171544867,27401.178444045978
2026-01-30 13:00:00+00:00,25465.288285000002,26184.53970928311,25456.843573032555,26912.235845533665
2026-01-30 14:00:00+00:00,25046.72381,26015.161235373278,25287.46509912272,26742.85737162383
2026-01-30 15:00:00+00:00,25265.49901,26220.93794056226,25493.241804311703,26948.634076812814
2026-01-30 16:00:00+00:00,25619.96974,26454.048295658165,25726.35215940761,27181.744431908723
2026-01-30 17:00:00+00:00,26181.747897499998,26260.827929504285,25533.131793253728,26988.524065754842
2026-01-30 18:00:00+00:00,25648.626885,26230.982036820373,25503.28590056982,26958.67817307093
2026-01-30 19:00:00+00:00,24520.622,25802.493948063024,25074.797811812467,26530.19008431358
2026-01-30 20:00:00+00:00,23129.68047,23901.74774581892,23174.051609568363,24629.443882069474
2026-01-30 21:00:00+00:00,21447.56101,23324.885323356,22597.189187105447,24052.581459606557
2026-01-30 22:00:00+00:00,20150.15083,20789.580903600065,20061.884767349507,21517.277039850618
2026-01-30 23:00:00+00:00,18567.83501,18621.477749029553,17893.781612779,19349.17388528011
2026-01-31 00:00:00+00:00,17982.1229775,17532.629258118777,16789.343277364413,18275.91523887314
2026-01-31 01:00:00+00:00,17698.823025,16843.31305351399,16100.027072759627,17586.599034268354
2026-01-31 02:00:00+00:00,17430.0023575,16563.292867619428,15820.006886865065,17306.578848373792
2026-01-31 03:00:00+00:00,17458.4012275,16912.223836560395,16168.93785580603,17655.50981731476
2026-01-31 04:00:00+00:00,17561.649975,17565.198069342117,16821.912088587753,18308.484050096482
2026-01-31 05:00:00+00:00,18567.537372500003,18283.79897773363,17540.51299697927,19027.084958487994
2026-01-31 06:00:00+00:00,19519.8826725,19613.32646702795,18870.040486273585,20356.612447782314
2026-01-31 07:00:00+00:00,20500.9209225,21386.857581502954,20643.57160074859,22130.14356225732
2026-01-31 08:00:00+00:00,21950.834730000002,22166.104710044783,21422.81872929042,22909.390690799144
2026-01-31 09:00:00+00:00,22461.5785375,22283.579904919447,21540.293924165082,23026.86588567381
2026-01-31 10:00:00+00:00,22446.789415,22764.232663827457,22020.946683073093,23507.51864458182
2026-01-31 11:00:00+00:00,22044.8875075,22503.194021797895,21759.90804104353,23246.48000255226
2026-01-31 12:00:00+00:00,22164.98238,22188.00091698869,21444.714936234326,22931.28689774305
2026-01-31 13:00:00+00:00,21953.02657,22129.051842422126,21385.76586166776,22872.33782317649
2026-01-31 14:00:00+00:00,22039.9109425,21998.82432547272,21255.538344718356,22742.110306227085
2026-01-31 15:00:00+00:00,22287.2852625,22520.768109197506,21777.482128443142,23264.05408995187
2026-01-31 16:00:00+00:00,23037.1437075,22817.892596231115,22074.606615476754,23561.17857698548
2026-01-31 17:00:00+00:00,23476.053275,23043.63039069023,22300.344409935864,23786.916371444593
2026-01-31 18:00:00+00:00,23085.43402,22768.866006884855,22025.580026130494,23512.15198763922
2026-01-31 19:00:00+00:00,21756.4674575,22241.044762531776,21497.75878177741,22984.33074328614
2026-01-31 20:00:00+00:00,20619.1234175,21339.087917616485,20595.801936862124,22082.37389837085
2026-01-31 21:00:00+00:00,19919.0970525,20439.48630147248,19696.200320718115,21182.772282226844
2026-01-31 22:00:00+00:00,18897.5601825,19080.203271655857,18336.917290901492,19823.489252410218
2026-01-31 23:00:00+00:00,17323.40003,18629.153609997986,17885.86762924362,19372.43959075235
2026-02-01 00:00:00+00:00,16478.777247500002,17332.312157797234,16589.02617704287,18075.5981385516
2026-02-01 01:00:00+00:00,16442.655042500002,16965.894826206786,16222.608845452422,17709.18080696115
2026-02-01 02:00:00+00:00,16271.0055075,17288.51879865385,16545.232817899487,18031.804779408216
2026-02-01 03:00:00+00:00,16416.03658,17369.081378014624,16625.79539726026,18112.36735876899
2026-02-01 04:00:00+00:00,16315.6914325,17451.85042920487,16708.564448450506,18195.136409959236
2026-02-01 05:00:00+00:00,16586.885837499998,18096.257646512662,17352.9716657583,18839.543627267027
2026-02-01 06:00:00+00:00,16993.479359999998,19037.44627630957,18294.160295555204,19780.732257063934
2026-02-01 07:00:00+00:00,18234.155189999998,20067.256073936598,19323.970093182234,20810.542054690963
2026-02-01 08:00:00+00:00,19480.5770975,20715.111454831454,19971.82547407709,21458.39743558582
2026-02-01 09:00:00+00:00,20422.2347825,21550.055714627928,20806.769733873563,22293.34169538229
2026-02-01 10:00:00+00:00,20693.542005,21888.80572110604,21145.519740351676,22632.091701860405
2026-02-01 11:00:00+00:00,20900.3112675,21886.070696296087,21142.784715541722,22629.35667705045
2026-02-01 12:00:00+00:00,20601.187850000002,21773.195551059154,21029.90957030479,22516.48153181352
2026-02-01 13:00:00+00:00,20331.96007,21353.614884057573,20610.32890330321,22096.900864811938
2026-02-01 14:00:00+00:00,20252.58581,21306.54755154009,20563.261570785726,22049.833532294455
2026-02-01 15:00:00+00:00,20710.892585,21645.41919323641,20902.133212482047,22388.705173990773
2026-02-01 16:00:00+00:00,21830.2936625,22511.784617766367,21768.498637012002,23255.07059852073
2026-02-01 17:00:00+00:00,22577.572894999998,22094.785366098124,21351.49938534376,22838.07134685249
2026-02-01 18:00:00+00:00,22580.137555,21988.412948672874,21245.12696791851,22731.69892942724
2026-02-01 19:00:00+00:00,21709.951787500002,20876.959237184285,20133.67325642992,21620.24521793865
2026-02-01 20:00:00+00:00,20464.932375,20536.87514742943,19793.589166675065,21280.161128183794
2026-02-01 21:00:00+00:00,19633.628585,19867.245663697784,19123.95968294342,20610.53164445215
2026-02-01 22:00:00+00:00,18555.224015,17867.97053535656,17124.684554602194,18611.256516110923
2026-02-01 23:00:00+00:00,17212.5757525,17422.86428317397,16679.578302419606,18166.150263928335
2026-02-02 00:00:00+00:00,16986.4646,16532.38269174087,15789.096710986507,17275.668672495234
2026-02-02 01:00:00+00:00,16792.190595,16460.735261734586,15717.449280980223,17204.02124248895
2026-02-02 02:00:00+00:00,16871.1929125,16759.730933747225,16016.44495299286,17503.01691450159
2026-02-02 03:00:00+00:00,17561.9480825,16924.271119961086,16180.985139206721,17667.55710071545
2026-02-02 04:00:00+00:00,19067.33551,18749.233389444038,18005.947408689673,19492.519370198403
2026-02-02 05:00:00+00:00,22138.241165,21476.975025721793,20733.68904496743,22220.261006476157
2026-02-02 06:00:00+00:00,24196.6275575,23538.88899350921,22795.603012754847,24282.174974263573
2026-02-02 07:00:00+00:00,25268.670290000002,24250.348815623063,23507.0628348687,24993.634796377428
2026-02-02 08:00:00+00:00,25387.67268,25119.47805461262,24376.192073858256,25862.764035366985
2026-02-02 09:00:00+00:00,25627.3024525,25231.084722732405,24487.79874197804,25974.370703486766
2026-02-02 10:00:00+00:00,24893.5437175,25133.5787687847,24390.292788030336,25876.86474953906
2026-02-02 11:00:00+00:00,24761.963490000002,25119.92043772447,24376.634456970107,25863.206418478832
2026-02-02 12:00:00+00:00,25261.8186775,24815.311906653715,24072.02592589935,25558.59788740808
2026-02-02 13:00:00+00:00,24822.2971025,24544.839282307057,23801.553301552693,25288.12526306142
2026-02-02 14:00:00+00:00,24664.31921,24577.07686883175,23833.790888077387,25320.362849586116
2026-02-02 15:00:00+00:00,24895.4603575,24403.79160763925,23660.505626884886,25147.077588393615
2026-02-02 16:00:00+00:00,25267.87741,24180.33256081319,23437.046580058824,24923.618541567554
2026-02-02 17:00:00+00:00,25938.1512625,24341.497750940383,23598.21177018602,25084.783731694748
2026-02-02 18:00:00+00:00,25917.1759225,23733.343777936643,22990.05779718228,24476.629758691008
2026-02-02 19:00:00+00:00,25003.20566,22915.614792835175,22172.32881208081,23658.90077358954
2026-02-02 20:00:00+00:00,23767.085,21838.197328625756,21094.91134787139,22581.48330938012
2026-02-02 21:00:00+00:00,22270.673912500002,21327.7794830476,20584.493502293237,22071.065463801966
2026-02-02 22:00:00+00:00,20622.07322,20107.339922837065,19364.0539420827,20850.62590359143
2026-02-02 23:00:00+00:00,19714.0172875,19572.426977275532,18829.140996521168,20315.712958029897
2026-02-03 00:00:00+00:00,19223.4892675,18064.86852496069,17321.58254420633,18808.154505715054
2026-02-03 01:00:00+00:00,18841.757924999998,18382.096625966056,17638.81064521169,19125.38260672042
2026-02-03 02:00:00+00:00,19382.7739525,18436.870466645494,17693.58448589113,19180.15644739986
2026-02-03 03:00:00+00:00,19824.440715,18713.947968158987,17970.661987404623,19457.233948913352
2026-02-03 04:00:00+00:00,20974.852705,19464.89421912673,18721.608238372366,20208.180199881095
2026-02-03 05:00:00+00:00,23492.1595675,21838.5819912956,21095.29601054124,22581.867972049964
2026-02-03 06:00:00+00:00,25797.646435000002,22768.967961183273,22025.681980428908,23512.253941937637
2026-02-03 07:00:00+00:00,26910.7097875,23335.4574163847,22592.171435630335,24078.743397139064
2026-02-03 08:00:00+00:00,27275.0483775,23487.353612546056,22744.06763179169,24230.63959330042
2026-02-03 09:00:00+00:00,26903.819745,23768.600982003707,23025.315001249342,24511.88696275807
2026-02-03 10:00:00+00:00,26609.3336075,24887.832539120525,24144.54655836616,25631.11851987489
2026-02-03 11:00:00+00:00,26903.4517375,23844.120005750614,23100.83402499625,24587.40598650498
2026-02-03 12:00:00+00:00,26630.7442575,24673.073437979703,23929.78745722534,25416.359418734068
2026-02-03 13:00:00+00:00,26194.779275,24219.825324927002,23476.53934417264,24963.111305681367
2026-02-03 14:00:00+00:00,25893.66965,24456.01218664015,23712.726205885785,25199.298167394514
2026-02-03 15:00:00+00:00,26258.659585,24898.39152241464,24155.105541660276,25641.677503169005
2026-02-03 16:00:00+00:00,27094.075425,25379.120575571178,24635.834594816813,26122.406556325543
2026-02-03 17:00:00+00:00,27043.3611625,25880.774893551363,25137.488912797,26624.060874305724
2026-02-03 18:00:00+00:00,26530.303775,25323.870106385337,24580.584125630972,26067.156087139698
2026-02-03 19:00:00+00:00,25262.91457,24675.63783049537,23932.351849741004,25418.923811249733
2026-02-03 20:00:00+00:00,23939.376955,23816.17936315272,23072.893382398357,24559.465343907083
2026-02-03 21:00:00+00:00,22808.0325375,22278.025545586057,21534.739564831692,23021.31152634042
2026-02-03 22:00:00+00:00,21314.5705675,21952.565218813113,21209.27923805875,22695.851199567478
2026-02-03 23:00:00+00:00,20170.9081775,21184.866215039212,20441.580234284847,21928.152195793577
2026-02-04 00:00:00+00:00,19708.750715000002,20215.202072182576,19471.916091428215,20958.48805293694
2026-02-04 01:00:00+00:00,19913.284585,20337.219091395415,19593.93311064105,21080.50507214978
2026-02-04 02:00:00+00:00,19508.2271175,20306.589134211135,19563.30315345677,21049.8751149655
2026-02-04 03:00:00+00:00,19902.50956,20518.846713709292,19775.560732954928,21262.132694463657
2026-02-04 04:00:00+00:00,20748.98964,22284.252636216796,21540.96665546243,23027.53861697116
2026-02-04 05:00:00+00:00,23526.14444,24378.285353724506,23634.999372970142,25121.57133447887
2026-02-04 06:00:00+00:00,25094.071775,25237.643514343436,24494.35753358907,25980.9294950978
2026-02-04 07:00:00+00:00,25917.203975,26407.41794763675,25664.131966882385,27150.703928391114
2026-02-04 08:00:00+00:00,25997.1846975,26327.81976905293,25584.533788298566,27071.105749807295
2026-02-04 09:00:00+00:00,25568.8730075,25922.06107063176,25178.775089877396,26665.347051386125
2026-02-04 10:00:00+00:00,25260.760355,25873.929559717235,25130.64357896287,26617.2155404716
2026-02-04 11:00:00+00:00,25280.9684125,26088.930841573256,25345.64486081889,26832.216822327617
2026-02-04 12:00:00+00:00,25164.86082,25231.90586461668,24488.619883862317,25975.191845371046
2026-02-04 13:00:00+00:00,24457.722525,25083.527869162663,24340.241888408298,25826.813849917027
2026-02-04 14:00:00+00:00,24909.5452225,24384.66950386398,23641.383523109616,25127.955484618346
2026-02-04 15:00:00+00:00,24837.2669775,23848.010215035043,23104.72423428068,24591.296195789404
2026-02-04 16:00:00+00:00,25571.067597499998,24527.31977177876,23784.033791024394,25270.605752533123
2026-02-04 17:00:00+00:00,26311.1615825,24747.393423119,24004.107442364635,25490.679403873364
2026-02-04 18:00:00+00:00,26115.038635,24759.32631529264,24016.040334538277,25502.612296047002
2026-02-04 19:00:00+00:00,25166.426345,24491.096015918178,23747.810035163813,25234.381996672542
2026-02-04 20:00:00+00:00,23614.0360125,21775.308963942727,21032.022983188363,22518.594944697088
2026-02-04 21:00:00+00:00,21942.03845,21359.653615432006,20616.36763467764,22102.93959618637
2026-02-04 22:00:00+00:00,20696.216795,20754.816006967943,20011.530026213582,21498.101987722308
2026-02-04 23:00:00+00:00,19742.79094,19499.964696756662,18756.6787160023,20243.250677511027
2026-02-05 00:00:00+00:00,19590.0665975,18442.59305102157,17699.307070267205,19185.879031775934
2026-02-05 01:00:00+00:00,19274.7839575,18497.65187059659,17754.365889842225,19240.93785135095
2026-02-05 02:00:00+00:00,19544.28129,19312.93177454037,18569.645793786007,20056.217755294736
2026-02-05 03:00:00+00:00,19771.3488325,19994.58736914376,19251.301388389395,20737.873349898124
2026-02-05 04:00:00+00:00,21056.840615,21715.97624475511,20972.690264000747,22459.262225509476
2026-02-05 05:00:00+00:00,24061.622245,23704.170463752533,22960.88448299817,24447.456444506897
2026-02-05 06:00:00+00:00,26160.93811,24600.142606092704,23856.856625338343,25343.42858684707
2026-02-05 07:00:00+00:00,26805.9892525,26293.43894699756,25550.1529662432,27036.724927751926
2026-02-05 08:00:00+00:00,26892.1002125,26623.17118425972,25879.885203505357,27366.457165014086
2026-02-05 09:00:00+00:00,26101.32576,26309.98981750271,25566.703836748344,27053.275798257073
2026-02-05 10:00:00+00:00,26211.943855,26189.24016377242,25445.954183018057,26932.526144526786
2026-02-05 11:00:00+00:00,26090.0816725,26175.372002099215,25432.086021344854,26918.65798285358
2026-02-05 12:00:00+00:00,25635.968549999998,25549.313986947127,24806.028006192762,26292.599967701488
2026-02-05 13:00:00+00:00,25176.93602,25766.943503270137,25023.657522515776,26510.2294840245
2026-02-05 14:00:00+00:00,24741.17029,25488.887328472043,24745.601347717682,26232.173309226408
2026-02-05 15:00:00+00:00,24983.3926,24991.94399669906,24248.658015944697,25735.229977453426
2026-02-05 16:00:00+00:00,25795.808080000003,25760.076753655943,25016.79077290158,26503.362734410308
2026-02-05 17:00:00+00:00,26061.461062500002,26164.609987139494,25421.324006385134,26907.89596789386
2026-02-05 18:00:00+00:00,26000.1032625,25946.73611873472,25203.450137980355,26690.022099489084
2026-02-05 19:00:00+00:00,24823.0230275,25853.768283017132,25110.482302262768,26597.054263771497
2026-02-05 20:00:00+00:00,23913.3771375,24236.894408198303,23493.608427443938,24980.180388952667
2026-02-05 21:00:00+00:00,22700.769965,23547.311487254807,22804.025506500442,24290.59746800917
2026-02-05 22:00:00+00:00,21245.953015,21517.85778021245,20774.571799458085,22261.143760966814
2026-02-05 23:00:00+00:00,20342.6543325,20147.84015999291,19404.554179238545,20891.126140747274
2026-02-06 00:00:00+00:00,19725.147657499998,19432.330963155047,18689.044982400683,20175.61694390941
2026-02-06 01:00:00+00:00,19440.10196,19480.70154723659,18737.415566482225,20223.987527990954
2026-02-06 02:00:00+00:00,19454.791485,19532.94915740769,18789.663176653325,20276.235138162054
2026-02-06 03:00:00+00:00,19941.760329999997,19987.12952428711,19243.843543532745,20730.415505041474
2026-02-06 04:00:00+00:00,21243.534035,21083.78902722099,20340.503046466627,21827.075007975356
2026-02-06 05:00:00+00:00,23767.1817,23918.405197044463,23175.1192162901,24661.691177798828
2026-02-06 06:00:00+00:00,25675.57541,25547.980075184387,24804.694094430026,26291.26605593875
2026-02-06 07:00:00+00:00,26382.9794475,25475.60203967372,24732.316058919354,26218.888020428083
2026-02-06 08:00:00+00:00,26389.028202499998,26040.751576287,25297.465595532638,26784.037557041363
2026-02-06 09:00:00+00:00,26180.7527275,26223.17569846967,25479.889717715305,26966.461679224034
2026-02-06 10:00:00+00:00,26002.44941,25482.93452996405,24739.648549209687,26226.220510718416
2026-02-06 11:00:00+00:00,25982.1821325,25290.669272486874,24547.38329173251,26033.955253241238
2026-02-06 12:00:00+00:00,25473.427532499998,25144.15548933785,24400.869508583484,25887.441470092213
2026-02-06 13:00:00+00:00,24965.8767125,24827.73528290559,24084.449302151224,25571.021263659954
2026-02-06 14:00:00+00:00,24983.745095,25029.858182199256,24286.57220144489,25773.14416295362
2026-02-06 15:00:00+00:00,24945.05879,25372.463290332165,24629.177309577804,26115.74927108653
2026-02-06 16:00:00+00:00,25239.6547425,25550.018494772405,24806.73251401804,26293.30447552677
2026-02-06 17:00:00+00:00,25612.0453825,25749.241156702414,25005.95517594805,26492.52713745678
2026-02-06 18:00:00+00:00,25240.061025,25571.204568666093,24827.91858791173,26314.490549420458
2026-02-06 19:00:00+00:00,23935.726515000002,24955.314318540848,24212.028337786483,25698.600299295213
2026-02-06 20:00:00+00:00,22854.7769025,23337.74357075353,22594.457589999165,24081.029551507894
2026-02-06 21:00:00+00:00,21723.2222525,22425.732950884296,21682.44697012993,23169.01893163866
2026-02-06 22:00:00+00:00,20338.287345,19951.63408440333,19208.348103648965,20694.920065157694
2026-02-06 23:00:00+00:00,18945.2729475,18607.50283743583,17864.21685668147,19350.788818190194
2026-02-07 00:00:00+00:00,18570.4383025,18146.07672568198,17407.74112432542,18884.41232703854
2026-02-07 01:00:00+00:00,18282.702217500002,17767.520040269686,17029.18443891313,18505.855641626244
2026-02-07 02:00:00+00:00,18244.2585425,18056.51271898964,17318.177117633084,18794.8483203462
2026-02-07 03:00:00+00:00,18318.830715,18138.425162484822,17400.089561128265,18876.76076384138
2026-02-07 04:00:00+00:00,18255.4560675,18416.618667773335,17678.283066416778,19154.954269129892
2026-02-07 05:00:00+00:00,18882.6969925,19177.66091571343,18439.325314356873,19915.996517069987
2026-02-07 06:00:00+00:00,19547.627432499998,20404.983967470693,19666.648366114136,21143.31956882725
2026-02-07 07:00:00+00:00,20615.95889,21309.34987337375,20571.014272017193,22047.68547473031
2026-02-07 08:00:00+00:00,21513.24843,21405.598127316705,20667.26252596015,22143.933728673263
2026-02-07 09:00:00+00:00,22111.03747,21823.529509861954,21085.193908505396,22561.86511121851
2026-02-07 10:00:00+00:00,22065.0403425,21877.75003698916,21139.4144356326,22616.085638345718
2026-02-07 11:00:00+00:00,21613.2871075,21533.28906046463,20794.953459108074,22271.62466182119
2026-02-07 12:00:00+00:00,20731.908137500002,20895.453430933034,20157.117829576477,21633.78903228959
2026-02-07 13:00:00+00:00,20293.8061625,21182.8322825357,20444.496681179142,21921.167883892256
2026-02-07 14:00:00+00:00,20224.34878,21074.581343290705,20336.245741934144,21812.916944647262
2026-02-07 15:00:00+00:00,20687.5065275,21025.048373938935,20286.712772582378,21763.383975295492
2026-02-07 16:00:00+00:00,21716.3903675,22291.075587507396,21552.73998615084,23029.411188863953
2026-02-07 17:00:00+00:00,22705.96512,22151.245380411372,21412.909779054815,22889.58098176793
2026-02-07 18:00:00+00:00,22312.0066725,21776.635309981473,21038.299708624916,22514.97091133803
2026-02-07 19:00:00+00:00,21129.191785,21053.803012519882,20315.467411163325,21792.13861387644
2026-02-07 20:00:00+00:00,20218.7710975,20125.02931903246,19386.693717675902,20863.364920389016
2026-02-07 21:00:00+00:00,19455.52255,18877.827080278763,18139.491478922202,19616.16268163532
2026-02-07 22:00:00+00:00,18540.651305,17935.113721445825,17196.778120089268,18673.449322802382
2026-02-07 23:00:00+00:00,17481.69977,16658.575197379734,15920.239596023175,17396.91079873629
2026-02-08 00:00:00+00:00,17021.96889,15933.369743203439,15195.034141846882,16671.705344559996
2026-02-08 01:00:00+00:00,16854.090425000002,15835.444557860696,15097.108956504137,16573.780159217255
2026-02-08 02:00:00+00:00,16763.664505,15799.038864228154,15060.703262871597,16537.37446558471
2026-02-08 03:00:00+00:00,16975.58191,15772.252410107925,15033.916808751368,16510.588011464482
2026-02-08 04:00:00+00:00,16875.84412,15884.81717127259,15146.481569916032,16623.15277262915
2026-02-08 05:00:00+00:00,17007.061515,16615.96164029555,15877.626038938994,17354.297241652108
2026-02-08 06:00:00+00:00,17705.4463525,17796.36072080376,17058.0251194472,18534.69632216032
2026-02-08 07:00:00+00:00,18718.04363,18998.249816148407,18259.91421479185,19736.585417504968
2026-02-08 08:00:00+00:00,19847.38081,19713.44983595686,18975.114234600303,20451.785437313418
2026-02-08 09:00:00+00:00,20411.921205,20865.39598782193,20127.06038646537,21603.731589178486
2026-02-08 10:00:00+00:00,20938.9339,21172.674515003524,20434.338913646967,21911.01011636008
2026-02-08 11:00:00+00:00,21019.4933925,21316.904130492676,20578.56852913612,22055.239731849233
2026-02-08 12:00:00+00:00,20855.417645,20966.682788229606,20228.34718687305,21705.018389586163
2026-02-08 13:00:00+00:00,20469.798365,20716.356189426286,19978.020588069725,21454.691790782843
2026-02-08 14:00:00+00:00,20199.649375,20249.21266942293,19510.877068066373,20987.548270779487
2026-02-08 15:00:00+00:00,20471.6602925,20688.25562894836,19949.920027591797,21426.591230304915
2026-02-08 16:00:00+00:00,21565.0463475,22108.304707474665,21369.969106118107,22846.64030883122
2026-02-08 17:00:00+00:00,22714.554275000002,22500.28392747656,21761.94832612,23238.61952883312
2026-02-08 18:00:00+00:00,22596.8004625,21830.67940863734,21092.343807280784,22569.0150099939
2026-02-08 19:00:00+00:00,21990.7739625,21004.50837903641,20266.172777679854,21742.843980392972
2026-02-08 20:00:00+00:00,21363.0246075,20528.712598167196,19790.37699681064,21267.048199523753
2026-02-08 21:00:00+00:00,20518.8771075,19843.365135789933,19105.029534433375,20581.70073714649
2026-02-08 22:00:00+00:00,19335.1516375,18129.992612494447,17391.65701113789,18868.328213851004
2026-02-08 23:00:00+00:00,18331.567255,17322.037429648393,16583.701828291836,18060.37303100495
2026-02-09 00:00:00+00:00,17884.363185000002,17003.41473262496,16265.0791312684,17741.750333981516
2026-02-09 01:00:00+00:00,17772.7156425,16928.347674772725,16190.012073416168,17666.683276129283
2026-02-09 02:00:00+00:00,17788.3598775,17273.929215042226,16535.59361368567,18012.264816398783
2026-02-09 03:00:00+00:00,18122.3696225,18140.252113308023,17401.916511951466,18878.587714664583
2026-02-09 04:00:00+00:00,19630.388645,19189.03559197627,18450.699990619712,19927.371193332827
2026-02-09 05:00:00+00:00,22536.747075,22219.470963708463,21481.135362351903,22957.80656506502
2026-02-09 06:00:00+00:00,24376.88724,24472.2179348838,23733.882333527243,25210.553536240357
2026-02-09 07:00:00+00:00,25274.52494,25351.8190921978,24613.48349084124,26090.154693554356
2026-02-09 08:00:00+00:00,25303.382905,25597.11461873823,24858.779017381672,26335.45022009479
2026-02-09 09:00:00+00:00,25072.0394575,25221.169245272955,24482.833643916398,25959.504846629512
2026-02-09 10:00:00+00:00,24754.193,25371.739765791062,24633.404164434505,26110.07536714762
2026-02-09 11:00:00+00:00,24866.9069875,25219.03362062901,24480.69801927245,25957.369221985566
2026-02-09 12:00:00+00:00,24527.2548075,25255.407882590618,24517.07228123406,25993.743483947175
2026-02-09 13:00:00+00:00,24249.678455,25172.316783078153,24433.981181721596,25910.65238443471
2026-02-09 14:00:00+00:00,24343.24246,24876.41295698718,24138.077355630623,25614.74855834374
2026-02-09 15:00:00+00:00,24053.8330825,24792.94106902826,24054.605467671703,25531.27667038482
2026-02-09 16:00:00+00:00,24640.244125,25076.00438823641,24337.668786879854,25814.33998959297
2026-02-09 17:00:00+00:00,25530.36107,25622.81937727542,24884.483775918863,26361.154978631977
2026-02-09 18:00:00+00:00,25494.2903725,25626.071266495448,24887.73566513889,26364.406867852005
2026-02-09 19:00:00+00:00,24120.1347475,24776.56089683826,24038.2252954817,25514.896498194816
2026-02-09 20:00:00+00:00,23164.50807,23301.81460456223,22563.479003205674,24040.150205918788
2026-02-09 21:00:00+00:00,21919.1732325,22005.57950705345,21267.243905696894,22743.91510841001
2026-02-09 22:00:00+00:00,20565.083755,20314.649265171098,19576.31366381454,21052.984866527655
2026-02-09 23:00:00+00:00,19433.6566325,19157.079710160142,18418.744108803585,19895.4153115167
2026-02-10 00:00:00+00:00,18916.3120075,18442.647289458346,17704.31168810179,19180.982890814903
2026-02-10 01:00:00+00:00,18676.7778025,18343.707231058692,17605.37162970213,19082.04283241525
2026-02-10 02:00:00+00:00,18882.414474999998,18390.538707872744,17652.203106516186,19128.8743092293
2026-02-10 03:00:00+00:00,19049.986679999998,19331.227134363115,18592.891533006557,20069.56273571967
2026-02-10 04:00:00+00:00,20116.5670675,20456.710114825622,19718.374513469065,21195.04571618218
2026-02-10 05:00:00+00:00,22868.9811075,23192.902053004167,22454.566451647606,23931.237654360724
2026-02-10 06:00:00+00:00,24764.5097125,25049.428186027682,24311.092584671125,25787.76378738424
2026-02-10 07:00:00+00:00,25411.18873,26356.19950019803,25617.86389884147,27094.53510155459
2026-02-10 08:00:00+00:00,25656.672455,26197.908885972924,25459.573284616366,26936.24448732948
2026-02-10 09:00:00+00:00,25905.1726675,26130.30761248844,25391.972011131882,26868.643213845
2026-02-10 10:00:00+00:00,26340.1302775,25692.903387466333,24954.567786109772,26431.23898882289
2026-02-10 11:00:00+00:00,26614.44768,25790.953707120618,25052.61810576406,26529.28930847718
2026-02-10 12:00:00+00:00,26120.4301775,25495.68930426842,24757.353702911863,26234.024905624978
2026-02-10 13:00:00+00:00,25950.06015,25277.595283008508,24539.259681651947,26015.930884365065
2026-02-10 14:00:00+00:00,25741.6758675,24662.999197936333,23924.663596579776,25401.334799292894
2026-02-10 15:00:00+00:00,25257.18738,24886.3114704747,24147.97586911814,25624.647071831256
2026-02-10 16:00:00+00:00,25410.837760000002,25388.334439308033,24649.998837951476,26126.67004066459
2026-02-10 17:00:00+00:00,25657.4814125,25433.271782663403,24694.936181306846,26171.60738401996
2026-02-10 18:00:00+00:00,25249.2128975,25643.55578922885,24905.22018787229,26381.891390585406
2026-02-10 19:00:00+00:00,24109.556845,24790.47529682742,24052.13969547086,25528.810898183976
2026-02-10 20:00:00+00:00,23066.5667475,23359.205225573136,22620.86962421658,24097.540826929697
2026-02-10 21:00:00+00:00,21639.5239275,21772.660796222593,21034.325194866036,22510.99639757915
2026-02-10 22:00:00+00:00,20317.84288,19931.927666467127,19193.592065110566,20670.263267823684
2026-02-10 23:00:00+00:00,19394.687775,18897.450577088082,18159.114975731525,19635.786178444643
2026-02-11 00:00:00+00:00,18744.57617,18352.042325365226,17613.70672400867,19090.377926721783
2026-02-11 01:00:00+00:00,18698.97102,18008.517903249787,17270.18230189323,18746.853504606344
2026-02-11 02:00:00+00:00,18871.182825,18054.24952966672,17315.91392831016,18792.585131023276
2026-02-11 03:00:00+00:00,18722.1687675,18997.163452096527,18258.82785073997,19735.499053453084
2026-02-11 04:00:00+00:00,20177.1679875,20110.3830382559,19372.047436899342,20848.718639612456
2026-02-11 05:00:00+00:00,23247.62079,23203.514354681152,22465.178753324595,23941.84995603771
2026-02-11 06:00:00+00:00,25271.1840325,25016.80226984059,24278.466668484034,25755.13787119715
2026-02-11 07:00:00+00:00,26024.770355,25351.86258183223,24613.52698047567,26090.198183188786
2026-02-11 08:00:00+00:00,26391.1116525,25204.685045411352,24466.34944405479,25943.02064676791
2026-02-11 09:00:00+00:00,26667.1983625,24937.13876214546,24198.803160788902,25675.47436350202
2026-02-11 10:00:00+00:00,26888.640655,24557.698860181095,23819.36325882454,25296.034461537653
2026-02-11 11:00:00+00:00,26359.835245,24494.539649745177,23756.20404838862,25232.875251101737
2026-02-11 12:00:00+00:00,25183.094657499998,23956.378437673666,23218.04283631711,24694.714039030223
2026-02-11 13:00:00+00:00,24896.666445,23770.25793797786,23031.922336621305,24508.59353933442
2026-02-11 14:00:00+00:00,24849.6041525,23377.678160205058,22639.3425588485,24116.013761561615
2026-02-11 15:00:00+00:00,24844.9113025,23532.942599023285,22794.606997666724,24271.278200379842
2026-02-11 16:00:00+00:00,25331.6113875,23750.18898122861,23011.853379872053,24488.524582585167
2026-02-11 17:00:00+00:00,25951.2764675,24167.329267050398,23428.99366569384,24905.664868406955
2026-02-11 18:00:00+00:00,25610.8646125,24194.411975555708,23456.076374199147,24932.747576912265
2026-02-11 19:00:00+00:00,24437.4256,23282.213985033704,22543.878383677147,24020.54958639026
2026-02-11 20:00:00+00:00,23371.5938225,22398.925361797075,21660.589760440518,23137.260963153632
2026-02-11 21:00:00+00:00,22009.1927125,20719.980361554113,19981.644760197556,21458.31596291067
2026-02-11 22:00:00+00:00,20475.906975,19414.807263508035,18676.471662151478,20153.142864864592
2026-02-11 23:00:00+00:00,18874.4086675,18093.482469256684,17355.146867900126,18831.81807061324
2026-02-12 00:00:00+00:00,18076.98541,17837.20571041224,17098.870109055682,18575.541311768797
2026-02-12 01:00:00+00:00,17940.126725,17515.68751897375,16777.351917617194,18254.02312033031
2026-02-12 02:00:00+00:00,18281.9466975,17609.84650848785,16871.510907131295,18348.182109844412
2026-02-12 03:00:00+00:00,18651.792555,18240.484911306678,17502.149309950117,18978.820512663235
2026-02-12 04:00:00+00:00,19957.3092625,19768.93226812144,19030.596666764883,20507.267869477997
2026-02-12 05:00:00+00:00,22877.4430525,23555.24730506593,22816.911703709367,24293.582906422485
2026-02-12 06:00:00+00:00,24716.467865,24943.357578171606,24205.02197681505,25681.693179528163
2026-02-12 07:00:00+00:00,25662.0731,25668.739258458332,24930.403657101775,26407.074859814893
2026-02-12 08:00:00+00:00,26156.8914075,25491.218734968348,24752.88313361179,26229.554336324905
2026-02-12 09:00:00+00:00,25784.3760425,25094.405881086,24356.070279729443,25832.741482442558
2026-02-12 10:00:00+00:00,25556.633710000002,24744.82979696482,24006.494195608262,25483.165398321376
2026-02-12 11:00:00+00:00,25215.7441875,24683.83869457974,23945.503093223182,25422.174295936296
2026-02-12 12:00:00+00:00,25177.90901,24593.628328787534,23855.292727430973,25331.96393014409
2026-02-12 13:00:00+00:00,24582.829175,24312.52272606588,23574.187124709322,25050.858327422437
2026-02-12 14:00:00+00:00,24775.1700375,24415.198254785333,23676.862653428776,25153.533856141894
2026-02-12 15:00:00+00:00,24586.775425,24142.419674949422,23404.084073592865,24880.75527630598
2026-02-12 16:00:00+00:00,25142.352245000002,24644.279204134702,23905.943602778145,25382.61480549126
2026-02-12 17:00:00+00:00,25689.981335,24540.914542494647,23802.57894113809,25279.250143851204
2026-02-12 18:00:00+00:00,25215.91227,24380.902453563886,23642.56685220733,25119.238054920443
2026-02-12 19:00:00+00:00,24025.6618525,23896.52351870278,23158.187917346222,24634.859120059336
2026-02-12 20:00:00+00:00,22494.146517499998,22683.79773120229,21945.46212984573,23422.133332558846
2026-02-12 21:00:00+00:00,21243.34801,21137.468712233418,20399.13311087686,21875.804313589975
2026-02-12 22:00:00+00:00,20256.75189,19694.83696578598,18956.501364429423,20433.172567142537
2026-02-12 23:00:00+00:00,18978.3659,18650.04141747791,17911.70581612135,19388.377018834468
2026-02-13 00:00:00+00:00,18057.187550000002,18202.701368289712,17464.365766933155,18941.036969646273
2026-02-13 01:00:00+00:00,17569.206944999998,17299.79962753982,16561.46402618326,18038.13522889638
2026-02-13 02:00:00+00:00,17739.5468325,17541.180041447864,16802.844440091307,18279.51564280442
2026-02-13 03:00:00+00:00,18066.2432075,18353.435394047538,17615.09979269098,19091.7709954041
2026-02-13 04:00:00+00:00,19475.8416825,19919.364223605662,19181.028622249105,20657.69982496222
2026-02-13 05:00:00+00:00,22384.7545625,22438.257410589093,21699.921809232535,23176.593011945653
2026-02-13 06:00:00+00:00,24190.364279999998,24175.99031720368,23437.654715847122,24914.325918560236
2026-02-13 07:00:00+00:00,25238.22036,25204.402479320495,24466.066877963938,25942.738080677052
2026-02-13 08:00:00+00:00,25429.14999,25219.1222197507,24480.786618394144,25957.45782110726
2026-02-13 09:00:00+00:00,25805.2347525,24589.82453213603,23851.488930779473,25328.160133492587
2026-02-13 10:00:00+00:00,25436.3295,24403.374369092653,23665.038767736096,25141.70997044921
2026-02-13 11:00:00+00:00,25132.82449,24267.607454694185,23529.27185333763,25005.943056050743
2026-02-13 12:00:00+00:00,24461.0826425,24101.39550211645,23363.059900759894,24839.73110347301
2026-02-13 13:00:00+00:00,24254.0635975,23820.559495271387,23082.22389391483,24558.895096627948
2026-02-13 14:00:00+00:00,23954.2986575,23615.563349270335,22877.227747913774,24353.89895062689
2026-02-13 15:00:00+00:00,24082.8578275,22631.342073285934,21893.006471929377,23369.67767464249
2026-02-13 16:00:00+00:00,24513.665435,22502.384796058537,21764.04919470198,23240.720397415094
2026-02-13 17:00:00+00:00,24909.17135,24108.034913892807,23369.69931253625,24846.370515249364
2026-02-13 18:00:00+00:00,24877.983095,23851.27328335573,23112.937681999174,24589.608884712292
2026-02-13 19:00:00+00:00,23806.343022499997,22443.003035516245,21704.667434159688,23181.338636872802
2026-02-13 20:00:00+00:00,22972.493775000003,22181.345752705733,21443.010151349175,22919.68135406229
2026-02-13 21:00:00+00:00,21623.437435,21230.447224982847,20492.11162362629,21968.782826339404
2026-02-13 22:00:00+00:00,20340.54394,19422.022621422588,18683.68702006603,20160.358222779145
2026-02-13 23:00:00+00:00,19060.949125,17901.88770391889,17163.55210256233,18640.223305275445
2026-02-14 00:00:00+00:00,18320.804725,18244.1651532744,17516.624151865206,18971.706154683598
2026-02-14 01:00:00+00:00,18090.3368575,17761.791187595765,17034.25018618657,18489.332189004963
2026-02-14 02:00:00+00:00,17952.9401725,18011.2308105779,17283.689809168704,18738.7718119871
2026-02-14 03:00:00+00:00,18008.777275,17943.410698559805,17215.869697150607,18670.951699969
2026-02-14 04:00:00+00:00,18290.2952625,18633.929761056337,17906.388759647143,19361.470762465535
2026-02-14 05:00:00+00:00,18714.472575,19544.7554468077,18817.214445398502,20272.296448216897
2026-02-14 06:00:00+00:00,19659.6273675,20876.78696113419,20149.24595972499,21604.327962543382
2026-02-14 07:00:00+00:00,20977.005015,21273.57639743695,20546.035396027753,22001.117398846145
2026-02-14 08:00:00+00:00,21997.757915,22262.19119953347,21534.650198124276,22989.732200942668
2026-02-14 09:00:00+00:00,22658.219655,23652.615118757265,22925.074117348067,24380.156120166463
2026-02-14 10:00:00+00:00,22878.589082500002,23473.337677994747,22745.79667658555,24200.87867940394
2026-02-14 11:00:00+00:00,22969.0749,23044.218814344895,22316.677812935697,23771.75981575409
2026-02-14 12:00:00+00:00,22547.8680025,23076.40766165222,22348.866660243024,23803.94866306142
2026-02-14 13:00:00+00:00,22172.1378325,23118.184445123272,22390.643443714074,23845.72544653247
2026-02-14 14:00:00+00:00,22242.00459,21622.730769415917,20895.18976800672,22350.27177082511
2026-02-14 15:00:00+00:00,22370.9617725,21843.964291543864,21116.42329013467,22571.50529295306
2026-02-14 16:00:00+00:00,23129.72438,21591.19544981047,20863.654448401274,22318.73645121967
2026-02-14 17:00:00+00:00,23738.6486075,21853.102559699433,21125.561558290236,22580.64356110863
2026-02-14 18:00:00+00:00,23311.10933,21649.29335068152,20921.752349272323,22376.83435209072
2026-02-14 19:00:00+00:00,21802.102737499998,21044.20552963722,20316.664528228022,21771.746531046418
2026-02-14 20:00:00+00:00,20832.9220675,20576.729042641808,19849.188041232614,21304.270044051005
2026-02-14 21:00:00+00:00,20307.3748175,20081.890114665177,19354.34911325598,20809.431116074375
2026-02-14 22:00:00+00:00,19537.620685,19011.222012215152,18283.681010805954,19738.76301362435
2026-02-14 23:00:00+00:00,18327.0659725,18370.284024691555,17642.743023282357,19097.82502610075
2026-02-15 00:00:00+00:00,17737.6584125,17881.70339941352,17154.162398004322,18609.244400822718
2026-02-15 01:00:00+00:00,17542.161079999998,17208.571255704184,16481.030254294987,17936.112257113382
2026-02-15 02:00:00+00:00,17489.1631175,17055.940049812758,16328.39904840356,17783.481051221956
2026-02-15 03:00:00+00:00,17321.114105,16899.62551188759,16172.084510478391,17627.166513296786
2026-02-15 04:00:00+00:00,17320.591055,17671.020774192133,16943.479772782935,18398.561775601327
2026-02-15 05:00:00+00:00,17433.5639125,17938.11458721568,17210.573585806484,18665.65558862488
2026-02-15 06:00:00+00:00,17843.24903,19119.73881354991,18392.197812140712,19847.279814959107
2026-02-15 07:00:00+00:00,18833.256235,20022.33301775295,19294.792016343752,20749.874019162147
2026-02-15 08:00:00+00:00,19914.695180000002,19905.579605699582,19178.038604290385,20633.12060710878
2026-02-15 09:00:00+00:00,20727.3880575,20390.717324593712,19663.176323184514,21118.25832600291
2026-02-15 10:00:00+00:00,21198.70304,20562.12054606614,19834.579544656943,21289.661547475334
2026-02-15 11:00:00+00:00,20851.542520000003,20624.100136733552,19896.559135324354,21351.641138142746
2026-02-15 12:00:00+00:00,19804.1373525,20425.46473939406,19697.923737984864,21153.00574080326
2026-02-15 13:00:00+00:00,19631.4322,20274.66542616302,19547.124424753823,21002.20642757222
2026-02-15 14:00:00+00:00,20179.2875075,20376.405147271293,19648.864145862095,21103.94614868049
2026-02-15 15:00:00+00:00,20474.292269999998,20338.596636956205,19611.055635547007,21066.137638365402
2026-02-15 16:00:00+00:00,21033.499652500002,21066.08479248587,20338.543791076674,21793.62579389507
2026-02-15 17:00:00+00:00,22469.541895000002,21868.24092353067,21140.699922121476,22595.781924939867
2026-02-15 18:00:00+00:00,22384.0104025,20857.292254469874,20129.751253060676,21584.83325587907
2026-02-15 19:00:00+00:00,22178.4972725,20526.124552095247,19798.58355068605,21253.665553504445
2026-02-15 20:00:00+00:00,21605.4498975,19312.365339339263,18584.824337930066,20039.90634074846
2026-02-15 21:00:00+00:00,21192.876195,19784.373166300928,19056.83216489173,20511.91416771012
2026-02-15 22:00:00+00:00,19871.259022500002,18367.111436377192,17639.570434967995,19094.65243778639
2026-02-15 23:00:00+00:00,18845.2457475,18346.290395685584,17618.74939427639,19073.831397094782
2026-02-16 00:00:00+00:00,18511.8219075,18168.988943970937,17441.44794256174,18896.529945380134
2026-02-16 01:00:00+00:00,18130.3324125,17978.88742131939,17251.34641991019,18706.428422728586
2026-02-16 02:00:00+00:00,18093.2803975,18174.918705705277,17447.37770429608,18902.459707114474
2026-02-16 03:00:00+00:00,18041.6962,17699.137347639182,16971.596346229984,18426.67834904838
2026-02-16 04:00:00+00:00,19011.1931725,19760.87185210173,19033.33085069253,20488.412853510927
2026-02-16 05:00:00+00:00,21799.495805,22818.199137871008,22090.65813646181,23545.740139280206
2026-02-16 06:00:00+00:00,23288.96469,24413.17836383602,23685.637362426824,25140.71936524522
2026-02-16 07:00:00+00:00,24478.6214125,24585.09857366141,23857.55757225221,25312.639575070603
2026-02-16 08:00:00+00:00,24816.6841575,24281.963606612917,23554.42260520372,25009.504608022115
2026-02-16 09:00:00+00:00,24885.99874,24225.50248347268,23497.96148206348,24953.043484881873
2026-02-16 10:00:00+00:00,25196.3612475,25084.362672786392,24356.821671377194,25811.903674195586
2026-02-16 11:00:00+00:00,24734.1233075,25173.913974215015,24446.372972805817,25901.454975624212
2026-02-16 12:00:00+00:00,24183.95883,24924.610212090753,24197.069210681555,25652.15121349995
2026-02-16 13:00:00+00:00,23365.6199025,25153.852072738177,24426.31107132898,25881.39307414737
2026-02-16 14:00:00+00:00,23037.23807,25059.957301647344,24332.416300238147,25787.49830305654
2026-02-16 15:00:00+00:00,23685.7694175,25104.93577004401,24377.39476863481,25832.476771453206
2026-02-16 16:00:00+00:00,24266.30061,25595.774837820925,24868.233836411728,26323.315839230123
2026-02-16 17:00:00+00:00,25104.4816325,25601.75966522142,24874.218663812222,26329.300666630617
2026-02-16 18:00:00+00:00,24879.938407499998,25591.220247771544,24863.679246362346,26318.761249180738
2026-02-16 19:00:00+00:00,23634.53411,24346.35055847483,23618.809557065633,25073.89155988403
2026-02-16 20:00:00+00:00,22234.227555,23583.4029022971,22855.861900887903,24310.9439037063
2026-02-16 21:00:00+00:00,20725.1515075,21761.630040530275,21034.089039121078,22489.171041939473
2026-02-16 22:00:00+00:00,19603.3179375,20579.342494213586,19851.80149280439,21306.88349562278
2026-02-16 23:00:00+00:00,18698.501295,19179.886655590148,18452.34565418095,19907.427656999345
2026-02-17 00:00:00+00:00,18224.358885,18885.26661991772,18157.72561850852,19612.807621326916
2026-02-17 01:00:00+00:00,18111.91118,18751.123305085086,18023.58230367589,19478.66430649428
2026-02-17 02:00:00+00:00,18279.0844875,18797.90271268881,18070.361711279613,19525.443714098008
2026-02-17 03:00:00+00:00,18836.4640075,19120.382028866214,18392.841027457016,19847.92303027541
2026-02-17 04:00:00+00:00,19678.8539475,20230.141330382623,19502.600328973425,20957.68233179182
2026-02-17 05:00:00+00:00,22337.3872575,22692.26717026224,21964.72616885304,23419.808171671433
2026-02-17 06:00:00+00:00,24029.224055,25143.561635886126,24416.02063447693,25871.10263729532
2026-02-17 07:00:00+00:00,24589.589464999997,25876.823521478243,25149.282520069046,26604.36452288744
2026-02-17 08:00:00+00:00,24936.079675,25794.451839235775,25066.910837826577,26521.992840644973
2026-02-17 09:00:00+00:00,25202.036185,25314.454236510854,24586.91323510166,26041.99523792005
2026-02-17 10:00:00+00:00,25541.0404425,26037.904810245742,25310.363808836548,26765.44581165494
2026-02-17 11:00:00+00:00,25141.7026225,25757.288675329324,25029.747673920127,26484.829676738518
2026-02-17 12:00:00+00:00,24817.5164675,25378.023586926094,24650.4825855169,26105.56458833529
2026-02-17 13:00:00+00:00,24505.753695,25125.13612837988,24397.595126970686,25852.677129789077
2026-02-17 14:00:00+00:00,24391.733927499998,24917.379642583324,24189.838641174127,25644.920643992522
2026-02-17 15:00:00+00:00,24156.850245,24683.596836298773,23956.05583488958,25411.13783770797
2026-02-17 16:00:00+00:00,24531.3351975,24977.08685456403,24249.545853154832,25704.627855973227
2026-02-17 17:00:00+00:00,25643.62728,24999.913206828507,24272.372205419313,25727.454208237705
2026-02-17 18:00:00+00:00,25606.2921625,24494.143980452238,23766.602979043044,25221.684981861436
2026-02-17 19:00:00+00:00,24459.979835,23454.822438319567,22727.28143691037,24182.363439728764
2026-02-17 20:00:00+00:00,23888.2502025,22231.002899694973,21503.461898285776,22958.54390110417
2026-02-17 21:00:00+00:00,22077.7873275,21018.18696843409,20290.64596702489,21745.727969843283
2026-02-17 22:00:00+00:00,20606.77314,19923.113288228917,19195.57228681972,20650.654289638114
2026-02-17 23:00:00+00:00,19533.94093,19005.790016425522,18278.249015016325,19733.33101783472
2026-02-18 00:00:00+00:00,19304.63921,18543.046841569045,17815.505840159847,19270.587842978242
2026-02-18 01:00:00+00:00,19265.1762025,18627.80888092896,17900.26787951976,19355.349882338156
2026-02-18 02:00:00+00:00,19218.4798725,18642.596373527238,17915.055372118044,19370.137374936436
2026-02-18 03:00:00+00:00,19535.54838,19128.34471135893,18400.803709949734,19855.885712768126
2026-02-18 04:00:00+00:00,20755.801825,20266.646087011457,19539.10508560226,20994.187088420655
2026-02-18 05:00:00+00:00,23146.338465,22134.938533157903,21407.397531748706,22862.4795345671
2026-02-18 06:00:00+00:00,25298.066274999997,24034.23600809675,23306.69500668755,24761.777009505946
2026-02-18 07:00:00+00:00,26249.87373,25867.36910396404,25139.828102554842,26594.910105373237
2026-02-18 08:00:00+00:00,26130.5699975,25495.955315835196,24768.414314425998,26223.496317244393
2026-02-18 09:00:00+00:00,25724.98872,25672.328635421494,24944.787634012297,26399.869636830692
2026-02-18 10:00:00+00:00,26146.6361325,25359.37031229674,24631.829310887548,26086.91131370594
2026-02-18 11:00:00+00:00,26325.872885,25274.969218827344,24547.42821741815,26002.51022023654
2026-02-18 12:00:00+00:00,24706.844235,25137.605726770686,24410.064725361488,25865.146728179883
2026-02-18 13:00:00+00:00,24069.107115,24328.939458006265,23601.398456597068,25056.480459415463
2026-02-18 14:00:00+00:00,24083.588917499997,24118.114529113507,23390.57352770431,24845.655530522705
2026-02-18 15:00:00+00:00,24239.3016675,24109.038499568756,23381.49749815956,24836.579500977954
2026-02-18 16:00:00+00:00,24733.8817675,24511.470558434114,23783.929557024916,25239.011559843308
2026-02-18 17:00:00+00:00,25568.25633,25000.675179896876,24273.13417848768,25728.216181306074
2026-02-18 18:00:00+00:00,25425.2882225,23978.032874875018,23250.491873465824,24705.573876284216
2026-02-18 19:00:00+00:00,24518.893145,24156.771702757636,23429.23070134844,24884.312704166834
2026-02-18 20:00:00+00:00,23139.4882375,23349.369019203496,22621.828017794298,24076.91002061269
2026-02-18 21:00:00+00:00,22073.9291425,21559.14743925429,20831.606437845094,22286.68844066349
2026-02-18 22:00:00+00:00,20718.9606125,20012.949199616534,19285.408198207337,20740.490201025732
2026-02-18 23:00:00+00:00,19390.141175,19029.304183478158,18301.76318206896,19756.845184887356
2026-02-19 00:00:00+00:00,19136.761115,18755.385631440935,18027.844630031737,19482.926632850133
2026-02-19 01:00:00+00:00,19366.2373825,18142.631024153743,17415.09002274455,18870.17202556294
2026-02-19 02:00:00+00:00,19439.0878,18417.962350757127,17690.42134934793,19145.503352166324
2026-02-19 03:00:00+00:00,20275.149025,19359.40340278012,18631.862401370927,20086.94440418932
2026-02-19 04:00:00+00:00,21344.439685,20446.947849989603,19719.406848580405,21174.4888513988
2026-02-19 05:00:00+00:00,23627.4217675,23002.15317013554,22274.612168726344,23729.69417154474
2026-02-19 06:00:00+00:00,26407.94035,24679.31359833569,23951.772596926494,25406.85459974489
2026-02-19 07:00:00+00:00,26954.56504,24781.0356451742,24053.494643765003,25508.576646583395
2026-02-19 08:00:00+00:00,26613.2269575,24637.962627603134,23910.421626193936,25365.50362901233
2026-02-19 09:00:00+00:00,26391.815155,25411.104299636343,24683.56329822715,26138.64530104554
2026-02-19 10:00:00+00:00,26689.408779999998,25434.359577864965,24706.81857645577,26161.900579274163
2026-02-19 11:00:00+00:00,26713.70851,25026.237630834898,24298.6966294257,25753.77863224409
2026-02-19 12:00:00+00:00,26896.36364,23605.48996429295,22877.94896288375,24333.030965702143
2026-02-19 13:00:00+00:00,25677.5350025,23219.252390712645,22491.711389303448,23946.793392121843
2026-02-19 14:00:00+00:00,25406.965325,23145.96279339757,22418.421791988374,23873.50379480677
2026-02-19 15:00:00+00:00,25462.716105,22935.93559002973,22208.394588620533,23663.476591438925
2026-02-19 16:00:00+00:00,26099.6112575,22852.029776661864,22124.488775252667,23579.570778071058
2026-02-19 17:00:00+00:00,26547.9381525,22642.23544411776,21914.694442708562,23369.776445526957
2026-02-19 18:00:00+00:00,26473.9592475,22254.632077745897,21527.0910763367,22982.17307915509
2026-02-19 19:00:00+00:00,25279.1734225,20345.499425233156,19617.95842382396,21073.04042664235
2026-02-19 20:00:00+00:00,23756.481005,20384.203776162947,19656.66277475375,21111.744777572145
2026-02-19 21:00:00+00:00,22475.107444999998,21088.8615894392,20361.32058803,21816.402590848396
2026-02-19 22:00:00+00:00,21445.8175525,19969.00749955087,19241.46649814167,20696.548500960067
2026-02-19 23:00:00+00:00,20498.7170975,19552.29829873797,18824.75729732877,20279.839300147167
2026-02-20 00:00:00+00:00,20265.3122975,18990.0238784567,18262.482877047503,19717.5648798659
2026-02-20 01:00:00+00:00,19902.4449175,18707.27721123869,17979.73620982949,19434.818212647886
2026-02-20 02:00:00+00:00,20009.9757675,19119.3775726784,18391.836571269203,19846.9185740876
2026-02-20 03:00:00+00:00,20465.1816225,19677.016619230322,18949.47561782113,20404.55762063952
2026-02-20 04:00:00+00:00,21759.0501525,20581.685547338107,19854.14454592891,21309.226548747305
2026-02-20 05:00:00+00:00,24441.9878675,22998.637304336273,22271.09630292708,23726.17830574547
2026-02-20 06:00:00+00:00,25814.095405,24048.46523099726,23320.92422958806,24776.006232406457
2026-02-20 07:00:00+00:00,26145.67813,25051.102974964768,24323.561973555574,25778.643976373965
2026-02-20 08:00:00+00:00,26112.931445000002,25525.908885442306,24798.36788403311,26253.449886851504
2026-02-20 09:00:00+00:00,26352.98807,25619.73488406114,24892.193882651944,26347.27588547034
2026-02-20 10:00:00+00:00,26421.3776975,25409.398683536583,24681.857682127385,26136.93968494578
2026-02-20 11:00:00+00:00,26077.404675,25256.037884844118,24528.496883434924,25983.578886253315
2026-02-20 12:00:00+00:00,25922.4832825,24804.57907738783,24077.03807597863,25532.120078797027
2026-02-20 13:00:00+00:00,25492.74771,24600.197388148503,23872.656386739305,25327.7383895577
2026-02-20 14:00:00+00:00,25274.6329625,24337.643253676033,23610.102252266835,25065.18425508523
2026-02-20 15:00:00+00:00,25264.0139125,24055.122995287817,23327.58199387862,24782.663996697014
2026-02-20 16:00:00+00:00,25683.223695,23840.303326589543,23112.762325180345,24567.84432799874
2026-02-20 17:00:00+00:00,25938.0385575,24560.75161164042,23833.21061023122,25288.292613049616
2026-02-20 18:00:00+00:00,25236.9807525,23597.199467507446,22869.658466098248,24324.740468916643
2026-02-20 19:00:00+00:00,23781.548665,23724.520170906337,22996.97916949714,24452.061172315534
2026-02-20 20:00:00+00:00,22293.312495,22231.726669382795,21504.185667973597,22959.267670791993
2026-02-20 21:00:00+00:00,21087.259547499998,20809.281792040983,20081.740790631786,21536.822793450177
2026-02-20 22:00:00+00:00,20112.05417,19438.541529432816,18711.000528023622,20166.082530842014
2026-02-20 23:00:00+00:00,19116.5040225,18175.09969345102,17447.55869204182,18902.640694860216
2026-02-21 00:00:00+00:00,18396.27539,18046.44036263136,17344.412081585837,18748.46864367689
2026-02-21 01:00:00+00:00,17875.1852325,17559.828897825642,16857.800616780114,18261.857178871167
2026-02-21 02:00:00+00:00,17578.66139,17409.583915709583,16707.55563466406,18111.612196755108
2026-02-21 03:00:00+00:00,17509.87759,17698.281321205508,16996.253040159983,18400.309602251036
2026-02-21 04:00:00+00:00,17928.870015,17843.63884659291,17141.610565547384,18545.667127638433
2026-02-21 05:00:00+00:00,18152.97531,18325.246444708897,17623.218163663372,19027.27472575442
2026-02-21 06:00:00+00:00,19020.95279,19907.825036283528,19205.796755238,20609.853317329053
2026-02-21 07:00:00+00:00,20513.4971075,20227.84913933354,19525.82085828801,20929.877420379064
2026-02-21 08:00:00+00:00,20789.8523675,20680.521784798628,19978.493503753103,21382.550065844152
2026-02-21 09:00:00+00:00,21202.29914,21732.686639781616,21030.65835873609,22434.71492082714
2026-02-21 10:00:00+00:00,21648.4825825,22030.983379264722,21328.955098219194,22733.011660310247
2026-02-21 11:00:00+00:00,21208.2598675,21685.05961214834,20983.031331102815,22387.087893193864
2026-02-21 12:00:00+00:00,21116.418385,21496.120777624517,20794.09249657899,22198.149058670042
2026-02-21 13:00:00+00:00,20900.5713875,20833.932336375656,20131.90405533013,21535.960617421184
2026-02-21 14:00:00+00:00,20793.4505625,20555.12969879221,19853.101417746686,21257.157979837735
2026-02-21 15:00:00+00:00,21377.9034975,20983.955964004712,20281.927682959184,21685.984245050236
2026-02-21 16:00:00+00:00,21962.8756575,21664.99054754709,20962.962266501567,22367.018828592616
2026-02-21 17:00:00+00:00,22313.631354999998,21559.04366718426,20857.015386138737,22261.071948229786
2026-02-21 18:00:00+00:00,21927.9662525,20791.49757488032,20089.46929383479,21493.525855925844
2026-02-21 19:00:00+00:00,20761.8868575,20130.65879157475,19428.630510529223,20832.687072620276
2026-02-21 20:00:00+00:00,19998.48119,18569.463690594595,17867.43540954907,19271.49197164012
2026-02-21 21:00:00+00:00,18998.446175,17561.91394819437,16859.885667148843,18263.942229239896
2026-02-21 22:00:00+00:00,17302.8626,17024.424625610773,16322.396344565248,17726.4529066563
2026-02-21 23:00:00+00:00,16056.394275,15596.890048664334,14894.861767618808,16298.91832970986
2026-02-22 00:00:00+00:00,15384.7844675,15212.999594848763,14510.971313803237,15915.027875894288
2026-02-22 01:00:00+00:00,15025.816505,14982.99987848561,14280.971597440086,15685.028159531139
2026-02-22 02:00:00+00:00,15173.791874999999,14850.862354692881,14148.834073647355,15552.890635738408
2026-02-22 03:00:00+00:00,15428.9472675,15134.546968548919,14432.518687503394,15836.575249594445
2026-02-22 04:00:00+00:00,15714.32056,15558.064234035617,14856.035952990092,16260.092515081142
2026-02-22 05:00:00+00:00,15265.4578375,15820.908641349239,15118.880360303712,16522.936922394765
2026-02-22 06:00:00+00:00,15863.9142025,16619.191165600972,15917.162884555448,17321.2194466465
2026-02-22 07:00:00+00:00,16973.252985,17404.5816304654,16702.553349419875,18106.609911510925
2026-02-22 08:00:00+00:00,18019.0760375,18011.989801467764,17309.961520422235,18714.01808251329
2026-02-22 09:00:00+00:00,18606.609092500003,19043.070055523138,18341.041774477613,19745.098336568666
2026-02-22 10:00:00+00:00,19593.1112525,19243.541220109673,18541.51293906415,19945.569501155198
2026-02-22 11:00:00+00:00,19654.6905875,19270.429657652625,18568.4013766071,19972.45793869815
2026-02-22 12:00:00+00:00,19656.6472525,19065.782755439926,18363.7544743944,19767.81103648545
2026-02-22 13:00:00+00:00,19135.8022925,18983.70889300958,18281.680611964057,19685.737174055106
2026-02-22 14:00:00+00:00,19507.510130000002,19244.95640228373,18542.9281212382,19946.984683329254
2026-02-22 15:00:00+00:00,19899.9149825,19960.943327201512,19258.915046155988,20662.97160824704
2026-02-22 16:00:00+00:00,20679.6278425,20445.47352888773,19743.445247842206,21147.50180993326
2026-02-22 17:00:00+00:00,20683.588125000002,20273.77227291903,19571.743991873504,20975.800553964556
2026-02-22 18:00:00+00:00,20520.344184999998,20122.98851401446,19420.960232968937,20825.016795059986
2026-02-22 19:00:00+00:00,19844.07888,18666.117257936978,17964.08897689145,19368.145538982502
2026-02-22 20:00:00+00:00,19782.573165,18078.51451630436,17376.48623525883,18780.542797349884
2026-02-22 21:00:00+00:00,18546.7933725,16996.403222632794,16294.374941587266,17698.43150367832
2026-02-22 22:00:00+00:00,17441.51206,15850.35067621412,15148.322395168594,16552.378957259647
2026-02-22 23:00:00+00:00,16504.0807025,15260.132978186668,14558.104697141142,15962.161259232194
2026-02-23 00:00:00+00:00,16154.85191,15166.637971576783,14464.609690531259,15868.66625262231
2026-02-23 01:00:00+00:00,16472.076215,15335.425472605391,14633.397191559867,16037.453753650918
2026-02-23 02:00:00+00:00,17060.3795025,15554.699129357448,14852.670848311922,16256.727410402975
2026-02-23 03:00:00+00:00,17653.65191,16026.88693759576,15324.858656550234,16728.915218641287
2026-02-23 04:00:00+00:00,19125.78305,17772.937743127804,17070.90946208228,18474.966024173333
2026-02-23 05:00:00+00:00,21659.04996,20149.555718038406,19447.527436992877,20851.58399908393
2026-02-23 06:00:00+00:00,23833.3273525,21827.274810338582,21125.246529293057,22529.30309138411
2026-02-23 07:00:00+00:00,24709.0131625,23316.5108990199,22614.482617974372,24018.539180065425
2026-02-23 08:00:00+00:00,24575.98572,23941.371630933972,23239.343349888444,24643.399911979497
2026-02-23 09:00:00+00:00,24310.2613225,23530.548478398825,22828.520197353297,24232.57675944435
2026-02-23 10:00:00+00:00,24257.244172500003,23771.999996724244,23069.971715678716,24474.02827776977
2026-02-23 11:00:00+00:00,24326.481164999997,23575.18908023004,22873.160799184516,24277.21736127557
2026-02-23 12:00:00+00:00,24102.9444,23467.682679075715,22765.65439803019,24169.710960121243
2026-02-23 13:00:00+00:00,23542.470087499998,23210.02721656462,22507.998935519092,23912.055497610145
2026-02-23 14:00:00+00:00,23690.9476475,23103.901869084253,22401.873588038725,23805.930150129778
2026-02-23 15:00:00+00:00,23699.7076525,23152.545148415844,22450.516867370316,23854.57342946137
2026-02-23 16:00:00+00:00,24778.0530925,23043.12101612328,22341.092735077753,23745.149297168806
2026-02-23 17:00:00+00:00,24966.8070425,23464.530610430662,22762.502329385134,24166.558891476187
2026-02-23 18:00:00+00:00,24497.1506675,23184.488361372776,22482.460080327248,23886.5166424183
2026-02-23 19:00:00+00:00,23498.080475,21977.9849212038,21275.95664015827,22680.013202249324
2026-02-23 20:00:00+00:00,22054.05271,21014.34766000731,20312.319378961787,21716.37594105284
2026-02-23 21:00:00+00:00,20712.02333,19561.627959384543,18859.599678339015,20263.656240430068
2026-02-23 22:00:00+00:00,19532.30079,18358.189781479374,17656.16150043385,19060.2180625249
2026-02-23 23:00:00+00:00,18810.4977175,17661.404399201463,16959.37611815594,18363.43268024699
2026-02-24 00:00:00+00:00,18152.2806125,16699.105720038537,15997.07743899301,17401.13400108406
2026-02-24 01:00:00+00:00,17817.884465,16718.45782888398,16016.429547838456,17420.48610992951
2026-02-24 02:00:00+00:00,18033.8045125,16761.880463777445,16059.85218273192,17463.90874482297
2026-02-24 03:00:00+00:00,18377.048717499998,17734.050824362675,17032.02254331715,18436.0791054082
2026-02-24 04:00:00+00:00,19192.0317,19082.738653269058,18380.71037222353,19784.766934314583
2026-02-24 05:00:00+00:00,22575.3446175,21793.101847760878,21091.07356671535,22495.130128806402
2026-02-24 06:00:00+00:00,24661.7748825,23456.024797697402,22753.996516651878,24158.05307874293
2026-02-24 07:00:00+00:00,25152.055795,24439.154343541457,23737.126062495932,25141.18262458698
2026-02-24 08:00:00+00:00,24943.994595,25002.264875083,24300.236594037473,25704.293156128526
2026-02-24 09:00:00+00:00,25178.2012425,25532.60851612507,24830.580235079546,26234.636797170595
2026-02-24 10:00:00+00:00,24472.3928725,25471.77926044519,24769.750979399665,26173.807541490714
2026-02-24 11:00:00+00:00,24664.4726475,25322.716886287853,24620.688605242325,26024.745167333378
2026-02-24 12:00:00+00:00,24468.722595,24420.70723611723,23718.678955071704,25122.735517162757
2026-02-24 13:00:00+00:00,24078.780995,24049.26599432835,23347.237713282826,24751.294275373875
2026-02-24 14:00:00+00:00,23911.1192775,23983.622326518842,23281.594045473314,24685.65060756437
2026-02-24 15:00:00+00:00,24095.488935,24252.142842787543,23550.11456174202,24954.171123833068
2026-02-24 16:00:00+00:00,24826.25529,24217.743880968832,23515.715599923307,24919.77216201436
2026-02-24 17:00:00+00:00,25165.343895,23967.640717432176,23265.61243638665,24669.6689984777
2026-02-24 18:00:00+00:00,24878.708485,24064.054590966087,23362.026309920562,24766.082872011615
2026-02-24 19:00:00+00:00,23919.56107,22917.07144965512,22215.043168609594,23619.099730700647
2026-02-24 20:00:00+00:00,22510.6451475,22068.202460813918,21366.174179768394,22770.230741859443
2026-02-24 21:00:00+00:00,20793.6370925,20538.539185896378,19836.510904850853,21240.567466941906
2026-02-24 22:00:00+00:00,19583.9772,19083.8917073164,18381.863426270873,19785.919988361926
2026-02-24 23:00:00+00:00,18366.0066175,18236.61409942476,17534.585818379237,18938.642380470286
2026-02-25 00:00:00+00:00,17625.235625,17486.804611132873,16784.77633008735,18188.832892178398
2026-02-25 01:00:00+00:00,17411.920332499998,17116.350635152066,16414.322354106538,17818.37891619759
2026-02-25 02:00:00+00:00,17546.1039475,17535.55466998733,16833.526388941806,18237.58295103286
2026-02-25 03:00:00+00:00,18122.658155,17959.03343965139,17257.005158605865,18661.061720696915
2026-02-25 04:00:00+00:00,19415.5139275,19199.620344356495,18497.592063310967,19901.64862540202
2026-02-25 05:00:00+00:00,22174.7147225,21362.890600149956,20660.86231910443,22064.918881195485
2026-02-25 06:00:00+00:00,24136.737357500002,23094.587112988927,22392.558831943403,23796.615394034456
2026-02-25 07:00:00+00:00,24596.117755,24059.50622919269,23357.477948147163,24761.534510238216
2026-02-25 08:00:00+00:00,24818.342562499998,24054.98687993822,23352.958598892692,24757.015160983745
2026-02-25 09:00:00+00:00,24360.5729475,23971.63695363693,23269.608672591407,24673.665234682456
2026-02-25 10:00:00+00:00,23930.941905,23627.840952023947,22925.812670978423,24329.869233069476
2026-02-25 11:00:00+00:00,23562.6000775,22895.915907362014,22193.887626316486,23597.94418840754
2026-02-25 12:00:00+00:00,22836.2523775,22305.767751225496,21603.739470179968,23007.79603227102
2026-02-25 13:00:00+00:00,22277.980532499998,21667.31835321661,20965.290072171083,22369.346634262136
2026-02-25 14:00:00+00:00,22135.190892500003,21353.966818535155,20651.93853748963,22055.995099580683
2026-02-25 15:00:00+00:00,22530.170745,21626.275809644114,20924.24752859859,22328.30409068964
2026-02-25 16:00:00+00:00,23226.8800275,22162.968900172316,21460.940619126788,22864.99718121784
2026-02-25 17:00:00+00:00,23848.1843925,23307.4502196712,22605.421938625674,24009.478500716723
2026-02-25 18:00:00+00:00,24157.4137275,23125.428150963045,22423.39986991752,23827.45643200857
2026-02-25 19:00:00+00:00,23497.639705,22391.339261105983,21689.310980060454,23093.367542151507
2026-02-25 20:00:00+00:00,22471.536375,20907.128431729565,20205.100150684037,21609.15671277509
2026-02-25 21:00:00+00:00,20682.5240125,19482.057885699454,18780.02960465393,20184.086166744983
2026-02-25 22:00:00+00:00,19522.1043025,18437.491729738013,17735.463448692484,19139.520010783537
2026-02-25 23:00:00+00:00,18471.12793,17536.13699578905,16834.108714743525,18238.165276834578
2026-02-26 00:00:00+00:00,17411.9923825,16631.867146998244,15929.838865952717,17333.89542804377
2026-02-26 01:00:00+00:00,16943.824562499998,16054.372407191395,15352.344126145868,16756.40068823692
2026-02-26 02:00:00+00:00,16988.03451,16410.044508740128,15708.016227694601,17112.072789785652
2026-02-26 03:00:00+00:00,17795.708365,17017.67423072631,16315.645949680782,17719.702511771833
2026-02-26 04:00:00+00:00,19117.4279775,18732.474405185705,18030.44612414018,19434.502686231233
2026-02-26 05:00:00+00:00,21413.779995,21121.94393712468,20419.915656079153,21823.972218170205
2026-02-26 06:00:00+00:00,23381.798300000002,22955.761169710255,22253.73288866473,23657.78945075578
2026-02-26 07:00:00+00:00,24710.835339999998,23818.20642429977,23116.17814325424,24520.234705345298
2026-02-26 08:00:00+00:00,25019.35589,23991.166184511363,23289.13790346584,24693.194465556888
2026-02-26 09:00:00+00:00,24572.19288,23488.56690785335,22786.538626807822,24190.59518889888
2026-02-26 10:00:00+00:00,24246.892412499998,23085.152418396174,22383.12413735065,23787.180699441702
2026-02-26 11:00:00+00:00,23862.097390000003,22373.426429944906,21671.398148899378,23075.45471099043
2026-02-26 12:00:00+00:00,22791.040295,21699.402152366296,20997.37387132077,22401.43043341182
2026-02-26 13:00:00+00:00,22137.1945275,20976.987954225082,20274.959673179557,21679.016235270607
2026-02-26 14:00:00+00:00,21841.969507499998,21016.139121412227,20314.110840366702,21718.167402457755
2026-02-26 15:00:00+00:00,22190.49299,21146.21406067956,20444.185779634034,21848.242341725087
2026-02-26 16:00:00+00:00,23252.041477500003,21661.84907817823,20959.820797132703,22363.877359223756
2026-02-26 17:00:00+00:00,23899.331514999998,22533.49230301199,21831.464021966465,23235.520584057514
2026-02-26 18:00:00+00:00,23560.692212500002,22613.21114460002,21911.182863554495,23315.239425645548
2026-02-26 19:00:00+00:00,22574.63935,21164.301626499902,20462.273345454378,21866.329907545427
2026-02-26 20:00:00+00:00,21327.7993325,19886.649605960767,19184.621324915242,20588.67788700629
2026-02-26 21:00:00+00:00,20390.0622925,18666.80632700627,17964.778045960746,19368.8346080518
2026-02-26 22:00:00+00:00,18954.747447499998,17352.381922143435,16650.353641097907,18054.41020318896
2026-02-26 23:00:00+00:00,18027.00913,16432.46436728928,15730.436086243757,17134.49264833481
2026-02-27 00:00:00+00:00,16992.38737,15726.055355382256,15024.02707433673,16428.083636427782
2026-02-27 01:00:00+00:00,16443.123105,15574.063304330079,14872.035023284552,16276.091585375605
2026-02-27 02:00:00+00:00,16795.9527625,15949.028168221037,15246.999887175512,16651.056449266565
2026-02-27 03:00:00+00:00,17508.174455,16491.48340691994,15789.455125874412,17193.511687965463
2026-02-27 04:00:00+00:00,18629.01237,18813.795917508305,18111.76763646278,19515.824198553833
2026-02-27 05:00:00+00:00,21077.2942075,21582.8446233801,20880.816342334576,22284.872904425625
2026-02-27 06:00:00+00:00,23111.7115875,23094.39659472159,22392.368313676066,23796.424875767116
2026-02-27 07:00:00+00:00,24475.89674,24065.07669483861,23363.048413793083,24767.10497588414
2026-02-27 08:00:00+00:00,24218.880985,23841.022429605102,23138.994148559574,24543.050710650627
2026-02-27 09:00:00+00:00,24002.9930875,23486.89988137864,22784.87160033311,24188.928162424163
2026-02-27 10:00:00+00:00,23554.9223575,22514.706650834076,21812.67836978855,23216.734931879604
2026-02-27 11:00:00+00:00,22989.5482075,21615.242351221925,20913.214070176396,22317.27063226745
2026-02-27 12:00:00+00:00,22611.0915175,20979.795048614997,20277.766767569472,21681.823329660525
2026-02-27 13:00:00+00:00,21946.5318625,20020.159958191547,19318.13167714602,20722.18823923707
2026-02-27 14:00:00+00:00,21153.452777500002,20123.176812657417,19421.14853161189,20825.20509370294
2026-02-27 15:00:00+00:00,21944.9557325,20352.4007709159,19650.372489870377,21054.42905196143
2026-02-27 16:00:00+00:00,23189.9319475,21005.643448538918,20303.615167493394,21707.671729584443
2026-02-27 17:00:00+00:00,23888.262277499998,21445.073713038008,20743.045431992483,22147.101994083532
2026-02-27 18:00:00+00:00,23517.497875,20940.885517952,20238.857236906475,21642.913798997528
2026-02-27 19:00:00+00:00,22889.2724125,19929.038136800253,19227.009855754728,20631.066417845777
2026-02-27 20:00:00+00:00,21485.626037500002,18606.45916977458,17904.43088872905,19308.487450820103
2026-02-27 21:00:00+00:00,19882.2447075,17519.99999123897,16817.97171019344,18222.028272284493
2026-02-27 22:00:00+00:00,18647.40281,16468.498206642635,15766.46992559711,17170.52648768816
2026-02-27 23:00:00+00:00,16874.5954175,15558.057459802001,14856.029178756475,16260.085740847526
