date,wind_onshore_tran_actual,wind_onshore_tran_fitted,wind_onshore_tran_lower,wind_onshore_tran_upper
2026-02-28 00:00:00+00:00,,360.3696,293.01740833612155,427.7218062257564
2026-02-28 01:00:00+00:00,,266.7878,199.43560415096331,334.1400020405982
2026-02-28 02:00:00+00:00,,161.49442,94.14222476147205,228.8466226511069
2026-02-28 03:00:00+00:00,,150.11703,82.764839469099,217.4692373587339
2026-02-28 04:00:00+00:00,,143.83672,76.4845144487166,211.18891233835146
2026-02-28 05:00:00+00:00,,173.99617,106.6439700310398,241.34836792067466
2026-02-28 06:00:00+00:00,,128.77876,61.42657014823965,196.1309680378745
2026-02-28 07:00:00+00:00,,126.081955,58.7297569831257,193.4341548727606
2026-02-28 08:00:00+00:00,,116.02124,48.66903904664804,183.37343693628287
2026-02-28 09:00:00+00:00,,167.38498,100.03278697294385,234.73718486257872
2026-02-28 10:00:00+00:00,,230.33672,162.98452229881798,297.68892018845287
2026-02-28 11:00:00+00:00,,319.87018,252.51796631851983,387.22236420815466
2026-02-28 12:00:00+00:00,,405.0429,337.69070225207525,472.3951001417101
2026-02-28 13:00:00+00:00,,562.8961,495.54390594444254,630.2483038340774
2026-02-28 14:00:00+00:00,,619.1425,551.7903254521821,686.4947233418169
2026-02-28 15:00:00+00:00,,674.18134,606.8291226950903,741.5335205847251
2026-02-28 16:00:00+00:00,,656.51196,589.1597760840882,723.864173973723
2026-02-28 17:00:00+00:00,,625.57666,558.2244538296446,692.9288517192795
2026-02-28 18:00:00+00:00,,545.39343,478.04123281929435,612.7456307089292
2026-02-28 19:00:00+00:00,,491.86823,424.5160052660483,559.2204031556832
2026-02-28 20:00:00+00:00,,464.6751,397.3229122731217,532.0273101627565
2026-02-28 21:00:00+00:00,,455.09863,387.74644090910533,522.4508387987402
2026-02-28 22:00:00+00:00,,451.07404,383.7218346404124,518.4262325300473
2026-02-28 23:00:00+00:00,,385.89404,318.5418386103109,453.2462364999458
2026-03-01 00:00:00+00:00,,290.19086,222.83866226768453,357.5430601573194
2026-03-01 01:00:00+00:00,,208.82716,141.4749632640983,276.17936115373317
2026-03-01 02:00:00+00:00,,164.90092,97.5487244819875,232.2531223716224
2026-03-01 03:00:00+00:00,,150.45268,83.10048391833993,217.8048818079748
2026-03-01 04:00:00+00:00,,137.60922,70.25703141159653,204.96142930123142
2026-03-01 05:00:00+00:00,,152.31564,84.96344037656166,219.66783826619653
2026-03-01 06:00:00+00:00,,153.59657,86.24436919305242,220.9487670826873
2026-03-01 07:00:00+00:00,,186.06918,118.71699110186395,253.42138899149882
2026-03-01 08:00:00+00:00,,153.25623,85.90402342404462,220.60842131367951
2026-03-01 09:00:00+00:00,,131.83362,64.48142816854266,199.18582605817753
2026-03-01 10:00:00+00:00,,125.18605,57.833847109898386,192.53824499953328
2026-03-01 11:00:00+00:00,,113.00186,45.64966429046808,180.35406218010294
2026-03-01 12:00:00+00:00,,128.85667,61.50447165496547,196.20886954460033
2026-03-01 13:00:00+00:00,,138.60307,71.2508819011444,205.95527979077926
2026-03-01 14:00:00+00:00,,166.36658,99.01438751049554,233.7187854001304
2026-03-01 15:00:00+00:00,,226.7279,159.37570628127466,294.0801041709095
2026-03-01 16:00:00+00:00,,303.2563,235.9040979045983,370.60849579423314
2026-03-01 17:00:00+00:00,,381.96902,314.61681097432785,449.32120886396274
2026-03-01 18:00:00+00:00,,388.1258,320.7736066905408,455.4780045801757
2026-03-01 19:00:00+00:00,,397.69543,330.3432308269555,465.04762871659034
2026-03-01 20:00:00+00:00,,428.84344,361.49124525497126,496.19564314460615
2026-03-01 21:00:00+00:00,,447.5127,380.1604998252208,514.8648977148557
2026-03-01 22:00:00+00:00,,472.5517,405.19948426494943,539.9038821545844
2026-03-01 23:00:00+00:00,,468.08075,400.7285610760323,535.4329589656671
2026-03-02 00:00:00+00:00,,458.40363,391.0514367958299,525.7558346854647
2026-03-02 01:00:00+00:00,,466.21698,398.8647749731458,533.5691728627806
2026-03-02 02:00:00+00:00,,494.85303,427.50083276747057,562.2052306571054
2026-03-02 03:00:00+00:00,,487.6463,420.2940818412562,554.9984797308911
2026-03-02 04:00:00+00:00,,488.9849,421.63269223488703,556.3370901245219
2026-03-02 05:00:00+00:00,,519.6946,452.34238304992925,587.0467809395641
2026-03-02 06:00:00+00:00,,512.5573,445.2051201826226,579.9095180722575
2026-03-02 07:00:00+00:00,,481.03235,413.6801545738845,548.3845524635194
2026-03-02 08:00:00+00:00,,443.32593,375.9737405704499,510.67813846008477
2026-03-02 09:00:00+00:00,,419.0262,351.674012072892,486.3784099625269
2026-03-02 10:00:00+00:00,,370.7759,303.4236972075244,438.1280950971593
2026-03-02 11:00:00+00:00,,301.13873,233.7865309442944,368.4909288339293
2026-03-02 12:00:00+00:00,,231.3667,164.01449424069256,298.7188921303274
2026-03-02 13:00:00+00:00,,190.35347,123.00126551415295,257.7056634037878
2026-03-02 14:00:00+00:00,,172.87259,105.52039715262956,240.22479504226442
2026-03-02 15:00:00+00:00,,178.60445,111.2522525943231,245.95665048395796
2026-03-02 16:00:00+00:00,,213.91566,146.5634611776899,281.26785906732476
2026-03-02 17:00:00+00:00,,261.11478,193.76256307047137,328.46696096010623
2026-03-02 18:00:00+00:00,,360.80453,293.45233226735184,428.15673015698667
2026-03-02 19:00:00+00:00,,435.76743,368.4152203063823,503.1196181960172
2026-03-02 20:00:00+00:00,,454.10834,386.7561217276177,521.4605196172525
2026-03-02 21:00:00+00:00,,507.0915,439.7392722206814,574.4436701103162
2026-03-02 22:00:00+00:00,,457.85593,390.5037224065153,525.2081202961501
2026-03-02 23:00:00+00:00,,525.0755,457.7232668890242,592.427664778659
2026-03-03 00:00:00+00:00,,520.15027,452.79808133674726,587.5024792263821
2026-03-03 01:00:00+00:00,,568.2934,500.9411912203713,635.6455891100062
2026-03-03 02:00:00+00:00,,660.0292,592.6769801849972,727.381378074632
2026-03-03 03:00:00+00:00,,757.8037,690.4515186619831,825.1559165516179
2026-03-03 04:00:00+00:00,,824.04706,756.6948585587751,891.3992564484099
2026-03-03 05:00:00+00:00,,865.44727,798.0950633390694,932.7994612287042
2026-03-03 06:00:00+00:00,,834.1454,766.7932083263281,901.4976062159631
2026-03-03 07:00:00+00:00,,764.981,697.6288384755389,832.3332363651739
2026-03-03 08:00:00+00:00,,548.50867,481.1564634436629,615.8608613332977
2026-03-03 09:00:00+00:00,,383.5255,316.1733200936258,450.87771798326065
2026-03-03 10:00:00+00:00,,333.1518,265.7995828911858,400.50398078082065
2026-03-03 11:00:00+00:00,,307.87827,240.52608024132002,375.23047813095485
2026-03-03 12:00:00+00:00,,314.82373,247.47152500754893,382.1759228971838
2026-03-03 13:00:00+00:00,,351.72092,284.3687272545147,419.07312514414957
2026-03-03 14:00:00+00:00,,365.56628,298.21407383199715,432.918471721632
2026-03-03 15:00:00+00:00,,434.6315,367.27930380446645,501.98370169410134
2026-03-03 16:00:00+00:00,,468.39035,401.0381568100941,535.742554699729
2026-03-03 17:00:00+00:00,,487.94656,420.59436002754467,555.2987579171795
2026-03-03 18:00:00+00:00,,518.95,451.5977875997879,586.3021854894228
2026-03-03 19:00:00+00:00,,453.1001,385.7479013670176,520.4522992566525
2026-03-03 20:00:00+00:00,,525.4771,458.12488936205267,592.8292872516876
2026-03-03 21:00:00+00:00,,454.31754,386.9653410937151,521.6697389833499
2026-03-03 22:00:00+00:00,,529.13104,461.7788252855942,596.4832231752291
2026-03-03 23:00:00+00:00,,474.3551,407.00288712730037,541.7072850169352
2026-03-04 00:00:00+00:00,,522.5004,455.1482306696372,589.852628559272
2026-03-04 01:00:00+00:00,,544.70496,477.3527766581343,612.0571745477691
2026-03-04 02:00:00+00:00,,529.8234,462.47122757714686,597.1756254667818
2026-03-04 03:00:00+00:00,,530.9682,463.61600957685846,598.3204074664934
2026-03-04 04:00:00+00:00,,565.0902,497.7379757156592,632.442373605294
2026-03-04 05:00:00+00:00,,606.5738,539.221612967111,673.9260108567458
2026-03-04 06:00:00+00:00,,651.9013,584.5490790421011,719.2534769317359
2026-03-04 07:00:00+00:00,,478.47504,411.12283871361893,545.8272366032538
2026-03-04 08:00:00+00:00,,450.4766,383.1243841170932,517.828782006728
2026-03-04 09:00:00+00:00,,344.64392,277.29170976911985,411.99610765875474
2026-03-04 10:00:00+00:00,,249.7515,182.39929237386914,317.103690263504
2026-03-04 11:00:00+00:00,,255.59793,188.24573450752845,322.9501323971633
2026-03-04 12:00:00+00:00,,228.38608,161.03387878141442,295.7382766710493
2026-03-04 13:00:00+00:00,,222.17392,154.8217228976521,289.52612078728697
2026-03-04 14:00:00+00:00,,250.98671,183.63451627850836,318.3389141681432
2026-03-04 15:00:00+00:00,,335.0117,267.6594920007351,402.36388989037
2026-03-04 16:00:00+00:00,,438.8849,371.53268458946366,506.2370824790985
2026-03-04 17:00:00+00:00,,598.15784,530.805612396146,665.5100102857809
2026-03-04 18:00:00+00:00,,562.37726,495.0250802078133,629.7294780974482
2026-03-04 19:00:00+00:00,,499.81262,432.4604166639244,567.1648145535593
2026-03-04 20:00:00+00:00,,471.77203,404.41984164595755,539.1242395355924
2026-03-04 21:00:00+00:00,,502.52332,435.1711210589378,569.8755189485727
2026-03-04 22:00:00+00:00,,471.37283,404.02063365163286,538.7250315412678
2026-03-04 23:00:00+00:00,,477.3987,410.0465130352191,544.750910924854
2026-03-05 00:00:00+00:00,,487.80646,420.45425644390286,555.1586543335377
2026-03-05 01:00:00+00:00,,505.1107,437.7584955835954,572.4628934732302
2026-03-05 02:00:00+00:00,,502.30008,434.94787218883016,569.652270078465
2026-03-05 03:00:00+00:00,,498.95792,431.6057018392428,566.3100997288777
2026-03-05 04:00:00+00:00,,481.49063,414.13842688645724,548.8428247760921
2026-03-05 05:00:00+00:00,,465.15482,397.802617072867,532.5070149625019
2026-03-05 06:00:00+00:00,,474.26785,406.9156574363312,541.6200553259661
2026-03-05 07:00:00+00:00,,447.07593,379.72372381864113,514.428121708276
2026-03-05 08:00:00+00:00,,415.20752,347.85531722810754,482.5597151177424
2026-03-05 09:00:00+00:00,,470.65128,403.2990767956434,538.0034746852782
2026-03-05 10:00:00+00:00,,484.65005,417.29784140745863,552.0022392970935
2026-03-05 11:00:00+00:00,,518.87335,451.52115183299935,586.2255497226342
2026-03-05 12:00:00+00:00,,503.2274,435.8751702852071,570.5795681748419
2026-03-05 13:00:00+00:00,,467.56323,400.2110223522804,534.9154202419153
2026-03-05 14:00:00+00:00,,531.4823,464.1301233572508,598.8345212468856
2026-03-05 15:00:00+00:00,,660.8062,593.4540168688242,728.158414758459
2026-03-05 16:00:00+00:00,,765.2138,697.861606986351,832.566004875986
2026-03-05 17:00:00+00:00,,901.95337,834.6011729690746,969.3055708587094
2026-03-05 18:00:00+00:00,,612.51624,545.1640598795398,679.8684577691746
2026-03-05 19:00:00+00:00,,650.94135,583.5891376191073,718.2935355087421
2026-03-05 20:00:00+00:00,,541.1439,473.79170775469424,608.4961056443291
2026-03-05 21:00:00+00:00,,497.62982,430.2776215509722,564.982019440607
2026-03-05 22:00:00+00:00,,417.56668,350.2144809693741,484.91887885900894
2026-03-05 23:00:00+00:00,,317.684,250.3317941263233,385.0361920159582
2026-03-06 00:00:00+00:00,,252.65254,185.3003364006219,320.00473429025675
2026-03-06 01:00:00+00:00,,206.54604,139.19383398543337,273.89823187506823
2026-03-06 02:00:00+00:00,,177.3491,109.99690448832871,244.7013023779636
2026-03-06 03:00:00+00:00,,141.60127,74.24906880896305,208.95346669859794
2026-03-06 04:00:00+00:00,,115.51332,48.161126328301236,182.8655242179361
2026-03-06 05:00:00+00:00,,109.21054,41.85833708315022,176.56273497278508
2026-03-06 06:00:00+00:00,,86.97182,19.619626752817624,154.32402464245246
2026-03-06 07:00:00+00:00,,57.99541,-9.356776810514987,125.34762107911988
2026-03-06 08:00:00+00:00,,48.14049,-19.211700324254934,115.49269756537996
2026-03-06 09:00:00+00:00,,36.952106,-30.40009681658637,104.30430107304852
2026-03-06 10:00:00+00:00,,26.493547,-40.85864000628084,93.84575788335405
2026-03-06 11:00:00+00:00,,36.942066,-30.41013764432381,104.29426024531105
2026-03-06 12:00:00+00:00,,40.139057,-27.213133838127305,107.49126405150756
2026-03-06 13:00:00+00:00,,52.28261,-15.069603607269642,119.63479428236525
2026-03-06 14:00:00+00:00,,69.76921,2.4170084480866194,137.1214063377215
2026-03-06 15:00:00+00:00,,85.62245,18.27024161501504,152.9746395046499
2026-03-06 16:00:00+00:00,,97.30377,29.951574675847553,164.65597256548244
2026-03-06 17:00:00+00:00,,111.64369,44.2914934283952,178.9958913180301
2026-03-06 18:00:00+00:00,,131.38661,64.03441987776444,198.7388177673993
2026-03-06 19:00:00+00:00,,156.39098,89.03878260744494,223.7431804970798
2026-03-06 20:00:00+00:00,,181.87013,114.51793608770268,249.22233397733754
2026-03-06 21:00:00+00:00,,235.88356,168.5313669802727,303.2357648699076
2026-03-06 22:00:00+00:00,,286.6032,219.25101282556233,353.9554107151972
2026-03-06 23:00:00+00:00,,301.8852,234.5329824584614,369.2373803480962
