date,load_50hz_actual,load_50hz_fitted,load_50hz_lower,load_50hz_upper
2026-01-24 00:00:00+00:00,12252.975,12102.455,11911.289120133377,12293.621161459203
2026-01-24 01:00:00+00:00,12021.475,11931.179,11740.012522990135,12122.344564315961
2026-01-24 02:00:00+00:00,11920.65,11974.309,11783.142858367148,12165.474899692974
2026-01-24 03:00:00+00:00,11859.349999999999,11450.312,11259.145640705392,11641.477682031218
2026-01-24 04:00:00+00:00,11882.75,10719.377,10528.211293007005,10910.543334332831
2026-01-24 05:00:00+00:00,11954.9,11377.879,11186.712791883683,11569.04483320951
2026-01-24 06:00:00+00:00,12541.625,12232.645,12041.478235425322,12423.810276751148
2026-01-24 07:00:00+00:00,13344.775,13134.919,12943.752426814222,13326.084468140049
2026-01-24 08:00:00+00:00,14077.6,13854.851,13663.68447679752,14046.016518123346
2026-01-24 09:00:00+00:00,14448.325,13263.401,13072.235520158567,13454.567561484393
2026-01-24 10:00:00+00:00,14896.8,13696.368,13505.202418761606,13887.534460087432
2026-01-24 11:00:00+00:00,14721.7,13602.164,13410.997617743278,13793.329659069104
2026-01-24 12:00:00+00:00,14210.175,13337.718,13146.551819598697,13528.883860924523
2026-01-24 13:00:00+00:00,13837.575,13036.239,12845.073597169894,13227.40563849572
2026-01-24 14:00:00+00:00,13693.45,13270.911,13079.744814417492,13462.076855743318
2026-01-24 15:00:00+00:00,13948.625,13231.673,13040.506991985954,13422.83903331178
2026-01-24 16:00:00+00:00,14412.175,13525.558,13334.391193380885,13716.723234706713
2026-01-24 17:00:00+00:00,14546.475,13608.016,13416.84979275692,13799.181834082747
2026-01-24 18:00:00+00:00,14105.55,13331.084,13139.917997438473,13522.2500387643
2026-01-24 19:00:00+00:00,13500.6,12465.764,12274.597644828444,12656.92968615427
2026-01-24 20:00:00+00:00,12862.05,11893.493,11702.327375573086,12084.659416898914
2026-01-24 21:00:00+00:00,12508.5,11918.355,11727.189651590446,12109.521692916274
2026-01-24 22:00:00+00:00,11919.975,11686.96,11495.794244585268,11878.126285911094
2026-01-24 23:00:00+00:00,11425.2,10972.67,10781.504318115558,11163.836359441384
2026-01-25 00:00:00+00:00,11103.725,10672.095,10480.928293680909,10863.260335006735
2026-01-25 01:00:00+00:00,11018.55,10935.483,10744.317054228532,11126.649095554358
2026-01-25 02:00:00+00:00,11073.35,10975.698,10784.532077752314,11166.86411907814
2026-01-25 03:00:00+00:00,11099.125,10969.871,10778.705548225584,11161.037589551412
2026-01-25 04:00:00+00:00,10929.0,11008.056,10816.890142921857,11199.222184247683
2026-01-25 05:00:00+00:00,10864.8,11241.49,11050.323809050977,11432.655850376803
2026-01-25 06:00:00+00:00,11336.025,11115.617,10924.45089744284,11306.782938768669
2026-01-25 07:00:00+00:00,12146.275,11465.127,11273.96092761108,11656.292968936907
2026-01-25 08:00:00+00:00,12946.225,12901.509,12710.342330650346,13092.674371976173
2026-01-25 09:00:00+00:00,13558.575,13302.14,13110.974080117605,13493.306121443431
2026-01-25 10:00:00+00:00,14224.95,13588.77,13397.603053851233,13779.93509517706
2026-01-25 11:00:00+00:00,13988.65,13039.047,12847.880384828502,13230.212426154329
2026-01-25 12:00:00+00:00,13649.0,13080.708,12889.54207538678,13271.874116712606
2026-01-25 13:00:00+00:00,13439.875,13299.197,13108.031274710223,13490.36331603605
2026-01-25 14:00:00+00:00,13465.8,13098.568,12907.402138363725,13289.73417968955
2026-01-25 15:00:00+00:00,13705.375,13315.32,13124.154040755526,13506.486082081352
2026-01-25 16:00:00+00:00,14347.275,13597.818,13406.65210086988,13788.984142195706
2026-01-25 17:00:00+00:00,14398.725,13987.921,13796.755098528129,14179.087139853955
2026-01-25 18:00:00+00:00,14089.2,13294.343,13103.176259915004,13485.50830124083
2026-01-25 19:00:00+00:00,13561.7,12809.166,12617.999926499822,13000.331967825648
2026-01-25 20:00:00+00:00,13086.25,12665.942,12474.776080223117,12857.108121548943
2026-01-25 21:00:00+00:00,12874.45,12062.962,11871.795980104855,12254.12802143068
2026-01-25 22:00:00+00:00,12455.975,11980.858,11789.692039047837,12172.024080373663
2026-01-25 23:00:00+00:00,12062.75,11901.656,11710.4898763055,12092.821917631327
2026-01-26 00:00:00+00:00,11661.075,12011.824,11820.658538018402,12202.990579344229
2026-01-26 01:00:00+00:00,11579.8,12460.971,12269.804270183588,12652.136311509414
2026-01-26 02:00:00+00:00,11854.075,12309.932,12118.765203440435,12501.09724476626
2026-01-26 03:00:00+00:00,12094.475,12437.563,12246.397332900842,12628.72937422667
2026-01-26 04:00:00+00:00,12640.575,12807.249,12616.083054296181,12998.415095622007
2026-01-26 05:00:00+00:00,14042.75,13702.341,13511.174917168395,13893.506958494221
2026-01-26 06:00:00+00:00,15003.975,14582.107,14390.941810406373,14773.2738517322
2026-01-26 07:00:00+00:00,15617.7,15072.421,14881.25440601871,15263.586447344536
2026-01-26 08:00:00+00:00,16108.525,15451.001,15259.83456228432,15642.166603610147
2026-01-26 09:00:00+00:00,16444.5,15550.312,15359.14526033348,15741.477301659306
2026-01-26 10:00:00+00:00,16599.9,15710.002,15518.835556298287,15901.167597624113
2026-01-26 11:00:00+00:00,16619.175,14910.752,14719.585938881544,15101.91798020737
2026-01-26 12:00:00+00:00,16417.55,14863.937,14672.770358407834,15055.10239973366
2026-01-26 13:00:00+00:00,16020.55,14642.788,14451.622103077667,14833.954144403493
2026-01-26 14:00:00+00:00,15620.725,14695.026,14503.86065205677,14886.192693382596
2026-01-26 15:00:00+00:00,15648.0,14819.775,14628.608943670615,15010.940984996441
2026-01-26 16:00:00+00:00,15980.275000000001,15175.722,14984.55510966814,15366.887150993965
2026-01-26 17:00:00+00:00,15996.25,15008.138,14816.97146264039,15199.303503966215
2026-01-26 18:00:00+00:00,15738.325,15240.11,15048.944046810553,15431.27608813638
2026-01-26 19:00:00+00:00,14957.475,14836.273,14645.107123251617,15027.439164577443
2026-01-26 20:00:00+00:00,14091.125,13678.855,13487.68911006226,13870.021151388086
2026-01-26 21:00:00+00:00,13528.2,12882.571,12691.405498404696,13073.737539730522
2026-01-26 22:00:00+00:00,12807.625,12605.114,12413.948738263227,12796.280779589053
2026-01-26 23:00:00+00:00,12276.625,12078.338,11887.172098553896,12269.504139879722
2026-01-27 00:00:00+00:00,11888.05,10849.007,10657.841040993486,11040.173082319312
2026-01-27 01:00:00+00:00,11607.95,10900.406,10709.239998810122,11091.572040135949
2026-01-27 02:00:00+00:00,12044.2,11089.259,10898.092454620792,11280.424495946618
2026-01-27 03:00:00+00:00,12291.25,11465.304,11274.138071963866,11656.470113289692
2026-01-27 04:00:00+00:00,12791.65,12099.845,11908.678426624701,12291.010467950528
2026-01-27 05:00:00+00:00,14236.15,13187.882,12996.715645605345,13379.047686931171
2026-01-27 06:00:00+00:00,15165.1,13958.133,13766.966529183741,14149.298570509567
2026-01-27 07:00:00+00:00,15522.375,14343.592,14152.425589757237,14534.757631083063
2026-01-27 08:00:00+00:00,15945.275,14252.377,14061.210677213174,14443.542718539
2026-01-27 09:00:00+00:00,16221.2,14308.871,14117.704898566068,14500.036939891894
2026-01-27 10:00:00+00:00,16187.825,14595.431,14404.264726153162,14786.596767478988
2026-01-27 11:00:00+00:00,16057.1,14985.722,14794.555601170083,15176.887642495909
2026-01-27 12:00:00+00:00,15730.7,14870.148,14678.982593783192,15061.314635109018
2026-01-27 13:00:00+00:00,15527.8,14986.165,14794.999137307383,15177.331178633209
2026-01-27 14:00:00+00:00,15369.525000000001,14951.281,14760.115588744773,15142.4476300706
2026-01-27 15:00:00+00:00,15430.575,15213.796,15022.62938896616,15404.961430291985
2026-01-27 16:00:00+00:00,15985.1,15412.805,15221.63859486658,15603.970636192405
2026-01-27 17:00:00+00:00,15993.9,15171.364,14980.197765164412,15362.529806490238
2026-01-27 18:00:00+00:00,15634.825,14139.344,13948.177425984795,14330.509467310621
2026-01-27 19:00:00+00:00,14853.275,13681.127,13489.960697448527,13872.292738774353
2026-01-27 20:00:00+00:00,13863.375,12983.513,12792.346817258114,13174.678858583942
2026-01-27 21:00:00+00:00,13222.825,12119.5205,11928.35445733405,12310.686498659876
2026-01-27 22:00:00+00:00,12590.375,11143.455,10952.289272509684,11334.62131383551
2026-01-27 23:00:00+00:00,11992.3,10960.189,10769.023211211923,11151.355252537749
2026-01-28 00:00:00+00:00,11613.825,10481.52,10290.353780385367,10672.685821711193
2026-01-28 01:00:00+00:00,11440.725,10643.801,10452.635237209726,10834.967278535552
2026-01-28 02:00:00+00:00,11599.05,10750.002,10558.83558678856,10941.167628114386
2026-01-28 03:00:00+00:00,11988.8,11666.197,11475.031490810445,11857.36353213627
2026-01-28 04:00:00+00:00,12734.75,12256.961,12065.794990425607,12448.127031751434
2026-01-28 05:00:00+00:00,14067.775,13647.671,13456.505335248024,13838.83737657385
2026-01-28 06:00:00+00:00,15111.95,14354.53,14163.364555629643,14545.69659695547
2026-01-28 07:00:00+00:00,15553.375,15075.176,14884.010016430708,15266.342057756534
2026-01-28 08:00:00+00:00,15812.75,15466.845,15275.67903783527,15658.011079161097
2026-01-28 09:00:00+00:00,15996.275,14928.2,14737.033968159656,15119.366009485482
2026-01-28 10:00:00+00:00,16059.65,14716.05,14524.883582601526,14907.215623927352
2026-01-28 11:00:00+00:00,15822.7,14405.404,14214.238378032438,14596.570419358264
2026-01-28 12:00:00+00:00,15637.525,14204.554,14013.387928526146,14395.719969851973
2026-01-28 13:00:00+00:00,15605.275,13908.893,13717.726057038359,14100.058098364185
2026-01-28 14:00:00+00:00,15608.725,14044.134,13852.967503843014,14235.29954516884
2026-01-28 15:00:00+00:00,15585.575,14559.504,14368.338071577393,14750.670112903219
2026-01-28 16:00:00+00:00,15991.475,15217.451,15026.284809100804,15408.61685042663
2026-01-28 17:00:00+00:00,15956.65,15451.101,15259.934414778822,15642.266456104648
2026-01-28 18:00:00+00:00,15649.625,15092.467,14901.300874698116,15283.63291602394
2026-01-28 19:00:00+00:00,14996.074999999999,14156.519,13965.352509947646,14347.684551273473
2026-01-28 20:00:00+00:00,14088.175,13092.705,12901.538931810255,13283.870973136083
2026-01-28 21:00:00+00:00,13445.725,11811.995,11620.829330468247,12003.161371794073
2026-01-28 22:00:00+00:00,12613.45,11317.718,11126.552175719928,11508.884217045754
2026-01-28 23:00:00+00:00,12195.4,10894.162,10702.996204132685,11085.328245458513
2026-01-29 00:00:00+00:00,11934.425,10776.6455,10585.479655510311,10967.811696836137
2026-01-29 01:00:00+00:00,11831.125,11293.312,11102.145661515448,11484.477702841274
2026-01-29 02:00:00+00:00,11821.475,11495.611,11304.445194759546,11686.777236085372
2026-01-29 03:00:00+00:00,12111.8,11295.626,11104.459754448206,11486.791795774032
2026-01-29 04:00:00+00:00,12720.3,12483.524,12292.358651401391,12674.690692727218
2026-01-29 05:00:00+00:00,14100.475,13998.64,13807.47388851289,14189.805929838716
2026-01-29 06:00:00+00:00,15253.125,14557.362,14366.196588124734,14748.52862945056
2026-01-29 07:00:00+00:00,15703.175,15605.446,15414.28066892523,15796.612710251055
2026-01-29 08:00:00+00:00,15907.800000000001,15656.965,15465.798642272042,15848.130683597868
2026-01-29 09:00:00+00:00,16132.8,15787.26,15596.093637600867,15978.425678926693
2026-01-29 10:00:00+00:00,16419.550000000003,14796.028,14604.862701242837,14987.194742568663
2026-01-29 11:00:00+00:00,16361.324999999999,14564.916,14373.749667361319,14756.081708687145
2026-01-29 12:00:00+00:00,16218.825,14662.241,14471.075370605236,14853.407411931063
2026-01-29 13:00:00+00:00,16036.5,14498.566,14307.400300492036,14689.732341817862
2026-01-29 14:00:00+00:00,15889.525,14585.162,14393.995613575295,14776.32765490112
2026-01-29 15:00:00+00:00,15773.825,14704.425,14513.259069078953,14895.59111040478
2026-01-29 16:00:00+00:00,16223.05,14670.548,14479.382006366372,14861.714047692198
2026-01-29 17:00:00+00:00,16202.55,14825.99,14634.824135953557,15017.156177279383
2026-01-29 18:00:00+00:00,16066.65,15311.879,15120.712742914358,15503.044784240185
2026-01-29 19:00:00+00:00,15291.900000000001,14027.305,13836.138832976118,14218.470874301944
2026-01-29 20:00:00+00:00,14655.975,13553.308,13362.141998492416,13744.474039818242
2026-01-29 21:00:00+00:00,14020.575,13412.788,13221.621903017809,13603.953944343635
2026-01-29 22:00:00+00:00,13320.2,13519.933,13328.766700251057,13711.098741576883
2026-01-29 23:00:00+00:00,12720.525,12226.931,12035.764295841138,12418.096337166964
2026-01-30 00:00:00+00:00,12410.275,11946.375,11755.208753417337,12137.540794743165
2026-01-30 01:00:00+00:00,12401.525,12404.575,12213.408764053045,12595.740805378873
2026-01-30 02:00:00+00:00,12490.925,12418.377,12227.210641964512,12609.54268329034
2026-01-30 03:00:00+00:00,12662.2,12655.819,12464.65310711613,12846.985148441956
2026-01-30 04:00:00+00:00,13269.425,13151.657,12960.491480635941,13342.823521961769
2026-01-30 05:00:00+00:00,14390.349999999999,13797.169,13606.002488414379,13988.334529740205
2026-01-30 06:00:00+00:00,15482.075,14926.518,14735.351260291067,15117.683301616893
2026-01-30 07:00:00+00:00,16044.675,15732.407,15541.240727410413,15923.57276873624
2026-01-30 08:00:00+00:00,16254.65,15873.461,15682.294772158,16064.626813483826
2026-01-30 09:00:00+00:00,16579.375,15798.283,15607.116534157716,15989.44857548354
2026-01-30 10:00:00+00:00,16712.3,15678.222,15487.055168515775,15869.387209841601
2026-01-30 11:00:00+00:00,16588.45,15522.846,15331.67922816754,15714.011269493367
2026-01-30 12:00:00+00:00,16187.5,15267.249,15076.083226961466,15458.415268287292
2026-01-30 13:00:00+00:00,15814.15,15568.683,15377.516299686036,15759.848341011862
2026-01-30 14:00:00+00:00,15642.974999999999,15670.315,15479.149307459216,15861.481348785042
2026-01-30 15:00:00+00:00,15606.15,16018.597,15827.430714095328,16209.762755421154
2026-01-30 16:00:00+00:00,16031.2,15760.899,15569.733033961737,15952.065075287563
2026-01-30 17:00:00+00:00,15994.45,15862.739,15671.572570356799,16053.904611682625
2026-01-30 18:00:00+00:00,15524.099999999999,15774.404,15583.237913252035,15965.569954577859
2026-01-30 19:00:00+00:00,14802.65,14692.994,14501.827664366929,14884.159705692755
2026-01-30 20:00:00+00:00,13943.325,13857.004,13665.837787880508,14048.169829206334
2026-01-30 21:00:00+00:00,13194.85,13075.584,12884.41752709274,13266.749568418567
2026-01-30 22:00:00+00:00,12557.5,12047.693,11856.527817214359,12238.859858540185
2026-01-30 23:00:00+00:00,12050.3,11643.701,11452.534899010596,11834.866940336422
2026-01-31 00:00:00+00:00,11823.0,11702.27,11506.415726827978,11898.123626104722
2026-01-31 01:00:00+00:00,11587.025,11750.121,11554.266880663861,11945.974779940605
2026-01-31 02:00:00+00:00,11555.875,11743.113,11547.259549898783,11938.967449175527
2026-01-31 03:00:00+00:00,11552.4,11860.174,11664.320343816229,12056.028243092973
2026-01-31 04:00:00+00:00,11669.8,11755.159,11559.30503181449,11951.012931091234
2026-01-31 05:00:00+00:00,11820.0,12006.389,11810.534533476057,12202.2424327528
2026-01-31 06:00:00+00:00,12426.25,12365.032,12169.17788252903,12560.885781805773
2026-01-31 07:00:00+00:00,13163.425,13442.895,13247.040979587877,13638.748878864622
2026-01-31 08:00:00+00:00,13975.9,13712.702,13516.848674723562,13908.556574000308
2026-01-31 09:00:00+00:00,14337.8,15055.967,14860.113105984838,15251.821005261583
2026-01-31 10:00:00+00:00,14551.4,14871.387,14675.532699266876,15067.24059854362
2026-01-31 11:00:00+00:00,14322.65,14975.871,14780.017075766824,15171.724975043568
2026-01-31 12:00:00+00:00,14084.95,14744.209,14548.354511983911,14940.062411260657
2026-01-31 13:00:00+00:00,13837.025,14497.618,14301.763659091614,14693.471558368357
2026-01-31 14:00:00+00:00,13798.15,13837.53,13641.676575387693,14033.384474664435
2026-01-31 15:00:00+00:00,13961.6,13933.623,13737.769248169916,14129.47714744666
2026-01-31 16:00:00+00:00,14372.3,14055.638,13859.783537542555,14251.491436819299
2026-01-31 17:00:00+00:00,14490.85,14354.419,14158.565173983785,14550.27307326053
2026-01-31 18:00:00+00:00,14252.15,13800.623,13604.769364766846,13996.47726404359
2026-01-31 19:00:00+00:00,13617.975,13533.934,13338.079501221953,13729.787400498699
2026-01-31 20:00:00+00:00,13062.65,13049.391,12853.536855847038,13245.244755123782
2026-01-31 21:00:00+00:00,12734.9,12649.806,12453.951283027734,12845.65918230448
2026-01-31 22:00:00+00:00,12314.375,12542.237,12346.383249965009,12738.091149241753
2026-01-31 23:00:00+00:00,11824.025,12487.953,12292.0996013477,12683.807500624443
2026-02-01 00:00:00+00:00,11521.325,11863.03,11667.176432222408,12058.884331499152
2026-02-01 01:00:00+00:00,11325.3,11751.805,11555.950839531812,11947.658738808555
2026-02-01 02:00:00+00:00,11233.25,11631.716,11435.86210472486,11827.570004001604
2026-02-01 03:00:00+00:00,11156.25,11701.586,11505.732071669743,11897.439970946487
2026-02-01 04:00:00+00:00,11140.0,11562.783,11366.929491699373,11758.637390976117
2026-02-01 05:00:00+00:00,11134.2,11513.828,11317.973764067778,11709.681663344521
2026-02-01 06:00:00+00:00,11511.2,12429.041,12233.187539410443,12624.895438687188
2026-02-01 07:00:00+00:00,12395.625,13079.982,12884.12822559994,13275.836124876685
2026-02-01 08:00:00+00:00,13205.8,13436.439,13240.585026791432,13632.292926068176
2026-02-01 09:00:00+00:00,13980.175,14222.855,14027.000982938993,14418.708882215738
2026-02-01 10:00:00+00:00,14577.7,14612.332,14416.478253462004,14808.186152738748
2026-02-01 11:00:00+00:00,14329.925,14720.796,14524.94194520404,14916.649844480784
2026-02-01 12:00:00+00:00,13860.35,14400.248,14204.394057142825,14596.101956419569
2026-02-01 13:00:00+00:00,13607.825,13818.063,13622.209205685502,14013.917104962246
2026-02-01 14:00:00+00:00,13511.525,12952.303,12756.448956209042,13148.156855485786
2026-02-01 15:00:00+00:00,13667.475,12976.7,12780.846514395365,13172.55441367211
2026-02-01 16:00:00+00:00,14350.925,13379.858,13184.004145300942,13575.712044577685
2026-02-01 17:00:00+00:00,14584.8,13695.663,13499.809153600625,13891.517052877369
2026-02-01 18:00:00+00:00,14233.7,13658.365,13462.511631178953,13854.219530455699
2026-02-01 19:00:00+00:00,13724.975,13302.067,13106.213251997528,13497.921151274273
2026-02-01 20:00:00+00:00,13298.849999999999,13334.006,13138.152175517322,13529.860074794065
2026-02-01 21:00:00+00:00,13055.6,12989.058,12793.20354490777,13184.911444184516
2026-02-01 22:00:00+00:00,12627.849999999999,12511.93,12316.075800203587,12707.783699480331
2026-02-01 23:00:00+00:00,12157.15,12365.622,12169.768013046069,12561.475912322812
2026-02-02 00:00:00+00:00,11891.15,11996.546,11800.692438157555,12192.4003374343
2026-02-02 01:00:00+00:00,11963.875,11673.392,11477.537534952264,11869.245434229008
2026-02-02 02:00:00+00:00,12092.05,12315.716,12119.862293558343,12511.570192835086
2026-02-02 03:00:00+00:00,12233.225,12696.167,12500.312864460393,12892.020763737137
2026-02-02 04:00:00+00:00,12781.125,13094.947,12899.093362326888,13290.801261603632
2026-02-02 05:00:00+00:00,14121.15,14368.736,14172.882293041415,14564.59019231816
2026-02-02 06:00:00+00:00,15321.574999999999,15331.49,15135.636389749321,15527.344289026063
2026-02-02 07:00:00+00:00,16034.625,15901.65,15705.796635342784,16097.504534619527
2026-02-02 08:00:00+00:00,16491.7,16172.748,15976.893655911437,16368.60155518818
2026-02-02 09:00:00+00:00,16709.375,15850.861,15655.006971078863,16046.714870355605
2026-02-02 10:00:00+00:00,16730.825,16451.365,16255.51168464213,16647.21958391887
2026-02-02 11:00:00+00:00,16728.475,16522.014,16326.159485317927,16717.86738459467
2026-02-02 12:00:00+00:00,16501.4,15846.126,15650.271824767928,16041.979724044671
2026-02-02 13:00:00+00:00,16301.825,15465.355,15269.5017372562,15661.209636532942
2026-02-02 14:00:00+00:00,16130.125,14836.25,14640.395766469932,15032.103665746676
2026-02-02 15:00:00+00:00,16121.35,14879.866,14684.011972939914,15075.719872216658
2026-02-02 16:00:00+00:00,16588.9,15612.7,15416.846261702854,15808.554160979598
2026-02-02 17:00:00+00:00,16562.6,16376.499,16180.645059210103,16572.352958486845
2026-02-02 18:00:00+00:00,16237.65,15397.685,15201.830632697762,15593.538531974506
2026-02-02 19:00:00+00:00,15454.3,14845.48,14649.626094668798,15041.333993945544
2026-02-02 20:00:00+00:00,14592.375,14087.772,13891.918071871618,14283.625971148362
2026-02-02 21:00:00+00:00,14006.0,13358.452,13162.598636405963,13554.306535682706
2026-02-02 22:00:00+00:00,13382.9,12223.559,12027.704468677264,12419.412367954008
2026-02-02 23:00:00+00:00,12860.6,11954.122,11758.2684909428,12149.976390219545
2026-02-03 00:00:00+00:00,12496.95,11427.832,11231.977836053655,11623.685735330399
2026-02-03 01:00:00+00:00,12367.55,11562.219,11366.364381169567,11758.072280446311
2026-02-03 02:00:00+00:00,12417.325,11509.709,11313.85497661277,11705.562875889515
2026-02-03 03:00:00+00:00,12660.425,11212.208,11016.353993904388,11408.061893181131
2026-02-03 04:00:00+00:00,13407.025,11976.094,11780.239423117428,12171.947322394171
2026-02-03 05:00:00+00:00,14780.3,13816.679,13620.824463119407,14012.53236239615
2026-02-03 06:00:00+00:00,15689.275,13808.14,13612.28559638587,14003.993495662613
2026-02-03 07:00:00+00:00,16517.525,15698.419,15502.565192869693,15894.273092146435
2026-02-03 08:00:00+00:00,16822.95,15421.398,15225.54412168771,15617.252020964454
2026-02-03 09:00:00+00:00,17072.2,15405.396,15209.542020217197,15601.249919493941
2026-02-03 10:00:00+00:00,17133.300000000003,15297.153,15101.299641634952,15493.007540911696
2026-02-03 11:00:00+00:00,17043.275,15097.508,14901.654245695543,15293.362144972287
2026-02-03 12:00:00+00:00,16747.025,14271.592,14075.73741606886,14467.445315345603
2026-02-03 13:00:00+00:00,16548.55,15119.409,14923.555605246582,15315.263504523326
2026-02-03 14:00:00+00:00,16160.95,15099.33,14903.475700766056,15295.183600042801
2026-02-03 15:00:00+00:00,16149.825,15380.604,15184.749942323106,15576.45784159985
2026-02-03 16:00:00+00:00,16567.025,15795.042,15599.18828938124,15990.896188657984
2026-02-03 17:00:00+00:00,16706.025,16283.323,16087.46926203031,16479.177161307056
2026-02-03 18:00:00+00:00,16464.65,15783.693,15587.838768263795,15979.546667540537
2026-02-03 19:00:00+00:00,15745.775,15126.714,14930.860076791847,15322.56797606859
2026-02-03 20:00:00+00:00,14764.9,13940.734,13744.880838359062,14136.588737635806
2026-02-03 21:00:00+00:00,14014.2,12950.763,12754.909089722107,13146.61698899885
2026-02-03 22:00:00+00:00,13343.55,13031.366,12835.511774681576,13227.21967395832
2026-02-03 23:00:00+00:00,12822.25,11997.576,11801.722266518398,12193.430165795142
2026-02-04 00:00:00+00:00,12648.925,11995.025,11799.171649410884,12190.879548687628
2026-02-04 01:00:00+00:00,12731.975,12450.404,12254.550457463522,12646.258356740265
2026-02-04 02:00:00+00:00,12700.875,12880.745,12684.890882906846,13076.598782183592
2026-02-04 03:00:00+00:00,12997.85,12900.888,12705.033678537096,13096.74157781384
2026-02-04 04:00:00+00:00,13672.349999999999,13891.376,13695.52231736483,14087.230216641574
2026-02-04 05:00:00+00:00,14745.25,15578.244,15382.390554921918,15774.098454198662
2026-02-04 06:00:00+00:00,15671.2,16056.097,15860.242741983693,16251.950641260435
2026-02-04 07:00:00+00:00,16286.875,16226.988,16031.133803869128,16422.84170314587
2026-02-04 08:00:00+00:00,16685.75,16274.685,16078.830542802274,16470.538442079018
2026-02-04 09:00:00+00:00,16812.6,16165.124,15969.269838347314,16360.977737624058
2026-02-04 10:00:00+00:00,16980.75,16613.652,16417.79723564622,16809.50513492296
2026-02-04 11:00:00+00:00,16845.3,16536.57,16340.716113889699,16732.42401316644
2026-02-04 12:00:00+00:00,16633.65,15931.051,15735.196939976213,16126.904839252955
2026-02-04 13:00:00+00:00,16400.8,15786.223,15590.368061518555,15982.075960795297
2026-02-04 14:00:00+00:00,16111.15,16232.734,16036.879757664248,16428.587656940992
2026-02-04 15:00:00+00:00,15996.525,15796.212,15600.35740514828,15992.065304425021
2026-02-04 16:00:00+00:00,16521.9,15966.324,15770.470117976358,16162.178017253102
2026-02-04 17:00:00+00:00,16502.3,15818.133,15622.279008143532,16013.986907420276
2026-02-04 18:00:00+00:00,16172.825,15394.771,15198.917623820631,15590.625523097373
2026-02-04 19:00:00+00:00,15498.925,14911.266,14715.411147098777,15107.119046375521
2026-02-04 20:00:00+00:00,14638.05,14568.229,14372.37461214985,14764.082511426594
2026-02-04 21:00:00+00:00,13988.8,13529.654,13333.800173587508,13725.508072864252
2026-02-04 22:00:00+00:00,13334.575,12520.467,12324.612562983652,12716.320462260395
2026-02-04 23:00:00+00:00,12765.9,12214.196,12018.342785545427,12410.05068482217
2026-02-05 00:00:00+00:00,12705.699999999999,11809.041,11613.187550329678,12004.895449606423
2026-02-05 01:00:00+00:00,12737.575,11986.332,11790.477943074544,12182.185842351288
2026-02-05 02:00:00+00:00,12881.625,12033.129,11837.27507130767,12228.982970584413
2026-02-05 03:00:00+00:00,13053.625,12348.794,12152.9395696336,12544.647468910343
2026-02-05 04:00:00+00:00,13580.125,12979.072,12783.21840918499,13174.926308461734
2026-02-05 05:00:00+00:00,14690.525,13737.859,13542.005589522387,13933.71348879913
2026-02-05 06:00:00+00:00,15720.6,16166.622,15970.767853219244,16362.475752495986
2026-02-05 07:00:00+00:00,16199.575,16045.182,15849.327203917514,16241.035103194255
2026-02-05 08:00:00+00:00,16621.825,16294.863,16099.009389959581,16490.717289236323
2026-02-05 09:00:00+00:00,16836.625,16377.663,16181.809170979694,16573.517070256436
2026-02-05 10:00:00+00:00,16908.175,16483.205,16287.351210576282,16679.059109853024
2026-02-05 11:00:00+00:00,16902.0,16535.924,16340.06923349253,16731.77713276927
2026-02-05 12:00:00+00:00,16473.425,16168.55,15972.695302053851,16364.403201330595
2026-02-05 13:00:00+00:00,16132.925,15863.669,15667.814929997523,16059.522829274267
2026-02-05 14:00:00+00:00,15907.05,15712.45,15516.596401709587,15908.304300986329
2026-02-05 15:00:00+00:00,15789.7,15556.118,15360.264242940217,15751.97214221696
2026-02-05 16:00:00+00:00,16123.35,15972.676,15776.821555462502,16168.529454739244
2026-02-05 17:00:00+00:00,16238.075,16241.701,16045.846921088316,16437.55482036506
2026-02-05 18:00:00+00:00,15868.6,16149.342,15953.488140218877,16345.196039495619
2026-02-05 19:00:00+00:00,15037.325,15739.524,15543.670757348125,15935.378656624867
2026-02-05 20:00:00+00:00,14169.775,14477.217,14281.362588956797,14673.070488233541
2026-02-05 21:00:00+00:00,13561.825,14319.32,14123.466680985408,14515.174580262152
2026-02-05 22:00:00+00:00,13003.575,13188.077,12992.223327439158,13383.931226715902
2026-02-05 23:00:00+00:00,12368.925,12807.834,12611.9801381131,13003.688037389844
2026-02-06 00:00:00+00:00,12016.224999999999,11857.91,11662.056603607776,12053.76450288452
2026-02-06 01:00:00+00:00,11870.75,11685.039,11489.185266485449,11880.893165762192
2026-02-06 02:00:00+00:00,11945.5,11690.1045,11494.250421296925,11885.958320573669
2026-02-06 03:00:00+00:00,12152.5,12408.139,12212.28521657687,12603.993115853615
2026-02-06 04:00:00+00:00,12821.05,12679.532,12483.677984767332,12875.385884044075
2026-02-06 05:00:00+00:00,13963.225,14078.662,13882.807612157038,14274.515511433781
2026-02-06 06:00:00+00:00,14895.55,14951.697,14755.84344646623,15147.551345742973
2026-02-06 07:00:00+00:00,15410.25,15638.217,15442.363009408966,15834.07090868571
2026-02-06 08:00:00+00:00,15733.0,15854.854,15658.999706132283,16050.707605409027
2026-02-06 09:00:00+00:00,15956.224999999999,15716.397,15520.543645877131,15912.251545153875
2026-02-06 10:00:00+00:00,16044.725,15869.8125,15673.95801922635,16065.665918503093
2026-02-06 11:00:00+00:00,16040.85,15662.64,15466.785246400876,15858.493145677621
2026-02-06 12:00:00+00:00,15647.675,15454.702,15258.848226692671,15650.556125969415
2026-02-06 13:00:00+00:00,15363.75,15394.494,15198.64035687121,15590.348256147954
2026-02-06 14:00:00+00:00,15275.725,15370.295,15174.440797765667,15566.14869704241
2026-02-06 15:00:00+00:00,15174.325,15547.882,15352.02811805219,15743.736017328934
2026-02-06 16:00:00+00:00,15513.2,15863.231,15667.377762584245,16059.085661860989
2026-02-06 17:00:00+00:00,15578.85,15744.158,15548.304458983554,15940.012358260297
2026-02-06 18:00:00+00:00,15229.4,15945.392,15749.537941748928,16141.245841025671
2026-02-06 19:00:00+00:00,14304.75,15074.066,14878.21279220314,15269.920691479881
2026-02-06 20:00:00+00:00,13455.75,14324.998,14129.143716088423,14520.851615365169
2026-02-06 21:00:00+00:00,12754.725,13445.783,13249.929423386637,13641.63732266338
2026-02-06 22:00:00+00:00,12180.575,12709.161,12513.307222283935,12905.015121560678
2026-02-06 23:00:00+00:00,11667.3,11994.068,11798.214606467443,12189.922505744187
2026-02-07 00:00:00+00:00,11264.05,11662.869,11471.507787900828,11854.231104581708
2026-02-07 01:00:00+00:00,10955.65,11788.457,11597.09521576828,11979.81853244916
2026-02-07 02:00:00+00:00,11013.3,11661.786,11470.42494488806,11853.14826156894
2026-02-07 03:00:00+00:00,11054.375,11446.043,11254.681124081268,11637.404440762148
2026-02-07 04:00:00+00:00,11088.85,11853.383,11662.02131497749,12044.74463165837
2026-02-07 05:00:00+00:00,11161.6,12539.883,12348.52093300995,12731.24424969083
2026-02-07 06:00:00+00:00,11684.05,12455.197,12263.835270452199,12646.55858713308
2026-02-07 07:00:00+00:00,12411.7,13369.059,13177.696559110036,13560.419875790918
2026-02-07 08:00:00+00:00,13170.9,13953.815,13762.453578982058,14145.176895662938
2026-02-07 09:00:00+00:00,13789.075,14254.813,14063.451986292075,14446.175302972955
2026-02-07 10:00:00+00:00,14131.025,13576.042,13384.680431031906,13767.403747712786
2026-02-07 11:00:00+00:00,13927.025,13606.657,13415.295797227107,13798.019113907987
2026-02-07 12:00:00+00:00,13482.125,13393.625,13202.263343391822,13584.986660072702
2026-02-07 13:00:00+00:00,13127.825,13397.342,13205.980517404045,13588.703834084925
2026-02-07 14:00:00+00:00,13178.425,13408.851,13217.489256622059,13600.212573302939
2026-02-07 15:00:00+00:00,13148.475,13613.814,13422.452878302132,13805.176194983012
2026-02-07 16:00:00+00:00,13632.675,14217.134,14025.772340429037,14408.495657109917
2026-02-07 17:00:00+00:00,13849.225,13922.672,13731.310291056254,14114.033607737134
2026-02-07 18:00:00+00:00,13575.175,13892.598,13701.236038948558,14083.959355629439
2026-02-07 19:00:00+00:00,12900.1,13164.482,12973.120292323207,13355.843609004087
2026-02-07 20:00:00+00:00,12265.875,12810.41,12619.048692005459,13001.77200868634
2026-02-07 21:00:00+00:00,12027.9,11968.286,11776.924426422136,12159.647743103016
2026-02-07 22:00:00+00:00,11515.525,11288.821,11097.459248879557,11480.182565560437
2026-02-07 23:00:00+00:00,10931.575,11589.264,11397.901778888008,11780.62509556889
2026-02-08 00:00:00+00:00,10380.675,10912.478,10721.115822608908,11103.83913928979
2026-02-08 01:00:00+00:00,10256.05,10928.56,10737.197817447744,11119.921134128625
2026-02-08 02:00:00+00:00,10372.9,10929.4375,10738.075620954347,11120.798937635227
2026-02-08 03:00:00+00:00,10433.875,10987.573,10796.211608378542,11178.934925059422
2026-02-08 04:00:00+00:00,10397.35,10969.323,10777.961461055203,11160.684777736084
2026-02-08 05:00:00+00:00,10391.225,11678.578,11487.216522024597,11869.939838705477
2026-02-08 06:00:00+00:00,10803.025,12099.946,11908.584887554165,12291.308204235045
2026-02-08 07:00:00+00:00,11590.375,12590.101,12398.739288610865,12781.462605291745
2026-02-08 08:00:00+00:00,12313.675,13537.59,13346.228577381105,13728.951894061986
2026-02-08 09:00:00+00:00,12963.275000000001,13846.676,13655.314126927902,14038.03744360878
2026-02-08 10:00:00+00:00,13607.575,13991.366,13800.004485638065,14182.727802318945
2026-02-08 11:00:00+00:00,13434.525,14361.226,14169.8635841722,14552.58690085308
2026-02-08 12:00:00+00:00,13035.875,13902.523,13711.161467883625,14093.884784564505
2026-02-08 13:00:00+00:00,12630.275,13313.588,13122.22622387102,13504.9495405519
2026-02-08 14:00:00+00:00,12590.375,13387.529,13196.16733722988,13578.89065391076
2026-02-08 15:00:00+00:00,12801.35,13298.99,13107.628198593098,13490.351515273978
2026-02-08 16:00:00+00:00,13471.775,13978.614,13787.25270796346,14169.97602464434
2026-02-08 17:00:00+00:00,13834.4,13979.719,13788.356544309267,14171.079860990147
2026-02-08 18:00:00+00:00,13582.725,13729.382,13538.020199328286,13920.743516009166
2026-02-08 19:00:00+00:00,13018.0,13642.802,13451.439670782938,13834.162987463818
2026-02-08 20:00:00+00:00,12516.675,12925.752,12734.39003705602,13117.1133537369
2026-02-08 21:00:00+00:00,12378.6,12300.662,12109.300456583831,12492.023773264711
2026-02-08 22:00:00+00:00,11901.35,11659.239,11467.877350436673,11850.600667117553
2026-02-08 23:00:00+00:00,11457.55,11202.977,11011.614592276876,11394.337908957756
2026-02-09 00:00:00+00:00,11260.5,10656.818,10465.456816525895,10848.180133206775
2026-02-09 01:00:00+00:00,11167.625,10786.085,10594.722978607004,10977.446295287884
2026-02-09 02:00:00+00:00,11211.05,10808.94,10617.578623216526,11000.301939897407
2026-02-09 03:00:00+00:00,11515.75,11510.126,11318.76453306141,11701.48784974229
2026-02-09 04:00:00+00:00,12263.375,12273.862,12082.500297259914,12465.223613940794
2026-02-09 05:00:00+00:00,13624.225,13421.943,13230.581988486312,13613.30530516719
2026-02-09 06:00:00+00:00,14572.3,13726.674,13535.312354346459,13918.03567102734
2026-02-09 07:00:00+00:00,15140.1,14433.306,14241.943892844263,14624.667209525143
2026-02-09 08:00:00+00:00,15385.2,15260.478,15069.116043466722,15451.839360147602
2026-02-09 09:00:00+00:00,15604.775,15438.791,15247.428943382985,15630.152260063865
2026-02-09 10:00:00+00:00,15763.75,15639.829,15448.467042793518,15831.190359474398
2026-02-09 11:00:00+00:00,15656.925,15428.569,15237.20714132643,15619.93045800731
2026-02-09 12:00:00+00:00,15268.8,15085.04,14893.678394992314,15276.401711673194
2026-02-09 13:00:00+00:00,15082.875,15315.56,15124.197772813137,15506.921089494017
2026-02-09 14:00:00+00:00,14887.925,14944.349,14752.987367514024,15135.710684194904
2026-02-09 15:00:00+00:00,14667.55,14704.535,14513.173519345248,14895.896836026128
2026-02-09 16:00:00+00:00,15156.225,14390.101,14198.73915143704,14581.46246811792
2026-02-09 17:00:00+00:00,15359.275,14862.461,14671.099223846886,15053.822540527766
2026-02-09 18:00:00+00:00,15082.25,14530.322,14338.960940427507,14721.684257108387
2026-02-09 19:00:00+00:00,14446.9,13756.457,13565.095464784543,13947.818781465423
2026-02-09 20:00:00+00:00,13680.075,13286.425,13095.063388459448,13477.78670514033
2026-02-09 21:00:00+00:00,13053.475,12860.151,12668.789563895487,13051.512880576369
2026-02-09 22:00:00+00:00,12441.55,11870.747,11679.384972878202,12062.108289559083
2026-02-09 23:00:00+00:00,11649.5,11593.53,11402.168560989085,11784.891877669965
2026-02-10 00:00:00+00:00,11217.05,11550.6875,11359.32545790868,11742.04877458956
2026-02-10 01:00:00+00:00,11191.050000000001,11119.218,10927.856318291335,11310.579634972217
2026-02-10 02:00:00+00:00,11275.6,11328.839,11137.4773537311,11520.20067041198
2026-02-10 03:00:00+00:00,11514.15,11582.973,11391.610723444917,11774.334040125797
2026-02-10 04:00:00+00:00,12155.725,12281.753,12090.391601232994,12473.114917913874
2026-02-10 05:00:00+00:00,13433.5,13652.441,13461.079871863558,13843.803188544438
2026-02-10 06:00:00+00:00,14455.225,14504.423,14313.060932007882,14695.784248688762
2026-02-10 07:00:00+00:00,14965.675,15457.043,15265.681251523403,15648.404568204282
2026-02-10 08:00:00+00:00,15092.324999999999,15414.746,15223.384508198282,15606.107824879162
2026-02-10 09:00:00+00:00,15376.9,15290.099,15098.737206351083,15481.460523031963
2026-02-10 10:00:00+00:00,15561.525000000001,15452.098,15260.735482410859,15643.458799091739
2026-02-10 11:00:00+00:00,15183.275,14821.252,14629.890622511943,15012.613939192823
2026-02-10 12:00:00+00:00,14664.75,14690.733,14499.372039479033,14882.095356159913
2026-02-10 13:00:00+00:00,14409.95,14225.867,14034.504998336412,14417.228315017292
2026-02-10 14:00:00+00:00,14463.2,14197.199,14005.83732442003,14388.56064110091
2026-02-10 15:00:00+00:00,14215.2,14197.409,14006.047719767212,14388.771036448092
2026-02-10 16:00:00+00:00,14855.725,14584.044,14392.681809922911,14775.405126603791
2026-02-10 17:00:00+00:00,15128.475,14360.521,14169.159385258827,14551.882701939705
2026-02-10 18:00:00+00:00,14918.725,14226.337,14034.97491918752,14417.6982358684
2026-02-10 19:00:00+00:00,14301.45,13710.956,13519.594570912677,13902.317887593557
2026-02-10 20:00:00+00:00,13299.75,13032.619,12841.257339885418,13223.980656566298
2026-02-10 21:00:00+00:00,12609.125,12570.476,12379.114122398287,12761.837439079167
2026-02-10 22:00:00+00:00,11933.075,11823.765,11632.40310900071,12015.126425681592
2026-02-10 23:00:00+00:00,11375.825,11262.388,11071.026257868276,11453.749574549156
2026-02-11 00:00:00+00:00,10998.325,11123.364,10932.002300766555,11314.725617447435
2026-02-11 01:00:00+00:00,10740.0,10364.163,10172.801892594574,10555.525209275454
2026-02-11 02:00:00+00:00,10956.7,10821.481,10630.119948680342,11012.843265361222
2026-02-11 03:00:00+00:00,11221.775,11362.454,11171.092189918403,11553.815506599285
2026-02-11 04:00:00+00:00,11878.75,12244.44,12053.079009955376,12435.802326636256
2026-02-11 05:00:00+00:00,13123.875,13137.404,12946.0430935043,13328.76641018518
2026-02-11 06:00:00+00:00,14244.65,14487.596,14296.23362586756,14678.95694254844
2026-02-11 07:00:00+00:00,14475.175,15274.122,15082.760352322231,15465.483669003112
2026-02-11 08:00:00+00:00,14635.05,15126.229,14934.866525428613,15317.589842109493
2026-02-11 09:00:00+00:00,15021.85,14972.167,14780.805271682224,15163.528588363102
2026-02-11 10:00:00+00:00,15243.2,15031.401,14840.039864000346,15222.763180681226
2026-02-11 11:00:00+00:00,15033.95,15206.279,15014.917747124038,15397.641063804918
2026-02-11 12:00:00+00:00,14850.45,14998.678,14807.315540335887,15190.038857016767
2026-02-11 13:00:00+00:00,14690.05,14026.747,13835.385704492168,14218.109021173048
2026-02-11 14:00:00+00:00,14552.825,14019.271,13827.909504852716,14210.632821533596
2026-02-11 15:00:00+00:00,14577.575,14247.361,14055.999896822139,14438.723213503019
2026-02-11 16:00:00+00:00,15098.0,14917.868,14726.505985572892,15109.229302253772
2026-02-11 17:00:00+00:00,15319.725,14934.169,14742.806734709187,15125.530051390067
2026-02-11 18:00:00+00:00,15006.7,14954.256,14762.893690277024,15145.617006957904
2026-02-11 19:00:00+00:00,14265.825,13865.452,13674.090490073622,14056.813806754502
2026-02-11 20:00:00+00:00,13458.074999999999,12128.374,11937.01202841147,12319.73534509235
2026-02-11 21:00:00+00:00,12793.175,12397.415,12206.053543301772,12588.776859982652
2026-02-11 22:00:00+00:00,12023.95,10654.1,10462.737940004243,10845.461256685123
2026-02-11 23:00:00+00:00,11361.2,11088.775,10897.413703735252,11280.137020416132
2026-02-12 00:00:00+00:00,10944.25,10495.649,10304.288180497302,10687.011497178182
2026-02-12 01:00:00+00:00,10500.025,10297.94,10106.578649206385,10489.301965887265
2026-02-12 02:00:00+00:00,10199.7675,10330.131,10138.768909870649,10521.492226551529
2026-02-12 03:00:00+00:00,11416.474999999999,11188.205,10996.842962405728,11379.566279086608
2026-02-12 04:00:00+00:00,11988.75,11932.097,11740.734919821409,12123.458236502289
2026-02-12 05:00:00+00:00,13269.725,13360.503,13169.14097447594,13551.86429115682
2026-02-12 06:00:00+00:00,14342.95,13960.306,13768.944218578985,14151.667535259865
2026-02-12 07:00:00+00:00,14725.2,15221.589,15030.227022402645,15412.950339083525
2026-02-12 08:00:00+00:00,14836.85,15413.948,15222.58637060557,15605.30968728645
2026-02-12 09:00:00+00:00,15053.275,14786.444,14595.083043728748,14977.806360409628
2026-02-12 10:00:00+00:00,15221.0,14945.98,14754.618898136003,15137.342214816883
2026-02-12 11:00:00+00:00,15163.925000000001,14697.34,14505.977998471659,14888.701315152539
2026-02-12 12:00:00+00:00,14955.275,14306.514,14115.151468273536,14497.874784954416
2026-02-12 13:00:00+00:00,14854.25,13997.67,13806.308612602896,14189.031929283776
2026-02-12 14:00:00+00:00,14730.15,14333.55,14142.188293931227,14524.911610612107
2026-02-12 15:00:00+00:00,14587.4,14431.38,14240.018491099521,14622.741807780401
2026-02-12 16:00:00+00:00,14906.125,14666.928,14475.566431445184,14858.289748126064
2026-02-12 17:00:00+00:00,15019.775,14807.208,14615.845993860716,14998.569310541596
2026-02-12 18:00:00+00:00,14661.0,15032.927,14841.5651734038,15224.28849008468
2026-02-12 19:00:00+00:00,13934.775,13227.164,13035.802070245873,13418.525386926753
2026-02-12 20:00:00+00:00,13144.175000000001,12727.729,12536.366618652553,12919.089935333433
2026-02-12 21:00:00+00:00,12461.725,11743.603,11552.241244941291,11934.964561622171
2026-02-12 22:00:00+00:00,11836.125,10877.854,10686.492254459086,11069.215571139966
2026-02-12 23:00:00+00:00,11381.325,10718.174,10526.811852761959,10909.53516944284
2026-02-13 00:00:00+00:00,11045.525,10341.849,10150.487020890912,10533.210337571792
2026-02-13 01:00:00+00:00,10954.35,10305.816,10114.454372551052,10497.177689231932
2026-02-13 02:00:00+00:00,10998.474999999999,10644.165,10452.80364034643,10835.52695702731
2026-02-13 03:00:00+00:00,11294.75,10839.619,10648.257506061134,11030.980822742016
2026-02-13 04:00:00+00:00,11923.224999999999,11319.549,11128.187517767145,11510.910834448025
2026-02-13 05:00:00+00:00,13162.075,12117.473,11926.111417042219,12308.834733723099
2026-02-13 06:00:00+00:00,14247.175,13410.479,13219.116465609879,13601.83978229076
2026-02-13 07:00:00+00:00,14748.95,13841.131,13649.769015393927,14032.492332074808
2026-02-13 08:00:00+00:00,15202.825,15002.938,14811.577126524842,15194.300443205722
2026-02-13 09:00:00+00:00,15549.475,15159.734,14968.372837421297,15351.096154102177
2026-02-13 10:00:00+00:00,15684.3,14998.749,14807.387643390002,15190.110960070882
2026-02-13 11:00:00+00:00,15578.3,15019.916,14828.55387022527,15211.277186906149
2026-02-13 12:00:00+00:00,15119.15,14654.88,14463.518170320669,14846.24148700155
2026-02-13 13:00:00+00:00,14855.25,14271.199,14079.837121021672,14462.560437702552
2026-02-13 14:00:00+00:00,14616.575,14192.442,14001.080569938305,14383.803886619186
2026-02-13 15:00:00+00:00,14611.125,14469.281,14277.91922266792,14660.6425393488
2026-02-13 16:00:00+00:00,15056.9,14736.648,14545.28644550352,14928.0097621844
2026-02-13 17:00:00+00:00,15158.875,15036.324,14844.962205306663,15227.685521987543
2026-02-13 18:00:00+00:00,14701.35,14810.269,14618.906848116949,15001.630164797829
2026-02-13 19:00:00+00:00,13968.15,14012.936,13821.574216631061,14204.29753331194
2026-02-13 20:00:00+00:00,13139.475,13102.073,12910.711232261374,13293.434548942254
2026-02-13 21:00:00+00:00,12571.525,12551.565,12360.20395918448,12742.92727586536
2026-02-13 22:00:00+00:00,11907.625,12082.494,11891.132337619267,12273.855654300149
2026-02-13 23:00:00+00:00,11476.875,11528.048,11336.685937654778,11719.409254335658
2026-02-14 00:00:00+00:00,11101.65,11248.785,11059.614715575457,11437.955804315718
2026-02-14 01:00:00+00:00,10823.0,11314.704,11125.53317002827,11503.87425876853
2026-02-14 02:00:00+00:00,10814.5,11274.041,11084.870430892046,11463.211519632307
2026-02-14 03:00:00+00:00,10798.775,11308.717,11119.546512583252,11497.887601323513
2026-02-14 04:00:00+00:00,10771.15,11378.819,11189.648877537384,11567.989966277644
2026-02-14 05:00:00+00:00,10821.425,11332.765,11143.594274288986,11521.935363029246
2026-02-14 06:00:00+00:00,11417.65,11894.542,11705.371203546807,12083.712292287068
2026-02-14 07:00:00+00:00,12296.5,12274.436,12085.264539528667,12463.605628268928
2026-02-14 08:00:00+00:00,13175.9,12823.943,12634.77288961531,13013.11397835557
2026-02-14 09:00:00+00:00,13728.1,13114.311,12925.140304350307,13303.481393090568
2026-02-14 10:00:00+00:00,14039.9,13652.01,13462.839049872466,13841.180138612726
2026-02-14 11:00:00+00:00,13696.775,13128.707,12939.53623636772,13317.87732510798
2026-02-14 12:00:00+00:00,13254.6,13028.083,12838.912102716076,13217.253191456337
2026-02-14 13:00:00+00:00,12842.775,13197.62,13008.449469565026,13386.790558305287
2026-02-14 14:00:00+00:00,12792.325,13003.2,12814.029270504661,13192.37035924492
2026-02-14 15:00:00+00:00,12941.325,12614.772,12425.601872764084,12803.942961504345
2026-02-14 16:00:00+00:00,13458.625,13029.265,12840.094410840018,13218.435499580279
2026-02-14 17:00:00+00:00,13746.6,12843.18,12654.009051890032,13032.350140630291
2026-02-14 18:00:00+00:00,13310.4,13055.762,12866.590691046276,13244.931779786537
2026-02-14 19:00:00+00:00,12641.2,12762.52,12573.348707232713,12951.689795972974
2026-02-14 20:00:00+00:00,12107.475,12454.702,12265.531216129739,12643.87230487
2026-02-14 21:00:00+00:00,11859.7,12209.061,12019.890440388981,12398.23152912924
2026-02-14 22:00:00+00:00,11427.75,12069.678,11880.50707685703,12258.848165597288
2026-02-14 23:00:00+00:00,10966.3,11268.884,11079.71341347821,11458.05450221847
2026-02-15 00:00:00+00:00,10657.175,10765.741,10576.570795867561,10954.911884607822
2026-02-15 01:00:00+00:00,10606.95,10769.153,10579.983010353586,10958.324099093847
2026-02-15 02:00:00+00:00,10556.15,10974.504,10785.333190836398,11163.674279576659
2026-02-15 03:00:00+00:00,10531.050000000001,10791.264,10602.093229934408,10980.434318674668
2026-02-15 04:00:00+00:00,10472.525,11683.178,11494.006959970187,11872.348048710448
2026-02-15 05:00:00+00:00,10406.7,11467.274,11278.104213432838,11656.445302173099
2026-02-15 06:00:00+00:00,10838.724999999999,12570.854,12381.683095039412,12760.024183779673
2026-02-15 07:00:00+00:00,11813.525,12788.5,12599.329803156414,12977.670891896674
2026-02-15 08:00:00+00:00,12416.075,13204.377,13015.206799480407,13393.547888220668
2026-02-15 09:00:00+00:00,12960.275,12402.556,12213.384956785358,12591.726045525618
2026-02-15 10:00:00+00:00,13316.85,12360.947,12171.77660429077,12550.11769303103
2026-02-15 11:00:00+00:00,13003.849999999999,12418.939,12229.76935228806,12608.11044102832
2026-02-15 12:00:00+00:00,12631.65,12858.004,12668.832939416332,13047.17402815659
2026-02-15 13:00:00+00:00,12037.525,12513.951,12324.780251804128,12703.121340544389
2026-02-15 14:00:00+00:00,12066.925,13379.191,13190.020654182228,13568.361742922489
2026-02-15 15:00:00+00:00,12164.5,13354.832,13165.661080885611,13544.002169625872
2026-02-15 16:00:00+00:00,13011.325,13635.894,13446.72344864169,13825.06453738195
2026-02-15 17:00:00+00:00,13820.35,13465.99,13276.819880161429,13655.16096890169
2026-02-15 18:00:00+00:00,13587.575,13574.949,13385.778740196236,13764.119828936497
2026-02-15 19:00:00+00:00,13185.45,12710.063,12520.893280455191,12899.234369195452
2026-02-15 20:00:00+00:00,12969.0,12188.367,11999.196238358294,12377.537327098555
2026-02-15 21:00:00+00:00,12864.2,12197.858,12008.687627378487,12387.028716118748
2026-02-15 22:00:00+00:00,12358.175,11960.757,11771.586201711929,12149.92729045219
2026-02-15 23:00:00+00:00,11893.85,11675.399,11486.228779091505,11864.569867831764
2026-02-16 00:00:00+00:00,11794.15,11453.694,11264.523407010833,11642.864495751093
2026-02-16 01:00:00+00:00,11698.425,11426.691,11237.52047206312,11615.861560803382
2026-02-16 02:00:00+00:00,11947.35,12009.684,11820.51278674476,12198.85387548502
2026-02-16 03:00:00+00:00,12196.125,12204.272,12015.10184228714,12393.4429310274
2026-02-16 04:00:00+00:00,12926.55,12608.114,12418.944167888774,12797.285256629035
2026-02-16 05:00:00+00:00,14163.95,13739.599,13550.427656448846,13928.768745189107
2026-02-16 06:00:00+00:00,15225.375,15189.652,15000.481487397457,15378.822576137716
2026-02-16 07:00:00+00:00,15799.8,15257.509,15068.3384222247,15446.679510964961
2026-02-16 08:00:00+00:00,16124.325,15916.487,15727.316438130942,16105.6575268712
2026-02-16 09:00:00+00:00,16370.0,16228.808,16039.636844572447,16417.977933312708
2026-02-16 10:00:00+00:00,16474.05,17129.059,16939.88828372083,17318.229372461086
2026-02-16 11:00:00+00:00,16287.05,17018.12,16828.94784069722,17207.28892943748
2026-02-16 12:00:00+00:00,15961.05,16501.004,16311.832470035031,16690.173558775292
2026-02-16 13:00:00+00:00,15749.325,16268.372,16079.201177837369,16457.542266577628
2026-02-16 14:00:00+00:00,15510.05,15905.888,15716.716606812748,16095.057695553009
2026-02-16 15:00:00+00:00,15309.025,15945.321,15756.150836144061,16134.491924884322
2026-02-16 16:00:00+00:00,15701.85,16083.432,15894.261165666549,16272.602254406807
2026-02-16 17:00:00+00:00,16053.375,16219.223,16030.051460009312,16408.392548749573
2026-02-16 18:00:00+00:00,15743.475,15831.363,15642.192527751375,16020.533616491633
2026-02-16 19:00:00+00:00,14916.0,14622.299,14433.128256917033,14811.469345657291
2026-02-16 20:00:00+00:00,14002.599999999999,14311.982,14122.811951452835,14501.153040193096
2026-02-16 21:00:00+00:00,13385.05,13064.995,12875.824317334369,13254.16540607463
2026-02-16 22:00:00+00:00,12708.575,12693.155,12503.98431817472,12882.32540691498
2026-02-16 23:00:00+00:00,12188.95,12124.133,11934.962538863936,12313.303627604197
2026-02-17 00:00:00+00:00,11770.675,11918.748,11729.577984330483,12107.919073070743
2026-02-17 01:00:00+00:00,11726.325,11727.131,11537.960365021783,11916.301453762042
2026-02-17 02:00:00+00:00,11809.475,11810.56,11621.38855998258,11999.72964872284
2026-02-17 03:00:00+00:00,12130.825,12007.718,11818.547466747661,12196.88855548792
2026-02-17 04:00:00+00:00,12641.225,12618.087,12428.916395572687,12807.257484312948
2026-02-17 05:00:00+00:00,14029.725,13851.976,13662.805156557308,14041.146245297568
2026-02-17 06:00:00+00:00,14886.875,14552.223,14363.05159431342,14741.39268305368
2026-02-17 07:00:00+00:00,15602.65,14834.464,14645.292972104215,15023.634060844473
2026-02-17 08:00:00+00:00,15805.0,15275.737,15086.566847650032,15464.907936390293
2026-02-17 09:00:00+00:00,15834.2,15891.022,15701.85155003473,16080.19263877499
2026-02-17 10:00:00+00:00,15774.7,15825.679,15636.507986652188,16014.849075392449
2026-02-17 11:00:00+00:00,15592.425,15822.342,15633.170775264254,16011.511864004513
2026-02-17 12:00:00+00:00,15485.0,15569.074,15379.903907415079,15758.24499615534
2026-02-17 13:00:00+00:00,15256.175,14829.923,14640.752299330405,15019.093388070665
2026-02-17 14:00:00+00:00,15015.45,14995.32,14806.149881837337,15184.490970577595
2026-02-17 15:00:00+00:00,15000.175,14943.839,14754.667846290366,15133.008935030626
2026-02-17 16:00:00+00:00,15406.175,15000.927,14811.755951158384,15190.097039898645
2026-02-17 17:00:00+00:00,15715.35,15255.871,15066.70075033313,15445.04183907339
2026-02-17 18:00:00+00:00,15506.4,15282.446,15093.276070953598,15471.617159693858
2026-02-17 19:00:00+00:00,14755.5,14703.159,14513.988079108922,14892.32916784918
2026-02-17 20:00:00+00:00,14028.625,13926.034,13736.863408947302,14115.204497687562
2026-02-17 21:00:00+00:00,13414.475,13409.535,13220.364439788744,13598.705528529004
2026-02-17 22:00:00+00:00,12676.775,12589.628,12400.45695618641,12778.798044926669
2026-02-17 23:00:00+00:00,12147.175,11869.656,11680.48549972322,12058.82658846348
2026-02-18 00:00:00+00:00,11750.05,11581.07,11391.89932327244,11770.240412012701
2026-02-18 01:00:00+00:00,11630.0,11461.723,11272.552178754671,11650.89326749493
2026-02-18 02:00:00+00:00,11647.625,11509.368,11320.197285532347,11698.538374272608
2026-02-18 03:00:00+00:00,12066.65,11779.164,11589.993245441066,11968.334334181327
2026-02-18 04:00:00+00:00,12560.55,11977.648,11788.477536274122,12166.818625014383
2026-02-18 05:00:00+00:00,13803.2,12762.03,12572.85979393675,12951.20088267701
2026-02-18 06:00:00+00:00,14750.85,14407.6875,14218.517041887386,14596.858130627646
2026-02-18 07:00:00+00:00,15520.625,14991.572,14802.401887749933,15180.742976490192
2026-02-18 08:00:00+00:00,15420.825,15286.802,15097.6309134586,15475.972002198861
2026-02-18 09:00:00+00:00,16010.925000000001,15330.6045,15141.433632560678,15519.774721300939
2026-02-18 10:00:00+00:00,16217.6,15610.096,15420.92531375464,15799.266402494899
2026-02-18 11:00:00+00:00,16029.85,15167.641,14978.469812448166,15356.810901188426
2026-02-18 12:00:00+00:00,15421.0,14723.085,14533.91445184961,14912.255540589871
2026-02-18 13:00:00+00:00,15139.725,14827.359,14638.188887911238,15016.529976651496
2026-02-18 14:00:00+00:00,14874.725,14809.81,14620.63918650319,14998.980275243448
2026-02-18 15:00:00+00:00,15039.825,14963.03,14773.859541224143,15152.200629964404
2026-02-18 16:00:00+00:00,15652.575,15165.956,14976.785739853,15355.12682859326
2026-02-18 17:00:00+00:00,16083.95,15195.878,15006.70714258415,15385.04823132441
2026-02-18 18:00:00+00:00,15919.5,14974.482,14785.31187174367,15163.65296048393
2026-02-18 19:00:00+00:00,15113.125,11817.269,11628.097541615814,12006.438630356075
2026-02-18 20:00:00+00:00,14404.925,11454.584,11265.413194522684,11643.754283262944
2026-02-18 21:00:00+00:00,13811.15,11071.542,10882.371505408788,11260.712594149049
2026-02-18 22:00:00+00:00,13037.15,11284.393,11095.222024132368,11473.563112872629
2026-02-18 23:00:00+00:00,12496.675,11133.61,10944.440066189833,11322.781154930091
2026-02-19 00:00:00+00:00,12299.05,11007.588,10818.417802317002,11196.758891057263
2026-02-19 01:00:00+00:00,12159.575,11320.251,11131.080868856377,11509.421957596638
2026-02-19 02:00:00+00:00,12270.125,11456.039,11266.868746495828,11645.209835236088
2026-02-19 03:00:00+00:00,12627.25,12102.085,11912.914869251195,12291.255957991456
2026-02-19 04:00:00+00:00,13121.349999999999,12781.148,12591.977793635408,12970.318882375666
2026-02-19 05:00:00+00:00,14220.275,14323.61,14134.43942188299,14512.78051062325
2026-02-19 06:00:00+00:00,15054.225,15743.623,15554.452436525022,15932.793525265282
2026-02-19 07:00:00+00:00,15492.1,15008.751,14819.579928620366,15197.921017360624
2026-02-19 08:00:00+00:00,15716.675,15899.898,15710.728186595903,16089.069275336164
2026-02-19 09:00:00+00:00,15940.625,15679.084,15489.913606913644,15868.254695653904
2026-02-19 10:00:00+00:00,16019.325,15986.229,15797.058060360068,16175.399149100329
2026-02-19 11:00:00+00:00,15869.3,15495.945,15306.774578914694,15685.115667654954
2026-02-19 12:00:00+00:00,15750.375,15010.75,14821.579253054657,15199.920341794917
2026-02-19 13:00:00+00:00,15487.175,15034.514,14845.343464382358,15223.684553122619
2026-02-19 14:00:00+00:00,15144.55,15439.471,15250.299918642726,15628.641007382987
2026-02-19 15:00:00+00:00,15060.95,15521.611,15332.44053672648,15710.781625466741
2026-02-19 16:00:00+00:00,15481.0,14928.065,14738.895018884672,15117.236107624933
2026-02-19 17:00:00+00:00,15808.725,13866.779,13677.608573184963,14055.949661925224
2026-02-19 18:00:00+00:00,15462.225,13447.684,13258.512869230744,13636.853957971005
2026-02-19 19:00:00+00:00,14975.724999999999,13585.596,13396.424972218023,13774.766060958284
2026-02-19 20:00:00+00:00,14177.675,13951.949,13762.778201904837,14141.119290645096
2026-02-19 21:00:00+00:00,13767.125,14272.188,14083.018344123095,14461.359432863355
2026-02-19 22:00:00+00:00,13230.475,13309.306,13120.134939572084,13498.476028312345
2026-02-19 23:00:00+00:00,12614.300000000001,12625.347,12436.175774277328,12814.516863017587
2026-02-20 00:00:00+00:00,12357.325,12308.1,12118.92921666781,12497.27030540807
2026-02-20 01:00:00+00:00,12315.475,12041.167,11851.996374928729,12230.337463668988
2026-02-20 02:00:00+00:00,12395.55,12054.486,11865.315935722683,12243.657024462944
2026-02-20 03:00:00+00:00,12679.8,12469.753,12280.582785539853,12658.923874280114
2026-02-20 04:00:00+00:00,13436.0,12757.949,12568.778692837512,12947.119781577772
2026-02-20 05:00:00+00:00,14708.15,13445.287,13256.116864271604,13634.457953011864
2026-02-20 06:00:00+00:00,15710.65,15089.699,14900.528458039713,15278.869546779973
2026-02-20 07:00:00+00:00,16194.625,14928.078,14738.907528878288,15117.248617618548
2026-02-20 08:00:00+00:00,16161.15,15541.141,15351.969774033467,15730.310862773726
2026-02-20 09:00:00+00:00,16270.1,15594.147,15404.97711898389,15783.31820772415
2026-02-20 10:00:00+00:00,16076.225,15743.27,15554.0985174329,15932.43960617316
2026-02-20 11:00:00+00:00,15775.25,15372.655,15183.484497647634,15561.825586387895
2026-02-20 12:00:00+00:00,15683.775,15151.073,14961.902714175061,15340.24380291532
2026-02-20 13:00:00+00:00,15171.025,14865.293,14676.121918008608,15054.463006748869
2026-02-20 14:00:00+00:00,15026.2,14676.838,14487.667279994934,14866.008368735194
2026-02-20 15:00:00+00:00,14976.675,14002.751,13813.580148707946,14191.921237448205
2026-02-20 16:00:00+00:00,15481.475,14246.58,14057.409477373083,14435.750566113344
2026-02-20 17:00:00+00:00,15714.625,14621.619,14432.448850536459,14810.78993927672
2026-02-20 18:00:00+00:00,15337.675,13901.96,13712.78894977792,14091.13003851818
2026-02-20 19:00:00+00:00,14409.175,13656.648,13467.47775550534,13845.818844245601
2026-02-20 20:00:00+00:00,13399.225,12217.456,12028.285555923147,12406.626644663407
2026-02-20 21:00:00+00:00,12797.175,11041.92,10852.749546433923,11231.090635174183
2026-02-20 22:00:00+00:00,12213.35,11369.861,11180.691181903938,11559.032270644198
2026-02-20 23:00:00+00:00,11702.925,11206.579,11017.408811863072,11395.749900603332
2026-02-21 00:00:00+00:00,11355.775,11087.989,10879.510534936313,11296.467455563088
2026-02-21 01:00:00+00:00,11301.05,11312.294,11103.81514695125,11520.772067578024
2026-02-21 02:00:00+00:00,11363.85,11303.74,11095.261751566037,11512.21867219281
2026-02-21 03:00:00+00:00,11213.125,10940.481,10732.002982527398,11148.959903154171
2026-02-21 04:00:00+00:00,11270.775,11366.383,11157.903895554382,11574.860816181155
2026-02-21 05:00:00+00:00,11348.375,11841.644,11633.16465165447,12050.121572281243
2026-02-21 06:00:00+00:00,11842.825,12471.168,12262.689806738192,12679.646727364965
2026-02-21 07:00:00+00:00,12562.3,12348.811,12140.33166313193,12557.288583758704
2026-02-21 08:00:00+00:00,12913.225,12719.901,12511.422996037258,12928.379916664033
2026-02-21 09:00:00+00:00,13596.3,13157.205,12948.726881972594,13365.68380259937
2026-02-21 10:00:00+00:00,14120.575,13033.321,12824.843258372055,13241.80017899883
2026-02-21 11:00:00+00:00,14181.3,12894.92,12686.440991089452,13103.397911716227
2026-02-21 12:00:00+00:00,13705.75,12870.564,12662.085511972566,13079.042432599339
2026-02-21 13:00:00+00:00,13301.575,12857.637,12649.158366932907,13066.11528755968
2026-02-21 14:00:00+00:00,13108.675,12804.163,12595.684399220598,13012.641319847373
2026-02-21 15:00:00+00:00,12998.75,12135.816,11927.33787654964,12344.294797176413
2026-02-21 16:00:00+00:00,13447.65,11787.15,11578.672349137953,11995.629269764728
2026-02-21 17:00:00+00:00,13534.925000000001,12417.21,12208.731474818509,12625.688395445282
2026-02-21 18:00:00+00:00,12895.9,12111.554,11903.07511354453,12320.032034171305
2026-02-21 19:00:00+00:00,12210.425,11460.046,11251.56739767848,11668.524318305253
2026-02-21 20:00:00+00:00,11584.475,11441.541,11233.062572473738,11650.019493100514
2026-02-21 21:00:00+00:00,11012.225,10763.184,10554.704870547836,10971.661791174609
2026-02-21 22:00:00+00:00,10520.0,11157.689,10949.211385958974,11366.168306585749
2026-02-21 23:00:00+00:00,10076.075,10571.45,10362.971931843436,10779.92885247021
2026-02-22 00:00:00+00:00,9704.5775,9865.383,9656.904366603292,10073.861287230065
2026-02-22 01:00:00+00:00,9458.6975,9601.924,9393.44572068224,9810.402641309016
2026-02-22 02:00:00+00:00,9478.3925,9544.092,9335.613157466847,9752.57007809362
2026-02-22 03:00:00+00:00,9612.34,9401.469,9192.990586974222,9609.947507600995
2026-02-22 04:00:00+00:00,9594.06,9931.669,9723.190728595633,10140.147649222408
2026-02-22 05:00:00+00:00,9752.2275,10421.733,10213.254716516652,10630.211637143428
2026-02-22 06:00:00+00:00,10143.225,11256.625,11048.146983222274,11465.103903849049
2026-02-22 07:00:00+00:00,10846.35,12217.214,12008.735571603416,12425.692492230191
2026-02-22 08:00:00+00:00,11481.85,12357.196,12148.71813539778,12565.675056024553
2026-02-22 09:00:00+00:00,11968.575,12264.388,12055.909733985052,12472.866654611826
2026-02-22 10:00:00+00:00,12700.75,12664.048,12455.569627539156,12872.52654816593
2026-02-22 11:00:00+00:00,12576.099999999999,12427.581,12219.102828162384,12636.05974878916
2026-02-22 12:00:00+00:00,12095.525,11989.643,11781.163747301189,12198.120667927962
2026-02-22 13:00:00+00:00,11673.3,11909.168,11700.689133401364,12117.646054028139
2026-02-22 14:00:00+00:00,11728.15,11939.083,11730.604807124073,12147.561727750848
2026-02-22 15:00:00+00:00,11927.75,12345.857,12137.378565411618,12554.335486038393
2026-02-22 16:00:00+00:00,12672.625,12518.972,12310.493335525935,12727.450256152708
2026-02-22 17:00:00+00:00,13040.1,12502.64,12294.16148199642,12711.118402623195
2026-02-22 18:00:00+00:00,12734.724999999999,12453.193,12244.71527731966,12661.672197946435
2026-02-22 19:00:00+00:00,12148.35,11941.041,11732.562621125004,12149.519541751777
2026-02-22 20:00:00+00:00,11637.9,11462.334,11253.855461294974,11670.812381921749
2026-02-22 21:00:00+00:00,11375.2,11294.788,11086.309998179559,11503.266918806332
2026-02-22 22:00:00+00:00,10798.325,10598.836,10390.357900050232,10807.314820677006
2026-02-22 23:00:00+00:00,10160.627499999999,10297.136,10088.657682098348,10505.614602725123
2026-02-23 00:00:00+00:00,9826.11,9609.626,9401.147782570071,9818.104703196845
2026-02-23 01:00:00+00:00,9932.34,9569.817,9361.338480884704,9778.295401511477
2026-02-23 02:00:00+00:00,9917.68,9537.343,9328.864584546998,9745.821505173772
2026-02-23 03:00:00+00:00,10513.95,10431.195,10222.716479597419,10639.673400224194
2026-02-23 04:00:00+00:00,11209.05,11269.685,11061.205653785724,11478.1625744125
2026-02-23 05:00:00+00:00,12663.65,11550.062,11341.583227334433,11758.540147961208
2026-02-23 06:00:00+00:00,13578.75,12575.049,12366.570234864515,12783.527155491289
2026-02-23 07:00:00+00:00,13905.475,13743.327,13534.849083329784,13951.806003956559
2026-02-23 08:00:00+00:00,14113.725,14288.722,14080.242953379677,14497.19987400645
2026-02-23 09:00:00+00:00,14507.925,14394.015,14185.535930376087,14602.492851002862
2026-02-23 10:00:00+00:00,14943.025,14654.036,14445.557512414704,14862.514433041477
2026-02-23 11:00:00+00:00,14586.75,14235.337,14026.858034076473,14443.814954703248
2026-02-23 12:00:00+00:00,14147.25,13420.91,13212.432088495098,13629.389009121873
2026-02-23 13:00:00+00:00,14153.425,13503.381,13294.902401774247,13711.85932240102
2026-02-23 14:00:00+00:00,13740.2,13104.09,12895.611382440997,13312.568303067772
2026-02-23 15:00:00+00:00,13463.85,13073.876,12865.397132132015,13282.35405275879
2026-02-23 16:00:00+00:00,13977.05,13818.191,13609.712979308659,14026.669899935434
2026-02-23 17:00:00+00:00,14327.275,14392.926,14184.446878568193,14601.403799194966
2026-02-23 18:00:00+00:00,13912.45,13757.534,13549.055886989163,13966.012807615936
2026-02-23 19:00:00+00:00,13138.0,12746.192,12537.714226075426,12954.6711467022
2026-02-23 20:00:00+00:00,12430.4,12669.314,12460.835538761059,12877.792459387834
2026-02-23 21:00:00+00:00,11782.300000000001,12050.015,11841.536521583954,12258.493442210727
2026-02-23 22:00:00+00:00,11149.55,11274.699,11066.220824931035,11483.17774555781
2026-02-23 23:00:00+00:00,10472.55,10459.078,10250.599208277992,10667.556128904766
2026-02-24 00:00:00+00:00,10210.95,9801.18,9592.701600911329,10009.658521538104
2026-02-24 01:00:00+00:00,10176.025,9872.047,9663.568781384269,10080.525702011042
2026-02-24 02:00:00+00:00,10316.2,10269.536,10061.057793000717,10478.01471362749
2026-02-24 03:00:00+00:00,10725.25,10512.766,10304.287324335564,10721.24424496234
2026-02-24 04:00:00+00:00,11469.825,11692.998,11484.519654730819,11901.476575357592
2026-02-24 05:00:00+00:00,12658.275,13001.758,12793.279293479103,13210.236214105878
2026-02-24 06:00:00+00:00,13506.175,14322.628,14114.149130259219,14531.106050885994
2026-02-24 07:00:00+00:00,14010.45,14666.869,14458.390263866168,14875.347184492943
2026-02-24 08:00:00+00:00,14252.625,14788.704,14580.225546602882,14997.182467229655
2026-02-24 09:00:00+00:00,14489.3,14604.542,14396.063201126128,14813.020121752903
2026-02-24 10:00:00+00:00,14926.6,14617.81,14409.331300355436,14826.28822098221
2026-02-24 11:00:00+00:00,14693.1,14433.971,14225.492395077268,14642.449315704042
2026-02-24 12:00:00+00:00,14124.975,14358.473,14149.994583603697,14566.95150423047
2026-02-24 13:00:00+00:00,13908.8,14200.587,13992.108001263912,14409.064921890687
2026-02-24 14:00:00+00:00,13839.775,13563.531,13355.053066806719,13772.009987433492
2026-02-24 15:00:00+00:00,13544.4,13558.218,13349.739276427428,13766.696197054203
2026-02-24 16:00:00+00:00,14060.75,14224.782,14016.303466189727,14433.260386816502
2026-02-24 17:00:00+00:00,14521.425,14651.454,14442.975904641185,14859.932825267959
2026-02-24 18:00:00+00:00,14390.825,14200.748,13992.269038999917,14409.225959626692
2026-02-24 19:00:00+00:00,13692.075,13328.788,13120.309519050574,13537.266439677347
2026-02-24 20:00:00+00:00,12881.6,12837.113,12628.634698860651,13045.591619487424
2026-02-24 21:00:00+00:00,12141.9,11883.281,11674.802317338645,12091.759237965418
2026-02-24 22:00:00+00:00,11499.675,11370.5205,11162.04228673802,11578.999207364795
2026-02-24 23:00:00+00:00,11012.975,11031.909,10823.431190462617,11240.38811108939
2026-02-25 00:00:00+00:00,10698.0,10743.673,10535.194227640453,10952.151148267227
2026-02-25 01:00:00+00:00,10664.475,10857.426,10648.947201547011,11065.904122173786
2026-02-25 02:00:00+00:00,10748.575,10976.306,10767.82711201912,11184.784032645894
2026-02-25 03:00:00+00:00,11149.6,12033.715,11825.236028333891,12242.192948960665
2026-02-25 04:00:00+00:00,11911.65,12221.023,12012.54526270479,12429.502183331566
2026-02-25 05:00:00+00:00,13099.225,13325.25,13116.771124219847,13533.728044846623
2026-02-25 06:00:00+00:00,13797.625,14226.651,14018.172459235982,14435.129379862758
2026-02-25 07:00:00+00:00,14265.25,14805.891,14597.412003287202,15014.368923913975
2026-02-25 08:00:00+00:00,14548.45,14921.654,14713.175617485915,15130.13253811269
2026-02-25 09:00:00+00:00,14748.225,14825.686,14617.206907367707,15034.163827994482
2026-02-25 10:00:00+00:00,14627.55,14682.596,14474.116690568266,14891.073611195041
2026-02-25 11:00:00+00:00,14192.125,14595.249,14386.77055041361,14803.727471040384
2026-02-25 12:00:00+00:00,13650.8,14166.863,13958.384697745596,14375.34161837237
2026-02-25 13:00:00+00:00,13514.324999999999,14071.613,13863.134743624243,14280.091664251018
2026-02-25 14:00:00+00:00,13277.65,13364.868,13156.39004654782,13573.346967174595
2026-02-25 15:00:00+00:00,13258.675,13707.292,13498.81370553677,13915.770626163543
2026-02-25 16:00:00+00:00,14061.625,13684.502,13476.023681530125,13892.980602156898
2026-02-25 17:00:00+00:00,14660.599999999999,14009.915,13801.436364927024,14218.393285553797
2026-02-25 18:00:00+00:00,14577.6,13654.05,13445.57140016079,13862.528320787565
2026-02-25 19:00:00+00:00,13978.925,12881.22,12672.741524534817,13089.69844516159
2026-02-25 20:00:00+00:00,13129.45,12147.521,11939.042681485784,12355.999602112559
2026-02-25 21:00:00+00:00,12493.175,11946.83,11738.35142164826,12155.308342275033
2026-02-25 22:00:00+00:00,11759.099999999999,10932.173,10723.694356540005,11140.651277166779
2026-02-25 23:00:00+00:00,11153.55,10538.036,10329.557283985794,10746.514204612567
2026-02-26 00:00:00+00:00,10824.6,10646.774,10438.296081860171,10855.253002486945
2026-02-26 01:00:00+00:00,10803.575,10490.502,10282.023516151301,10698.980436778076
2026-02-26 02:00:00+00:00,10953.975,10731.212,10522.733762226284,10939.690682853057
2026-02-26 03:00:00+00:00,11315.05,10523.629,10315.150547882986,10732.107468509761
2026-02-26 04:00:00+00:00,12109.725,12027.73,11819.252384660063,12236.209305286837
2026-02-26 05:00:00+00:00,13302.875,12925.715,12717.236842374372,13134.193763001145
2026-02-26 06:00:00+00:00,13890.575,13866.038,13657.55938325634,14074.516303883116
2026-02-26 07:00:00+00:00,14082.875,14424.7705,14216.292090863079,14633.249011489854
2026-02-26 08:00:00+00:00,14305.7,14648.552,14440.073358667805,14857.030279294579
2026-02-26 09:00:00+00:00,14503.0,14539.025,14330.546772377253,14747.503693004028
2026-02-26 10:00:00+00:00,14314.05,14402.61,14194.13211562583,14611.089036252604
2026-02-26 11:00:00+00:00,13953.65,14244.872,14036.393606119575,14453.350526746348
2026-02-26 12:00:00+00:00,13328.675,13429.57,13221.092074712284,13638.048995339057
2026-02-26 13:00:00+00:00,12973.375,13047.889,12839.410008665936,13256.36692929271
2026-02-26 14:00:00+00:00,12814.8,13170.42,12961.941415683781,13378.898336310556
2026-02-26 15:00:00+00:00,13145.2,13036.738,12828.259737628632,13245.216658255405
2026-02-26 16:00:00+00:00,13620.45,13390.82,13182.341459668487,13599.29838029526
2026-02-26 17:00:00+00:00,14173.675,13557.203,13348.724943399586,13765.681864026361
2026-02-26 18:00:00+00:00,14116.4,13292.057,13083.5785856125,13500.535506239274
2026-02-26 19:00:00+00:00,13410.7,12548.471,12339.992241654501,12756.949162281275
2026-02-26 20:00:00+00:00,12595.4,11699.846,11491.366829145805,11908.32374977258
2026-02-26 21:00:00+00:00,11862.55,11046.477,10837.998225074534,11254.955145701308
2026-02-26 22:00:00+00:00,11211.675,10412.729,10204.250023111736,10621.20694373851
2026-02-26 23:00:00+00:00,10721.5,9881.329,9672.85062801139,10089.807548638166
2026-02-27 00:00:00+00:00,10511.4,9550.898,9342.419958720617,9759.376879347392
2026-02-27 01:00:00+00:00,10578.2,9705.665,9497.186093743672,9914.143014370446
2026-02-27 02:00:00+00:00,10550.525,10066.5625,9858.083715214474,10275.040635841247
2026-02-27 03:00:00+00:00,10929.05,10586.63,10378.151671824508,10795.108592451283
2026-02-27 04:00:00+00:00,11546.525,11297.874,11089.395588104986,11506.35250873176
2026-02-27 05:00:00+00:00,12875.3,12921.035,12712.556398853705,13129.513319480478
2026-02-27 06:00:00+00:00,13738.3,14007.302,13798.82314098782,14215.780061614594
2026-02-27 07:00:00+00:00,14229.225,14082.244,13873.765281290403,14290.722201917179
2026-02-27 08:00:00+00:00,14407.775,13957.05,13748.570951540536,14165.52787216731
2026-02-27 09:00:00+00:00,14525.75,13972.806,13764.327402227313,14181.284322854088
2026-02-27 10:00:00+00:00,14416.75,14043.63,13835.151707540312,14252.108628167087
2026-02-27 11:00:00+00:00,13646.15,13279.997,13071.518724312085,13488.475644938859
2026-02-27 12:00:00+00:00,12958.675,12634.613,12426.135091014105,12843.09201164088
2026-02-27 13:00:00+00:00,12398.525,12396.342,12187.862985831307,12604.81990645808
2026-02-27 14:00:00+00:00,12448.25,12502.731,12294.253032404247,12711.209953031022
2026-02-27 15:00:00+00:00,12609.2,12187.175,11978.695892568987,12395.652813195762
2026-02-27 16:00:00+00:00,12779.05,12248.511,12040.032789314308,12456.989709941081
2026-02-27 17:00:00+00:00,13351.425,12479.412,12270.93400625846,12687.890926885235
2026-02-27 18:00:00+00:00,13066.9,11901.745,11693.266485064132,12110.223405690906
2026-02-27 19:00:00+00:00,12224.5,11180.7705,10972.291584953908,11389.248505580681
2026-02-27 20:00:00+00:00,11500.225,10542.0,10333.521473508328,10750.478394135102
2026-02-27 21:00:00+00:00,10743.625,10117.541,9909.062394109214,10326.019314735988
2026-02-27 22:00:00+00:00,10146.7875,9449.42,9240.94161995942,9657.898540586195
2026-02-27 23:00:00+00:00,9602.1975,9021.185,8812.706114669229,9229.663035296004
