date,hard_coal_tran_actual,oil_tran_actual,gas_tran_actual,renewables_tran_actual,biomass_tran_actual,waste_tran_actual,hard_coal_tran_fitted,oil_tran_fitted,gas_tran_fitted,renewables_tran_fitted,biomass_tran_fitted,waste_tran_fitted,hard_coal_tran_lower,oil_tran_lower,gas_tran_lower,renewables_tran_lower,biomass_tran_lower,waste_tran_lower,hard_coal_tran_upper,oil_tran_upper,gas_tran_upper,renewables_tran_upper,biomass_tran_upper,waste_tran_upper
2026-02-28 00:00:00+00:00,,,,,,,680.8524618769775,0.4881358645063205,314.2349150688104,686.4172926185227,386.38788946480537,43.90500963468211,1168.4076301812997,5.705311073660715,337.68605856473215,911.0176164469246,412.57619673859125,42.5052443578869,1168.4076301812997,5.705311073660715,337.68605856473215,911.0176164469246,412.57619673859125,42.5052443578869
2026-02-28 01:00:00+00:00,,,,,,,814.3352215024423,-0.15349439083499838,312.7263893479621,648.1805463406165,375.7314247763609,44.34432089215827,1168.4076301812997,5.705311073660715,337.68605856473215,911.0176164469246,412.57619673859125,42.5052443578869,1168.4076301812997,5.705311073660715,337.68605856473215,911.0176164469246,412.57619673859125,42.5052443578869
2026-02-28 02:00:00+00:00,,,,,,,894.2218904504025,-0.3091664829500589,316.4043272033387,684.819753057475,383.57678315533326,43.94055411899577,1168.4076301812997,5.705311073660715,337.68605856473215,911.0176164469246,412.57619673859125,42.5052443578869,1168.4076301812997,5.705311073660715,337.68605856473215,911.0176164469246,412.57619673859125,42.5052443578869
2026-02-28 03:00:00+00:00,,,,,,,991.3203736990703,-0.39232660421611953,321.00869345946234,765.9270328205337,394.53822146503563,42.200595684869604,1168.4076301812997,5.705311073660715,337.68605856473215,911.0176164469246,412.57619673859125,42.5052443578869,1168.4076301812997,5.705311073660715,337.68605856473215,911.0176164469246,412.57619673859125,42.5052443578869
2026-02-28 04:00:00+00:00,,,,,,,958.1686298797639,-0.2667114745115695,324.17974568741965,818.8279324442012,430.6491017180002,42.06573695722037,1168.4076301812997,5.705311073660715,337.68605856473215,911.0176164469246,412.57619673859125,42.5052443578869,1168.4076301812997,5.705311073660715,337.68605856473215,911.0176164469246,412.57619673859125,42.5052443578869
2026-02-28 05:00:00+00:00,,,,,,,729.4122204746106,-0.07077456703639129,329.20745887273534,804.2230262536477,454.0562401823388,43.07417249533336,1168.4076301812997,5.705311073660715,337.68605856473215,911.0176164469246,412.57619673859125,42.5052443578869,1168.4076301812997,5.705311073660715,337.68605856473215,911.0176164469246,412.57619673859125,42.5052443578869
2026-02-28 06:00:00+00:00,,,,,,,1002.8184440803467,0.10048597813876459,329.6334634594816,850.4362796911455,473.83534811476426,42.5524249727962,1168.4076301812997,5.705311073660715,337.68605856473215,911.0176164469246,412.57619673859125,42.5052443578869,1168.4076301812997,5.705311073660715,337.68605856473215,911.0176164469246,412.57619673859125,42.5052443578869
2026-02-28 07:00:00+00:00,,,,,,,844.4529048825157,0.14116483552865766,331.8047058254344,819.6494597467544,464.20935421497626,42.19538565898545,1168.4076301812997,5.705311073660715,337.68605856473215,911.0176164469246,412.57619673859125,42.5052443578869,1168.4076301812997,5.705311073660715,337.68605856473215,911.0176164469246,412.57619673859125,42.5052443578869
2026-02-28 08:00:00+00:00,,,,,,,435.132699655819,0.5227043933049043,317.46699350956385,629.5986940230159,443.75712091754724,42.37762147963887,1168.4076301812997,5.705311073660715,337.68605856473215,911.0176164469246,412.57619673859125,42.5052443578869,1168.4076301812997,5.705311073660715,337.68605856473215,911.0176164469246,412.57619673859125,42.5052443578869
2026-02-28 09:00:00+00:00,,,,,,,343.0809037439608,0.14890444404201286,313.1530253017003,594.0089281558437,423.7720603460646,39.69852857611663,1168.4076301812997,5.705311073660715,337.68605856473215,911.0176164469246,412.57619673859125,42.5052443578869,1168.4076301812997,5.705311073660715,337.68605856473215,911.0176164469246,412.57619673859125,42.5052443578869
2026-02-28 10:00:00+00:00,,,,,,,269.6687052677131,-0.30454598067353,312.1289884365273,592.7641470957731,391.4864483360332,39.81660536115856,1168.4076301812997,5.705311073660715,337.68605856473215,911.0176164469246,412.57619673859125,42.5052443578869,1168.4076301812997,5.705311073660715,337.68605856473215,911.0176164469246,412.57619673859125,42.5052443578869
2026-02-28 11:00:00+00:00,,,,,,,253.94398882876078,-0.7995237313540517,310.6949208174147,534.2276462572145,371.1300672684538,39.74850859772746,1168.4076301812997,5.705311073660715,337.68605856473215,911.0176164469246,412.57619673859125,42.5052443578869,1168.4076301812997,5.705311073660715,337.68605856473215,911.0176164469246,412.57619673859125,42.5052443578869
2026-02-28 12:00:00+00:00,,,,,,,208.63670263632628,-1.2799446466464017,311.6079895150799,561.7586534695288,366.3320368719901,39.86092270042036,1168.4076301812997,5.705311073660715,337.68605856473215,911.0176164469246,412.57619673859125,42.5052443578869,1168.4076301812997,5.705311073660715,337.68605856473215,911.0176164469246,412.57619673859125,42.5052443578869
2026-02-28 13:00:00+00:00,,,,,,,270.7446497831568,-1.6796765970119214,312.34501098237,614.6740980453587,382.08302085448526,39.53235877034001,1168.4076301812997,5.705311073660715,337.68605856473215,911.0176164469246,412.57619673859125,42.5052443578869,1168.4076301812997,5.705311073660715,337.68605856473215,911.0176164469246,412.57619673859125,42.5052443578869
2026-02-28 14:00:00+00:00,,,,,,,309.9485118261756,0.4468776395102374,313.77464215427705,687.6707180022697,398.5493777834827,41.296658153758145,1168.4076301812997,5.705311073660715,337.68605856473215,911.0176164469246,412.57619673859125,42.5052443578869,1168.4076301812997,5.705311073660715,337.68605856473215,911.0176164469246,412.57619673859125,42.5052443578869
2026-02-28 15:00:00+00:00,,,,,,,472.1623850727145,0.2955224220168011,315.1017556596618,862.2500227553248,418.1714850993855,41.02349332844575,1168.4076301812997,5.705311073660715,337.68605856473215,911.0176164469246,412.57619673859125,42.5052443578869,1168.4076301812997,5.705311073660715,337.68605856473215,911.0176164469246,412.57619673859125,42.5052443578869
2026-02-28 16:00:00+00:00,,,,,,,899.9863331180161,0.20879877093005206,313.98878210404695,1098.670939146171,465.62213822499837,42.649134312476136,1168.4076301812997,5.705311073660715,337.68605856473215,911.0176164469246,412.57619673859125,42.5052443578869,1168.4076301812997,5.705311073660715,337.68605856473215,911.0176164469246,412.57619673859125,42.5052443578869
2026-02-28 17:00:00+00:00,,,,,,,789.8334737082369,0.8765788960651202,313.57903053761817,1119.80329078725,470.1255896791208,41.83794542291217,1168.4076301812997,5.705311073660715,337.68605856473215,911.0176164469246,412.57619673859125,42.5052443578869,1168.4076301812997,5.705311073660715,337.68605856473215,911.0176164469246,412.57619673859125,42.5052443578869
2026-02-28 18:00:00+00:00,,,,,,,651.06731899316,-0.9878965821264334,320.746068548769,880.9946826843526,471.81002089659785,36.85180711610947,1168.4076301812997,5.705311073660715,337.68605856473215,911.0176164469246,412.57619673859125,42.5052443578869,1168.4076301812997,5.705311073660715,337.68605856473215,911.0176164469246,412.57619673859125,42.5052443578869
2026-02-28 19:00:00+00:00,,,,,,,749.2009077125559,0.7206375817819382,325.07618824578736,833.3830637352648,463.79230082552726,36.60486896246323,1168.4076301812997,5.705311073660715,337.68605856473215,911.0176164469246,412.57619673859125,42.5052443578869,1168.4076301812997,5.705311073660715,337.68605856473215,911.0176164469246,412.57619673859125,42.5052443578869
2026-02-28 20:00:00+00:00,,,,,,,767.8773848247563,3.1412285985319723,330.0101403407116,821.7207948140018,450.40663278628074,35.782822176451724,1168.4076301812997,5.705311073660715,337.68605856473215,911.0176164469246,412.57619673859125,42.5052443578869,1168.4076301812997,5.705311073660715,337.68605856473215,911.0176164469246,412.57619673859125,42.5052443578869
2026-02-28 21:00:00+00:00,,,,,,,646.6962417097154,-0.4412827938077557,330.03483093320455,607.4707572765329,429.8489183981495,36.97070420813799,1168.4076301812997,5.705311073660715,337.68605856473215,911.0176164469246,412.57619673859125,42.5052443578869,1168.4076301812997,5.705311073660715,337.68605856473215,911.0176164469246,412.57619673859125,42.5052443578869
2026-02-28 22:00:00+00:00,,,,,,,660.056632899612,-0.19665084801686117,322.3164799864439,572.5396720620628,409.86651936734984,36.793886188019236,1168.4076301812997,5.705311073660715,337.68605856473215,911.0176164469246,412.57619673859125,42.5052443578869,1168.4076301812997,5.705311073660715,337.68605856473215,911.0176164469246,412.57619673859125,42.5052443578869
2026-02-28 23:00:00+00:00,,,,,,,617.6798625259266,-0.15597715108428112,323.46662453210104,565.4121062072547,402.5339669469046,36.872621621443336,1168.4076301812997,5.705311073660715,337.68605856473215,911.0176164469246,412.57619673859125,42.5052443578869,1168.4076301812997,5.705311073660715,337.68605856473215,911.0176164469246,412.57619673859125,42.5052443578869
2026-03-01 00:00:00+00:00,,,,,,,575.8447878703495,-1.011223095391192,325.7658928418421,574.3151280497482,407.5907937487036,36.013249646335964,1168.4076301812997,5.705311073660715,337.68605856473215,911.0176164469246,412.57619673859125,42.5052443578869,1168.4076301812997,5.705311073660715,337.68605856473215,911.0176164469246,412.57619673859125,42.5052443578869
2026-03-01 01:00:00+00:00,,,,,,,514.614081650945,-1.0613495357978904,326.4381180614009,553.6094100839223,407.1913793145204,36.557048781437445,1168.4076301812997,5.705311073660715,337.68605856473215,911.0176164469246,412.57619673859125,42.5052443578869,1168.4076301812997,5.705311073660715,337.68605856473215,911.0176164469246,412.57619673859125,42.5052443578869
2026-03-01 02:00:00+00:00,,,,,,,1152.6466598007144,0.22634857268563202,326.7074393502242,625.7192362212577,411.14323558957443,36.628123126608195,1168.4076301812997,5.705311073660715,337.68605856473215,911.0176164469246,412.57619673859125,42.5052443578869,1168.4076301812997,5.705311073660715,337.68605856473215,911.0176164469246,412.57619673859125,42.5052443578869
2026-03-01 03:00:00+00:00,,,,,,,1071.7887379558756,1.2473033199459245,321.6831127282437,623.8695080717719,421.5446149265185,37.57759345486829,1168.4076301812997,5.705311073660715,337.68605856473215,911.0176164469246,412.57619673859125,42.5052443578869,1168.4076301812997,5.705311073660715,337.68605856473215,911.0176164469246,412.57619673859125,42.5052443578869
2026-03-01 04:00:00+00:00,,,,,,,775.9936249063427,-2.588011624838849,341.691884552967,513.847641330653,441.19959669019846,37.100049792798124,1168.4076301812997,5.705311073660715,337.68605856473215,911.0176164469246,412.57619673859125,42.5052443578869,1168.4076301812997,5.705311073660715,337.68605856473215,911.0176164469246,412.57619673859125,42.5052443578869
2026-03-01 05:00:00+00:00,,,,,,,1549.1347410082046,0.8296956693812714,322.61173361000294,615.4752558372916,473.60773883946206,40.263635431201315,1168.4076301812997,5.705311073660715,337.68605856473215,911.0176164469246,412.57619673859125,42.5052443578869,1168.4076301812997,5.705311073660715,337.68605856473215,911.0176164469246,412.57619673859125,42.5052443578869
2026-03-01 06:00:00+00:00,,,,,,,1423.3390573958484,0.9810504670853888,322.5113363379713,676.8523128468498,484.8250432500706,38.45308095489864,1168.4076301812997,5.705311073660715,337.68605856473215,911.0176164469246,412.57619673859125,42.5052443578869,1168.4076301812997,5.705311073660715,337.68605856473215,911.0176164469246,412.57619673859125,42.5052443578869
2026-03-01 07:00:00+00:00,,,,,,,1387.6073989284923,2.9334446942123247,356.08226056617764,555.7008652031882,483.0261902967708,40.75846715140094,1168.4076301812997,5.705311073660715,337.68605856473215,911.0176164469246,412.57619673859125,42.5052443578869,1168.4076301812997,5.705311073660715,337.68605856473215,911.0176164469246,412.57619673859125,42.5052443578869
2026-03-01 08:00:00+00:00,,,,,,,1056.770972181757,5.366237777913877,349.39936760175135,487.53853191787675,466.44189147980245,38.636129197103784,1168.4076301812997,5.705311073660715,337.68605856473215,911.0176164469246,412.57619673859125,42.5052443578869,1168.4076301812997,5.705311073660715,337.68605856473215,911.0176164469246,412.57619673859125,42.5052443578869
2026-03-01 09:00:00+00:00,,,,,,,685.931420357519,2.656808815613867,328.9965222758273,474.3357984440276,442.56546228215103,38.61299855361054,1168.4076301812997,5.705311073660715,337.68605856473215,911.0176164469246,412.57619673859125,42.5052443578869,1168.4076301812997,5.705311073660715,337.68605856473215,911.0176164469246,412.57619673859125,42.5052443578869
2026-03-01 10:00:00+00:00,,,,,,,575.7240737655634,0.8011157116722716,313.1802218374451,403.37870778639297,423.8915876706485,38.38408625574357,1168.4076301812997,5.705311073660715,337.68605856473215,911.0176164469246,412.57619673859125,42.5052443578869,1168.4076301812997,5.705311073660715,337.68605856473215,911.0176164469246,412.57619673859125,42.5052443578869
2026-03-01 11:00:00+00:00,,,,,,,367.0620102795606,5.239892873709119,312.3205310984223,518.1022612467395,413.62164303666134,39.253684869853174,1168.4076301812997,5.705311073660715,337.68605856473215,911.0176164469246,412.57619673859125,42.5052443578869,1168.4076301812997,5.705311073660715,337.68605856473215,911.0176164469246,412.57619673859125,42.5052443578869
2026-03-01 12:00:00+00:00,,,,,,,252.81854332434466,-2.9785359831056297,313.0384376655778,537.3869098657865,390.3792666770983,38.68866065873632,1168.4076301812997,5.705311073660715,337.68605856473215,911.0176164469246,412.57619673859125,42.5052443578869,1168.4076301812997,5.705311073660715,337.68605856473215,911.0176164469246,412.57619673859125,42.5052443578869
2026-03-01 13:00:00+00:00,,,,,,,407.29584792741116,-1.8484185347122484,315.8644003344273,565.6125894856912,391.26190533572355,37.48801499369729,1168.4076301812997,5.705311073660715,337.68605856473215,911.0176164469246,412.57619673859125,42.5052443578869,1168.4076301812997,5.705311073660715,337.68605856473215,911.0176164469246,412.57619673859125,42.5052443578869
2026-03-01 14:00:00+00:00,,,,,,,344.16754613029275,0.6419148497855165,315.97667847650564,632.614236974574,411.5705807778676,39.17757385149878,1168.4076301812997,5.705311073660715,337.68605856473215,911.0176164469246,412.57619673859125,42.5052443578869,1168.4076301812997,5.705311073660715,337.68605856473215,911.0176164469246,412.57619673859125,42.5052443578869
2026-03-01 15:00:00+00:00,,,,,,,775.9963094721325,0.4009617460159589,325.53075449137503,952.0559685672636,449.17302983092196,41.247488192658274,1168.4076301812997,5.705311073660715,337.68605856473215,911.0176164469246,412.57619673859125,42.5052443578869,1168.4076301812997,5.705311073660715,337.68605856473215,911.0176164469246,412.57619673859125,42.5052443578869
2026-03-01 16:00:00+00:00,,,,,,,550.4938936978389,5.307547093288134,321.9267741223021,1280.7135295816288,470.0430077258328,42.9671893533643,1168.4076301812997,5.705311073660715,337.68605856473215,911.0176164469246,412.57619673859125,42.5052443578869,1168.4076301812997,5.705311073660715,337.68605856473215,911.0176164469246,412.57619673859125,42.5052443578869
2026-03-01 17:00:00+00:00,,,,,,,652.2383165576266,6.121421947694505,320.94193049785525,1508.0958054994849,484.0146790849468,40.380727723416086,1168.4076301812997,5.705311073660715,337.68605856473215,911.0176164469246,412.57619673859125,42.5052443578869,1168.4076301812997,5.705311073660715,337.68605856473215,911.0176164469246,412.57619673859125,42.5052443578869
2026-03-01 18:00:00+00:00,,,,,,,773.0731200200224,0.14369291564649522,314.02710957836405,902.9514212204448,485.2339987517252,44.73311082595532,1168.4076301812997,5.705311073660715,337.68605856473215,911.0176164469246,412.57619673859125,42.5052443578869,1168.4076301812997,5.705311073660715,337.68605856473215,911.0176164469246,412.57619673859125,42.5052443578869
2026-03-01 19:00:00+00:00,,,,,,,884.2337266212567,-0.09542752825014844,314.0927183353125,782.0628270822518,462.778548056339,45.09229355268829,1168.4076301812997,5.705311073660715,337.68605856473215,911.0176164469246,412.57619673859125,42.5052443578869,1168.4076301812997,5.705311073660715,337.68605856473215,911.0176164469246,412.57619673859125,42.5052443578869
2026-03-01 20:00:00+00:00,,,,,,,838.7302333450086,0.2062630889004513,319.9520830276858,789.853097616001,453.49866675436783,43.8426727851122,1168.4076301812997,5.705311073660715,337.68605856473215,911.0176164469246,412.57619673859125,42.5052443578869,1168.4076301812997,5.705311073660715,337.68605856473215,911.0176164469246,412.57619673859125,42.5052443578869
2026-03-01 21:00:00+00:00,,,,,,,1009.4008951031701,0.06910363767090111,315.99336700968877,720.9808389370014,447.901099786444,39.1287588576269,1168.4076301812997,5.705311073660715,337.68605856473215,911.0176164469246,412.57619673859125,42.5052443578869,1168.4076301812997,5.705311073660715,337.68605856473215,911.0176164469246,412.57619673859125,42.5052443578869
2026-03-01 22:00:00+00:00,,,,,,,1219.4095235015486,0.3094183579195757,317.8033827019424,658.6029413169408,441.4900371241481,37.71026865823973,1168.4076301812997,5.705311073660715,337.68605856473215,911.0176164469246,412.57619673859125,42.5052443578869,1168.4076301812997,5.705311073660715,337.68605856473215,911.0176164469246,412.57619673859125,42.5052443578869
2026-03-01 23:00:00+00:00,,,,,,,1269.611702012495,0.5129507239528719,318.28882026763904,657.6730089685632,426.8385399643015,37.855203424826726,1168.4076301812997,5.705311073660715,337.68605856473215,911.0176164469246,412.57619673859125,42.5052443578869,1168.4076301812997,5.705311073660715,337.68605856473215,911.0176164469246,412.57619673859125,42.5052443578869
2026-03-02 00:00:00+00:00,,,,,,,1090.209673534948,0.5183719226335599,319.89960938081987,779.9433950494465,400.73694056058486,37.81305144624091,1168.4076301812997,5.705311073660715,337.68605856473215,911.0176164469246,412.57619673859125,42.5052443578869,1168.4076301812997,5.705311073660715,337.68605856473215,911.0176164469246,412.57619673859125,42.5052443578869
2026-03-02 01:00:00+00:00,,,,,,,1135.759582329978,0.6184920799935609,321.6194774034683,790.3671615652569,400.4024227457889,37.63586701314354,1168.4076301812997,5.705311073660715,337.68605856473215,911.0176164469246,412.57619673859125,42.5052443578869,1168.4076301812997,5.705311073660715,337.68605856473215,911.0176164469246,412.57619673859125,42.5052443578869
2026-03-02 02:00:00+00:00,,,,,,,1068.8582086736528,0.753374775577762,324.1412228503014,760.1336274261826,404.4216197564428,38.07485544669413,1168.4076301812997,5.705311073660715,337.68605856473215,911.0176164469246,412.57619673859125,42.5052443578869,1168.4076301812997,5.705311073660715,337.68605856473215,911.0176164469246,412.57619673859125,42.5052443578869
2026-03-02 03:00:00+00:00,,,,,,,1149.4107194322746,10.83770796277473,326.32578969465817,825.26518689091,408.9392947731315,38.978074804192886,1168.4076301812997,5.705311073660715,337.68605856473215,911.0176164469246,412.57619673859125,42.5052443578869,1168.4076301812997,5.705311073660715,337.68605856473215,911.0176164469246,412.57619673859125,42.5052443578869
2026-03-02 04:00:00+00:00,,,,,,,1608.4649182639803,3.9740259355705003,336.28069230673464,1065.3768633883237,426.9118439128532,39.02326867010831,1168.4076301812997,5.705311073660715,337.68605856473215,911.0176164469246,412.57619673859125,42.5052443578869,1168.4076301812997,5.705311073660715,337.68605856473215,911.0176164469246,412.57619673859125,42.5052443578869
2026-03-02 05:00:00+00:00,,,,,,,1876.0584059517112,4.526409415848982,346.56962563444404,1367.3538157842008,454.70221278677786,41.922717339727924,1168.4076301812997,5.705311073660715,337.68605856473215,911.0176164469246,412.57619673859125,42.5052443578869,1168.4076301812997,5.705311073660715,337.68605856473215,911.0176164469246,412.57619673859125,42.5052443578869
2026-03-02 06:00:00+00:00,,,,,,,2002.9486577436055,8.568193010366533,346.14362575348673,1413.4901915332998,469.3515521543875,44.13252321627976,1168.4076301812997,5.705311073660715,337.68605856473215,911.0176164469246,412.57619673859125,42.5052443578869,1168.4076301812997,5.705311073660715,337.68605856473215,911.0176164469246,412.57619673859125,42.5052443578869
2026-03-02 07:00:00+00:00,,,,,,,1939.4634561712837,4.624342185741046,354.50289426312213,1163.5175666878756,474.67221213449966,42.791148725119314,1168.4076301812997,5.705311073660715,337.68605856473215,911.0176164469246,412.57619673859125,42.5052443578869,1168.4076301812997,5.705311073660715,337.68605856473215,911.0176164469246,412.57619673859125,42.5052443578869
2026-03-02 08:00:00+00:00,,,,,,,1434.4803562816041,-2.0945547438375316,339.10996236879316,724.9065850735855,456.69171548919604,42.12380732404275,1168.4076301812997,5.705311073660715,337.68605856473215,911.0176164469246,412.57619673859125,42.5052443578869,1168.4076301812997,5.705311073660715,337.68605856473215,911.0176164469246,412.57619673859125,42.5052443578869
2026-03-02 09:00:00+00:00,,,,,,,1030.8858313541148,4.567740463943844,346.821003817531,632.4235602900657,426.43244355562575,40.99510918907283,1168.4076301812997,5.705311073660715,337.68605856473215,911.0176164469246,412.57619673859125,42.5052443578869,1168.4076301812997,5.705311073660715,337.68605856473215,911.0176164469246,412.57619673859125,42.5052443578869
2026-03-02 10:00:00+00:00,,,,,,,1168.7834015277929,5.63980390510059,328.5788814754419,596.6737893931564,408.99076377972887,42.38907193979438,1168.4076301812997,5.705311073660715,337.68605856473215,911.0176164469246,412.57619673859125,42.5052443578869,1168.4076301812997,5.705311073660715,337.68605856473215,911.0176164469246,412.57619673859125,42.5052443578869
2026-03-02 11:00:00+00:00,,,,,,,1082.5441954750786,4.1782958391041145,323.71389138381664,653.2228700540663,387.60771022869795,40.82392724886945,1168.4076301812997,5.705311073660715,337.68605856473215,911.0176164469246,412.57619673859125,42.5052443578869,1168.4076301812997,5.705311073660715,337.68605856473215,911.0176164469246,412.57619673859125,42.5052443578869
2026-03-02 12:00:00+00:00,,,,,,,1053.5404214392045,14.7318742733181,320.07326754092963,646.0151845971112,376.46889648830336,41.465226522103045,1168.4076301812997,5.705311073660715,337.68605856473215,911.0176164469246,412.57619673859125,42.5052443578869,1168.4076301812997,5.705311073660715,337.68605856473215,911.0176164469246,412.57619673859125,42.5052443578869
2026-03-02 13:00:00+00:00,,,,,,,1210.0553433698976,1.4868579827038486,316.9414944822254,605.1774600087651,377.9622829809656,41.850373219682304,1168.4076301812997,5.705311073660715,337.68605856473215,911.0176164469246,412.57619673859125,42.5052443578869,1168.4076301812997,5.705311073660715,337.68605856473215,911.0176164469246,412.57619673859125,42.5052443578869
2026-03-02 14:00:00+00:00,,,,,,,1492.2816670735383,2.6181308780654726,321.44007565630415,680.437036019455,412.6963385352844,41.2869256542059,1168.4076301812997,5.705311073660715,337.68605856473215,911.0176164469246,412.57619673859125,42.5052443578869,1168.4076301812997,5.705311073660715,337.68605856473215,911.0176164469246,412.57619673859125,42.5052443578869
2026-03-02 15:00:00+00:00,,,,,,,1677.1812463433482,2.0526577385280564,327.80616740827315,917.2921138158243,431.05217502224934,44.42495931039944,1168.4076301812997,5.705311073660715,337.68605856473215,911.0176164469246,412.57619673859125,42.5052443578869,1168.4076301812997,5.705311073660715,337.68605856473215,911.0176164469246,412.57619673859125,42.5052443578869
2026-03-02 16:00:00+00:00,,,,,,,2259.1154472059516,1.5226689303610765,346.11567781520966,1429.175104478003,482.4383887358116,40.30891949667578,1168.4076301812997,5.705311073660715,337.68605856473215,911.0176164469246,412.57619673859125,42.5052443578869,1168.4076301812997,5.705311073660715,337.68605856473215,911.0176164469246,412.57619673859125,42.5052443578869
2026-03-02 17:00:00+00:00,,,,,,,1730.102576803807,12.911856644379547,339.77244353449544,1663.793478073296,476.98270066325125,42.08472215564266,1168.4076301812997,5.705311073660715,337.68605856473215,911.0176164469246,412.57619673859125,42.5052443578869,1168.4076301812997,5.705311073660715,337.68605856473215,911.0176164469246,412.57619673859125,42.5052443578869
2026-03-02 18:00:00+00:00,,,,,,,1698.493437599642,6.369669128432468,341.6846668686313,1220.5364987530847,487.4803362365367,41.99943944350641,1168.4076301812997,5.705311073660715,337.68605856473215,911.0176164469246,412.57619673859125,42.5052443578869,1168.4076301812997,5.705311073660715,337.68605856473215,911.0176164469246,412.57619673859125,42.5052443578869
2026-03-02 19:00:00+00:00,,,,,,,1512.6330001542922,1.8110342160893476,332.9329844472688,1087.6977318814602,469.41022273318305,41.03577845336373,1168.4076301812997,5.705311073660715,337.68605856473215,911.0176164469246,412.57619673859125,42.5052443578869,1168.4076301812997,5.705311073660715,337.68605856473215,911.0176164469246,412.57619673859125,42.5052443578869
2026-03-02 20:00:00+00:00,,,,,,,1355.1091405603092,-0.6530527355574964,325.1892167508001,965.5256677697512,464.9437817116264,39.873954656797494,1168.4076301812997,5.705311073660715,337.68605856473215,911.0176164469246,412.57619673859125,42.5052443578869,1168.4076301812997,5.705311073660715,337.68605856473215,911.0176164469246,412.57619673859125,42.5052443578869
2026-03-02 21:00:00+00:00,,,,,,,1470.7510397327453,-0.2970051520806125,333.58712195077186,813.0323175137531,443.87988039256027,39.11396666638365,1168.4076301812997,5.705311073660715,337.68605856473215,911.0176164469246,412.57619673859125,42.5052443578869,1168.4076301812997,5.705311073660715,337.68605856473215,911.0176164469246,412.57619673859125,42.5052443578869
2026-03-02 22:00:00+00:00,,,,,,,1614.8914039032288,0.5481142814370088,325.42576022820276,811.6551008103789,433.3962711486125,39.35595241586966,1168.4076301812997,5.705311073660715,337.68605856473215,911.0176164469246,412.57619673859125,42.5052443578869,1168.4076301812997,5.705311073660715,337.68605856473215,911.0176164469246,412.57619673859125,42.5052443578869
2026-03-02 23:00:00+00:00,,,,,,,1584.5863145087128,0.641108622231819,327.14411796813374,758.0151545389867,428.0283152856578,38.52408642072985,1168.4076301812997,5.705311073660715,337.68605856473215,911.0176164469246,412.57619673859125,42.5052443578869,1168.4076301812997,5.705311073660715,337.68605856473215,911.0176164469246,412.57619673859125,42.5052443578869
2026-03-03 00:00:00+00:00,,,,,,,1466.7933600645113,0.38209216201901786,323.52530072289585,803.7530874050994,407.7608461660834,40.11857554186628,1168.4076301812997,5.705311073660715,337.68605856473215,911.0176164469246,412.57619673859125,42.5052443578869,1168.4076301812997,5.705311073660715,337.68605856473215,911.0176164469246,412.57619673859125,42.5052443578869
2026-03-03 01:00:00+00:00,,,,,,,1723.04287922862,0.47042499301438667,322.3693007637296,851.0155428078143,412.2656820792471,40.069478100982245,1168.4076301812997,5.705311073660715,337.68605856473215,911.0176164469246,412.57619673859125,42.5052443578869,1168.4076301812997,5.705311073660715,337.68605856473215,911.0176164469246,412.57619673859125,42.5052443578869
2026-03-03 02:00:00+00:00,,,,,,,1884.0559831587375,0.5743887315504095,321.74017750849646,878.438904765925,409.1737307750292,41.35871047419648,1168.4076301812997,5.705311073660715,337.68605856473215,911.0176164469246,412.57619673859125,42.5052443578869,1168.4076301812997,5.705311073660715,337.68605856473215,911.0176164469246,412.57619673859125,42.5052443578869
2026-03-03 03:00:00+00:00,,,,,,,1921.8726543695716,6.4676607648944255,323.34293935429497,1089.133362853854,415.7040297831834,43.49279893388117,1168.4076301812997,5.705311073660715,337.68605856473215,911.0176164469246,412.57619673859125,42.5052443578869,1168.4076301812997,5.705311073660715,337.68605856473215,911.0176164469246,412.57619673859125,42.5052443578869
2026-03-03 04:00:00+00:00,,,,,,,1977.705284565293,9.918151849137985,334.8257836238056,1297.3523114298791,426.73046411755433,43.47493742774173,1168.4076301812997,5.705311073660715,337.68605856473215,911.0176164469246,412.57619673859125,42.5052443578869,1168.4076301812997,5.705311073660715,337.68605856473215,911.0176164469246,412.57619673859125,42.5052443578869
2026-03-03 05:00:00+00:00,,,,,,,2159.1035317567535,7.951061979403253,354.2184390951105,1464.889352770563,453.74342946167667,44.36867660932037,1168.4076301812997,5.705311073660715,337.68605856473215,911.0176164469246,412.57619673859125,42.5052443578869,1168.4076301812997,5.705311073660715,337.68605856473215,911.0176164469246,412.57619673859125,42.5052443578869
2026-03-03 06:00:00+00:00,,,,,,,2192.608933680399,11.71271786315106,370.6983569981545,1468.5092399096886,467.96609527314826,45.17549878628731,1168.4076301812997,5.705311073660715,337.68605856473215,911.0176164469246,412.57619673859125,42.5052443578869,1168.4076301812997,5.705311073660715,337.68605856473215,911.0176164469246,412.57619673859125,42.5052443578869
2026-03-03 07:00:00+00:00,,,,,,,2230.92217017267,1.193959930140453,359.692253297225,1144.3797355515621,473.9397964326075,43.22273600318589,1168.4076301812997,5.705311073660715,337.68605856473215,911.0176164469246,412.57619673859125,42.5052443578869,1168.4076301812997,5.705311073660715,337.68605856473215,911.0176164469246,412.57619673859125,42.5052443578869
2026-03-03 08:00:00+00:00,,,,,,,1790.3525441476584,-4.646970243189255,334.4715275966124,734.0757358873049,435.7032780865172,40.49179498160124,1168.4076301812997,5.705311073660715,337.68605856473215,911.0176164469246,412.57619673859125,42.5052443578869,1168.4076301812997,5.705311073660715,337.68605856473215,911.0176164469246,412.57619673859125,42.5052443578869
2026-03-03 09:00:00+00:00,,,,,,,1845.023803654648,6.505778555955224,338.41796225314295,644.731597217962,418.46037667145447,38.44042013499276,1168.4076301812997,5.705311073660715,337.68605856473215,911.0176164469246,412.57619673859125,42.5052443578869,1168.4076301812997,5.705311073660715,337.68605856473215,911.0176164469246,412.57619673859125,42.5052443578869
2026-03-03 10:00:00+00:00,,,,,,,1865.691611579526,0.9780441978809247,323.89206684111815,507.69543528057557,415.3174842342455,39.05617440785015,1168.4076301812997,5.705311073660715,337.68605856473215,911.0176164469246,412.57619673859125,42.5052443578869,1168.4076301812997,5.705311073660715,337.68605856473215,911.0176164469246,412.57619673859125,42.5052443578869
2026-03-03 11:00:00+00:00,,,,,,,1438.8767664654786,-1.998178639710261,320.8096935809258,499.75617291583853,386.5325016045157,40.98216156063593,1168.4076301812997,5.705311073660715,337.68605856473215,911.0176164469246,412.57619673859125,42.5052443578869,1168.4076301812997,5.705311073660715,337.68605856473215,911.0176164469246,412.57619673859125,42.5052443578869
2026-03-03 12:00:00+00:00,,,,,,,1209.3554119358867,2.5293278346170016,316.8641763016103,559.1900084580168,375.30351387163466,40.48865441838666,1168.4076301812997,5.705311073660715,337.68605856473215,911.0176164469246,412.57619673859125,42.5052443578869,1168.4076301812997,5.705311073660715,337.68605856473215,911.0176164469246,412.57619673859125,42.5052443578869
2026-03-03 13:00:00+00:00,,,,,,,1219.783747849627,6.328639312904984,316.81947748872307,656.3884288007392,367.9838545025253,41.73763718810389,1168.4076301812997,5.705311073660715,337.68605856473215,911.0176164469246,412.57619673859125,42.5052443578869,1168.4076301812997,5.705311073660715,337.68605856473215,911.0176164469246,412.57619673859125,42.5052443578869
2026-03-03 14:00:00+00:00,,,,,,,1686.7170763843937,5.659130080959766,319.9877994386598,722.730967553849,385.0676574194683,42.992246811556385,1168.4076301812997,5.705311073660715,337.68605856473215,911.0176164469246,412.57619673859125,42.5052443578869,1168.4076301812997,5.705311073660715,337.68605856473215,911.0176164469246,412.57619673859125,42.5052443578869
2026-03-03 15:00:00+00:00,,,,,,,2030.1258777783241,11.886296689647583,330.1178717220507,1058.746015003589,410.06568215643017,42.412460705067154,1168.4076301812997,5.705311073660715,337.68605856473215,911.0176164469246,412.57619673859125,42.5052443578869,1168.4076301812997,5.705311073660715,337.68605856473215,911.0176164469246,412.57619673859125,42.5052443578869
2026-03-03 16:00:00+00:00,,,,,,,2440.0501859617425,16.77876566273597,368.4215149954942,1671.2063944798933,477.2778102193826,40.88887750339473,1168.4076301812997,5.705311073660715,337.68605856473215,911.0176164469246,412.57619673859125,42.5052443578869,1168.4076301812997,5.705311073660715,337.68605856473215,911.0176164469246,412.57619673859125,42.5052443578869
2026-03-03 17:00:00+00:00,,,,,,,2125.332899422754,43.30460964234297,375.66736855645206,1704.85783226871,476.93010331180574,39.87877271257454,1168.4076301812997,5.705311073660715,337.68605856473215,911.0176164469246,412.57619673859125,42.5052443578869,1168.4076301812997,5.705311073660715,337.68605856473215,911.0176164469246,412.57619673859125,42.5052443578869
2026-03-03 18:00:00+00:00,,,,,,,2280.6327777153456,33.117322050621425,366.77148587797296,1750.8081721823096,477.1400186163363,40.441387704565436,1168.4076301812997,5.705311073660715,337.68605856473215,911.0176164469246,412.57619673859125,42.5052443578869,1168.4076301812997,5.705311073660715,337.68605856473215,911.0176164469246,412.57619673859125,42.5052443578869
2026-03-03 19:00:00+00:00,,,,,,,2282.907173582579,15.252011814912661,340.6922193519489,1294.808666869184,461.27985730465855,40.08155571288913,1168.4076301812997,5.705311073660715,337.68605856473215,911.0176164469246,412.57619673859125,42.5052443578869,1168.4076301812997,5.705311073660715,337.68605856473215,911.0176164469246,412.57619673859125,42.5052443578869
2026-03-03 20:00:00+00:00,,,,,,,1982.526365710225,2.869018013967862,324.65454308606087,1274.626186400088,444.26208139735513,40.7375716522784,1168.4076301812997,5.705311073660715,337.68605856473215,911.0176164469246,412.57619673859125,42.5052443578869,1168.4076301812997,5.705311073660715,337.68605856473215,911.0176164469246,412.57619673859125,42.5052443578869
2026-03-03 21:00:00+00:00,,,,,,,2140.397112124634,-0.18753819687398998,326.2047402605456,951.6962989867791,440.9702880874121,38.837477686917715,1168.4076301812997,5.705311073660715,337.68605856473215,911.0176164469246,412.57619673859125,42.5052443578869,1168.4076301812997,5.705311073660715,337.68605856473215,911.0176164469246,412.57619673859125,42.5052443578869
2026-03-03 22:00:00+00:00,,,,,,,2125.8525111417694,0.7421510827007634,319.02999978305786,907.4174183065712,432.2767475600669,40.04714036159701,1168.4076301812997,5.705311073660715,337.68605856473215,911.0176164469246,412.57619673859125,42.5052443578869,1168.4076301812997,5.705311073660715,337.68605856473215,911.0176164469246,412.57619673859125,42.5052443578869
2026-03-03 23:00:00+00:00,,,,,,,2025.0746202718951,0.6491567419059541,319.97946059278473,860.0041104937839,413.20328735458605,39.41013698365223,1168.4076301812997,5.705311073660715,337.68605856473215,911.0176164469246,412.57619673859125,42.5052443578869,1168.4076301812997,5.705311073660715,337.68605856473215,911.0176164469246,412.57619673859125,42.5052443578869
2026-03-04 00:00:00+00:00,,,,,,,1938.3417906464274,0.8809823827830048,315.14673437371016,906.407299260214,402.9787608933483,39.91314833888816,1168.4076301812997,5.705311073660715,337.68605856473215,911.0176164469246,412.57619673859125,42.5052443578869,1168.4076301812997,5.705311073660715,337.68605856473215,911.0176164469246,412.57619673859125,42.5052443578869
2026-03-04 01:00:00+00:00,,,,,,,1820.2549999112937,0.7592184854660919,313.90964793430027,890.7202786804626,401.0847071136796,39.36941253416693,1168.4076301812997,5.705311073660715,337.68605856473215,911.0176164469246,412.57619673859125,42.5052443578869,1168.4076301812997,5.705311073660715,337.68605856473215,911.0176164469246,412.57619673859125,42.5052443578869
2026-03-04 02:00:00+00:00,,,,,,,2119.7287357255555,0.7592184854660919,317.76107453121745,926.4514985482965,402.6642180656833,41.31603513879267,1168.4076301812997,5.705311073660715,337.68605856473215,911.0176164469246,412.57619673859125,42.5052443578869,1168.4076301812997,5.705311073660715,337.68605856473215,911.0176164469246,412.57619673859125,42.5052443578869
2026-03-04 03:00:00+00:00,,,,,,,2084.060051657941,3.027523039264971,316.4179468519375,903.0920638606133,410.68247721706405,42.93837687133133,1168.4076301812997,5.705311073660715,337.68605856473215,911.0176164469246,412.57619673859125,42.5052443578869,1168.4076301812997,5.705311073660715,337.68605856473215,911.0176164469246,412.57619673859125,42.5052443578869
2026-03-04 04:00:00+00:00,,,,,,,1972.2941334470443,5.14454497536766,325.70054084726246,1328.6227233219684,422.66018401629856,41.013117913915465,1168.4076301812997,5.705311073660715,337.68605856473215,911.0176164469246,412.57619673859125,42.5052443578869,1168.4076301812997,5.705311073660715,337.68605856473215,911.0176164469246,412.57619673859125,42.5052443578869
2026-03-04 05:00:00+00:00,,,,,,,2326.3334072940324,12.321964310212206,347.5872949279155,1562.530935980523,453.3787943616967,44.086874588141654,1168.4076301812997,5.705311073660715,337.68605856473215,911.0176164469246,412.57619673859125,42.5052443578869,1168.4076301812997,5.705311073660715,337.68605856473215,911.0176164469246,412.57619673859125,42.5052443578869
2026-03-04 06:00:00+00:00,,,,,,,2408.4932395346787,11.846482917456074,358.4433299141553,1481.0668092652277,468.37977963961777,43.08128330339997,1168.4076301812997,5.705311073660715,337.68605856473215,911.0176164469246,412.57619673859125,42.5052443578869,1168.4076301812997,5.705311073660715,337.68605856473215,911.0176164469246,412.57619673859125,42.5052443578869
2026-03-04 07:00:00+00:00,,,,,,,2318.8675772811757,5.254762635614848,359.24120841895916,1103.3791241856188,465.59836228906846,40.423655626675156,1168.4076301812997,5.705311073660715,337.68605856473215,911.0176164469246,412.57619673859125,42.5052443578869,1168.4076301812997,5.705311073660715,337.68605856473215,911.0176164469246,412.57619673859125,42.5052443578869
2026-03-04 08:00:00+00:00,,,,,,,1856.4355477465506,0.23810656208920378,343.9533288019421,742.4911862801571,442.49468418586696,38.78882695033373,1168.4076301812997,5.705311073660715,337.68605856473215,911.0176164469246,412.57619673859125,42.5052443578869,1168.4076301812997,5.705311073660715,337.68605856473215,911.0176164469246,412.57619673859125,42.5052443578869
2026-03-04 09:00:00+00:00,,,,,,,1880.101958021624,-0.6339281504898562,333.3235669788225,696.6095284855585,415.3497461015458,37.70684793961919,1168.4076301812997,5.705311073660715,337.68605856473215,911.0176164469246,412.57619673859125,42.5052443578869,1168.4076301812997,5.705311073660715,337.68605856473215,911.0176164469246,412.57619673859125,42.5052443578869
2026-03-04 10:00:00+00:00,,,,,,,1785.254462495046,7.453414269218674,324.21202094450246,544.1210529779307,414.9786224593044,38.22827968561198,1168.4076301812997,5.705311073660715,337.68605856473215,911.0176164469246,412.57619673859125,42.5052443578869,1168.4076301812997,5.705311073660715,337.68605856473215,911.0176164469246,412.57619673859125,42.5052443578869
2026-03-04 11:00:00+00:00,,,,,,,1708.513445828424,1.7474843345913817,317.89123289271504,500.90601009155966,399.23292649442726,40.45621043888536,1168.4076301812997,5.705311073660715,337.68605856473215,911.0176164469246,412.57619673859125,42.5052443578869,1168.4076301812997,5.705311073660715,337.68605856473215,911.0176164469246,412.57619673859125,42.5052443578869
2026-03-04 12:00:00+00:00,,,,,,,1400.763638297528,8.057072623039565,316.4512678096432,541.1063420986047,372.58031933445966,38.29459777964593,1168.4076301812997,5.705311073660715,337.68605856473215,911.0176164469246,412.57619673859125,42.5052443578869,1168.4076301812997,5.705311073660715,337.68605856473215,911.0176164469246,412.57619673859125,42.5052443578869
2026-03-04 13:00:00+00:00,,,,,,,1158.9077842806266,11.685569394204137,316.14346873748553,612.3771425754652,377.7749386231172,39.34666767349875,1168.4076301812997,5.705311073660715,337.68605856473215,911.0176164469246,412.57619673859125,42.5052443578869,1168.4076301812997,5.705311073660715,337.68605856473215,911.0176164469246,412.57619673859125,42.5052443578869
2026-03-04 14:00:00+00:00,,,,,,,1705.3196001245863,10.203694167670307,317.6137540075874,680.6601270045254,402.06702784498503,39.693348131098546,1168.4076301812997,5.705311073660715,337.68605856473215,911.0176164469246,412.57619673859125,42.5052443578869,1168.4076301812997,5.705311073660715,337.68605856473215,911.0176164469246,412.57619673859125,42.5052443578869
2026-03-04 15:00:00+00:00,,,,,,,1721.2681212376256,10.136786002843207,319.93092377946147,892.0512179142772,430.35365263856795,39.934214662384576,1168.4076301812997,5.705311073660715,337.68605856473215,911.0176164469246,412.57619673859125,42.5052443578869,1168.4076301812997,5.705311073660715,337.68605856473215,911.0176164469246,412.57619673859125,42.5052443578869
2026-03-04 16:00:00+00:00,,,,,,,2265.0332169400754,1.5191288748742098,340.028021588899,1583.234105298911,489.24031192468954,37.54370153592351,1168.4076301812997,5.705311073660715,337.68605856473215,911.0176164469246,412.57619673859125,42.5052443578869,1168.4076301812997,5.705311073660715,337.68605856473215,911.0176164469246,412.57619673859125,42.5052443578869
2026-03-04 17:00:00+00:00,,,,,,,2067.088543570795,12.813526817221797,341.31552916627095,1701.4604269720016,481.305143568046,38.568185710888635,1168.4076301812997,5.705311073660715,337.68605856473215,911.0176164469246,412.57619673859125,42.5052443578869,1168.4076301812997,5.705311073660715,337.68605856473215,911.0176164469246,412.57619673859125,42.5052443578869
2026-03-04 18:00:00+00:00,,,,,,,2324.594697011429,9.123063662854397,328.33303147524026,1733.285078475772,490.97308187088146,38.57206440066301,1168.4076301812997,5.705311073660715,337.68605856473215,911.0176164469246,412.57619673859125,42.5052443578869,1168.4076301812997,5.705311073660715,337.68605856473215,911.0176164469246,412.57619673859125,42.5052443578869
2026-03-04 19:00:00+00:00,,,,,,,2140.413179578306,6.5583013135448285,342.0677330405131,1211.5106495595328,468.16014524689797,38.802370276523305,1168.4076301812997,5.705311073660715,337.68605856473215,911.0176164469246,412.57619673859125,42.5052443578869,1168.4076301812997,5.705311073660715,337.68605856473215,911.0176164469246,412.57619673859125,42.5052443578869
2026-03-04 20:00:00+00:00,,,,,,,2180.8095320241805,1.3300845584184824,321.71687640915707,1073.524283479439,459.91796343663145,38.792285131039584,1168.4076301812997,5.705311073660715,337.68605856473215,911.0176164469246,412.57619673859125,42.5052443578869,1168.4076301812997,5.705311073660715,337.68605856473215,911.0176164469246,412.57619673859125,42.5052443578869
2026-03-04 21:00:00+00:00,,,,,,,2005.804226097029,0.7538655105133971,321.2447199244351,886.7470909509173,447.044276362924,37.679596358209395,1168.4076301812997,5.705311073660715,337.68605856473215,911.0176164469246,412.57619673859125,42.5052443578869,1168.4076301812997,5.705311073660715,337.68605856473215,911.0176164469246,412.57619673859125,42.5052443578869
2026-03-04 22:00:00+00:00,,,,,,,1852.5008197066854,0.8139764336805309,322.10556269257273,878.5281038159402,431.90695481194496,37.00286449163683,1168.4076301812997,5.705311073660715,337.68605856473215,911.0176164469246,412.57619673859125,42.5052443578869,1168.4076301812997,5.705311073660715,337.68605856473215,911.0176164469246,412.57619673859125,42.5052443578869
2026-03-04 23:00:00+00:00,,,,,,,1862.8729944186152,0.7680378372054797,321.2885798383289,813.1191384783737,417.2851524767107,39.05564506739646,1168.4076301812997,5.705311073660715,337.68605856473215,911.0176164469246,412.57619673859125,42.5052443578869,1168.4076301812997,5.705311073660715,337.68605856473215,911.0176164469246,412.57619673859125,42.5052443578869
2026-03-05 00:00:00+00:00,,,,,,,1520.730044693493,0.9199357122062306,325.6909143651338,861.254140752541,405.429735122586,39.6974690782707,1168.4076301812997,5.705311073660715,337.68605856473215,911.0176164469246,412.57619673859125,42.5052443578869,1168.4076301812997,5.705311073660715,337.68605856473215,911.0176164469246,412.57619673859125,42.5052443578869
2026-03-05 01:00:00+00:00,,,,,,,1555.1805563565754,0.861370341568982,338.9964868380292,853.5960453521176,412.7863834663268,40.49399322690184,1168.4076301812997,5.705311073660715,337.68605856473215,911.0176164469246,412.57619673859125,42.5052443578869,1168.4076301812997,5.705311073660715,337.68605856473215,911.0176164469246,412.57619673859125,42.5052443578869
2026-03-05 02:00:00+00:00,,,,,,,1519.021668090796,6.57146726299371,334.8053012980632,855.808255616612,412.9240630477076,41.05210906639012,1168.4076301812997,5.705311073660715,337.68605856473215,911.0176164469246,412.57619673859125,42.5052443578869,1168.4076301812997,5.705311073660715,337.68605856473215,911.0176164469246,412.57619673859125,42.5052443578869
2026-03-05 03:00:00+00:00,,,,,,,1828.9865798251105,10.777131804954253,331.60610643458926,876.7107443279995,420.5823961035969,42.18021441035228,1168.4076301812997,5.705311073660715,337.68605856473215,911.0176164469246,412.57619673859125,42.5052443578869,1168.4076301812997,5.705311073660715,337.68605856473215,911.0176164469246,412.57619673859125,42.5052443578869
2026-03-05 04:00:00+00:00,,,,,,,2062.3214461782154,16.541409097546307,350.99687371752077,1205.4206949436511,437.79013837567425,41.323503217965374,1168.4076301812997,5.705311073660715,337.68605856473215,911.0176164469246,412.57619673859125,42.5052443578869,1168.4076301812997,5.705311073660715,337.68605856473215,911.0176164469246,412.57619673859125,42.5052443578869
2026-03-05 05:00:00+00:00,,,,,,,2262.8950047918233,12.764926925413619,355.44441208889305,1394.49252442539,461.3552928842399,40.331866096575084,1168.4076301812997,5.705311073660715,337.68605856473215,911.0176164469246,412.57619673859125,42.5052443578869,1168.4076301812997,5.705311073660715,337.68605856473215,911.0176164469246,412.57619673859125,42.5052443578869
2026-03-05 06:00:00+00:00,,,,,,,2195.774732698634,-0.58025248391868,378.87419961188516,1527.3219940494648,477.6338691574282,40.80226601323608,1168.4076301812997,5.705311073660715,337.68605856473215,911.0176164469246,412.57619673859125,42.5052443578869,1168.4076301812997,5.705311073660715,337.68605856473215,911.0176164469246,412.57619673859125,42.5052443578869
2026-03-05 07:00:00+00:00,,,,,,,2124.9903997437714,3.777754075941584,374.3450288260348,1107.9369107902214,478.32276638316665,41.91682206197491,1168.4076301812997,5.705311073660715,337.68605856473215,911.0176164469246,412.57619673859125,42.5052443578869,1168.4076301812997,5.705311073660715,337.68605856473215,911.0176164469246,412.57619673859125,42.5052443578869
2026-03-05 08:00:00+00:00,,,,,,,2186.3795072568764,4.007569270618481,363.5456888017917,733.8540383745604,469.72379506655443,38.59059263907315,1168.4076301812997,5.705311073660715,337.68605856473215,911.0176164469246,412.57619673859125,42.5052443578869,1168.4076301812997,5.705311073660715,337.68605856473215,911.0176164469246,412.57619673859125,42.5052443578869
2026-03-05 09:00:00+00:00,,,,,,,1794.6130169841877,1.0276596536868636,352.44718010136603,640.2374290106272,448.3787128314774,39.45834883249943,1168.4076301812997,5.705311073660715,337.68605856473215,911.0176164469246,412.57619673859125,42.5052443578869,1168.4076301812997,5.705311073660715,337.68605856473215,911.0176164469246,412.57619673859125,42.5052443578869
2026-03-05 10:00:00+00:00,,,,,,,1034.3325002203392,-1.762645746222268,328.4150651858832,590.8361624955508,428.52380533575354,37.4619696516285,1168.4076301812997,5.705311073660715,337.68605856473215,911.0176164469246,412.57619673859125,42.5052443578869,1168.4076301812997,5.705311073660715,337.68605856473215,911.0176164469246,412.57619673859125,42.5052443578869
2026-03-05 11:00:00+00:00,,,,,,,784.789150598721,12.043832417903129,318.9926080700582,571.6934509486518,397.869136188284,36.5022883047018,1168.4076301812997,5.705311073660715,337.68605856473215,911.0176164469246,412.57619673859125,42.5052443578869,1168.4076301812997,5.705311073660715,337.68605856473215,911.0176164469246,412.57619673859125,42.5052443578869
2026-03-05 12:00:00+00:00,,,,,,,794.415842035051,7.604024342502902,317.95076601637874,574.1198046938559,375.6601491021165,35.45794769482605,1168.4076301812997,5.705311073660715,337.68605856473215,911.0176164469246,412.57619673859125,42.5052443578869,1168.4076301812997,5.705311073660715,337.68605856473215,911.0176164469246,412.57619673859125,42.5052443578869
2026-03-05 13:00:00+00:00,,,,,,,819.5533815885121,10.721068354085036,318.01352376390105,654.6110450084534,382.7904927891766,35.29125529254736,1168.4076301812997,5.705311073660715,337.68605856473215,911.0176164469246,412.57619673859125,42.5052443578869,1168.4076301812997,5.705311073660715,337.68605856473215,911.0176164469246,412.57619673859125,42.5052443578869
2026-03-05 14:00:00+00:00,,,,,,,754.0504511074685,5.02811820219733,319.4287838966794,648.712105137156,399.02394130015665,35.2219548364457,1168.4076301812997,5.705311073660715,337.68605856473215,911.0176164469246,412.57619673859125,42.5052443578869,1168.4076301812997,5.705311073660715,337.68605856473215,911.0176164469246,412.57619673859125,42.5052443578869
2026-03-05 15:00:00+00:00,,,,,,,982.768940140846,2.0949159468034195,333.18285301716094,980.0127748391812,425.11392457863377,38.312288423248134,1168.4076301812997,5.705311073660715,337.68605856473215,911.0176164469246,412.57619673859125,42.5052443578869,1168.4076301812997,5.705311073660715,337.68605856473215,911.0176164469246,412.57619673859125,42.5052443578869
2026-03-05 16:00:00+00:00,,,,,,,1908.1134417797707,0.24495238525350072,344.3124324409458,1208.9639110402295,475.5639768939745,38.525056703988085,1168.4076301812997,5.705311073660715,337.68605856473215,911.0176164469246,412.57619673859125,42.5052443578869,1168.4076301812997,5.705311073660715,337.68605856473215,911.0176164469246,412.57619673859125,42.5052443578869
2026-03-05 17:00:00+00:00,,,,,,,1826.3220116669913,9.503644276721793,335.73904917834955,1444.30997249161,475.64048868225353,39.419048786114814,1168.4076301812997,5.705311073660715,337.68605856473215,911.0176164469246,412.57619673859125,42.5052443578869,1168.4076301812997,5.705311073660715,337.68605856473215,911.0176164469246,412.57619673859125,42.5052443578869
2026-03-05 18:00:00+00:00,,,,,,,1939.5505008069567,9.656335573981277,337.28967805030965,1289.620765501908,487.62421512332486,36.10208960461414,1168.4076301812997,5.705311073660715,337.68605856473215,911.0176164469246,412.57619673859125,42.5052443578869,1168.4076301812997,5.705311073660715,337.68605856473215,911.0176164469246,412.57619673859125,42.5052443578869
2026-03-05 19:00:00+00:00,,,,,,,1873.4321965438662,5.4318982110684315,333.40715656925454,915.5680334411352,476.16364979029606,36.31580480501829,1168.4076301812997,5.705311073660715,337.68605856473215,911.0176164469246,412.57619673859125,42.5052443578869,1168.4076301812997,5.705311073660715,337.68605856473215,911.0176164469246,412.57619673859125,42.5052443578869
2026-03-05 20:00:00+00:00,,,,,,,1586.5780312095912,4.050097530321088,333.9785056965989,926.1578706385404,464.35348786269867,36.05958335460499,1168.4076301812997,5.705311073660715,337.68605856473215,911.0176164469246,412.57619673859125,42.5052443578869,1168.4076301812997,5.705311073660715,337.68605856473215,911.0176164469246,412.57619673859125,42.5052443578869
2026-03-05 21:00:00+00:00,,,,,,,1627.004584905482,-0.12756954138825272,334.4578751364069,862.901038535316,448.65112598315716,36.30125881644656,1168.4076301812997,5.705311073660715,337.68605856473215,911.0176164469246,412.57619673859125,42.5052443578869,1168.4076301812997,5.705311073660715,337.68605856473215,911.0176164469246,412.57619673859125,42.5052443578869
2026-03-05 22:00:00+00:00,,,,,,,1771.2436575687937,0.94651082927267,336.1824747167923,610.1458764912469,437.87210767977064,35.80352974771185,1168.4076301812997,5.705311073660715,337.68605856473215,911.0176164469246,412.57619673859125,42.5052443578869,1168.4076301812997,5.705311073660715,337.68605856473215,911.0176164469246,412.57619673859125,42.5052443578869
2026-03-05 23:00:00+00:00,,,,,,,1556.4470669718753,1.1049081394189786,342.1908706081998,612.0965444871397,422.23347104189367,35.625118778134556,1168.4076301812997,5.705311073660715,337.68605856473215,911.0176164469246,412.57619673859125,42.5052443578869,1168.4076301812997,5.705311073660715,337.68605856473215,911.0176164469246,412.57619673859125,42.5052443578869
2026-03-06 00:00:00+00:00,,,,,,,1510.0941121272137,1.1884381756839115,344.48725391906316,606.8510625021747,413.28876485165625,35.40586093277967,1168.4076301812997,5.705311073660715,337.68605856473215,911.0176164469246,412.57619673859125,42.5052443578869,1168.4076301812997,5.705311073660715,337.68605856473215,911.0176164469246,412.57619673859125,42.5052443578869
2026-03-06 01:00:00+00:00,,,,,,,1512.010626039037,1.0818396585351344,329.5990412875151,699.3303663941305,405.6453439880196,37.907408813209614,1168.4076301812997,5.705311073660715,337.68605856473215,911.0176164469246,412.57619673859125,42.5052443578869,1168.4076301812997,5.705311073660715,337.68605856473215,911.0176164469246,412.57619673859125,42.5052443578869
2026-03-06 02:00:00+00:00,,,,,,,1594.1489335797937,0.9600757612182216,327.17194567432534,689.6488190064138,412.94719596251025,37.98095802949784,1168.4076301812997,5.705311073660715,337.68605856473215,911.0176164469246,412.57619673859125,42.5052443578869,1168.4076301812997,5.705311073660715,337.68605856473215,911.0176164469246,412.57619673859125,42.5052443578869
2026-03-06 03:00:00+00:00,,,,,,,1817.1993373902033,0.8736192815633279,324.61140501996346,687.2445039252545,415.35033456319087,38.06469782472151,1168.4076301812997,5.705311073660715,337.68605856473215,911.0176164469246,412.57619673859125,42.5052443578869,1168.4076301812997,5.705311073660715,337.68605856473215,911.0176164469246,412.57619673859125,42.5052443578869
2026-03-06 04:00:00+00:00,,,,,,,1695.6026661072428,1.6392413970484885,342.983531032192,909.0727991412389,428.9854773611932,37.9077360102738,1168.4076301812997,5.705311073660715,337.68605856473215,911.0176164469246,412.57619673859125,42.5052443578869,1168.4076301812997,5.705311073660715,337.68605856473215,911.0176164469246,412.57619673859125,42.5052443578869
2026-03-06 05:00:00+00:00,,,,,,,1920.9862656759165,4.055836542683859,364.0200948412804,1161.0657135763972,459.6593929635456,36.562917229837424,1168.4076301812997,5.705311073660715,337.68605856473215,911.0176164469246,412.57619673859125,42.5052443578869,1168.4076301812997,5.705311073660715,337.68605856473215,911.0176164469246,412.57619673859125,42.5052443578869
2026-03-06 06:00:00+00:00,,,,,,,1980.705249245268,1.7207485617667273,353.9680921189056,1203.9850525727295,469.85127997229046,38.77250680206672,1168.4076301812997,5.705311073660715,337.68605856473215,911.0176164469246,412.57619673859125,42.5052443578869,1168.4076301812997,5.705311073660715,337.68605856473215,911.0176164469246,412.57619673859125,42.5052443578869
2026-03-06 07:00:00+00:00,,,,,,,1947.813488602689,0.6735863915886062,353.11468770054086,1128.0854249563645,451.09295535224146,38.990609877128634,1168.4076301812997,5.705311073660715,337.68605856473215,911.0176164469246,412.57619673859125,42.5052443578869,1168.4076301812997,5.705311073660715,337.68605856473215,911.0176164469246,412.57619673859125,42.5052443578869
2026-03-06 08:00:00+00:00,,,,,,,1872.4135067628195,5.2968007933921895,337.0740612569797,946.9339597253047,409.93546628353965,38.93980907002913,1168.4076301812997,5.705311073660715,337.68605856473215,911.0176164469246,412.57619673859125,42.5052443578869,1168.4076301812997,5.705311073660715,337.68605856473215,911.0176164469246,412.57619673859125,42.5052443578869
2026-03-06 09:00:00+00:00,,,,,,,1205.8156343315634,4.998252915225271,347.79086284253873,797.8384079965087,391.3987043200628,37.75309556032609,1168.4076301812997,5.705311073660715,337.68605856473215,911.0176164469246,412.57619673859125,42.5052443578869,1168.4076301812997,5.705311073660715,337.68605856473215,911.0176164469246,412.57619673859125,42.5052443578869
2026-03-06 10:00:00+00:00,,,,,,,1352.914166398171,22.062121036981964,342.65279596297165,731.8443906436936,388.6733960716365,38.595801034263395,1168.4076301812997,5.705311073660715,337.68605856473215,911.0176164469246,412.57619673859125,42.5052443578869,1168.4076301812997,5.705311073660715,337.68605856473215,911.0176164469246,412.57619673859125,42.5052443578869
2026-03-06 11:00:00+00:00,,,,,,,1146.0068470754122,40.81994153876634,338.8851184700426,613.6528501853229,383.5883477368211,36.76321000322882,1168.4076301812997,5.705311073660715,337.68605856473215,911.0176164469246,412.57619673859125,42.5052443578869,1168.4076301812997,5.705311073660715,337.68605856473215,911.0176164469246,412.57619673859125,42.5052443578869
2026-03-06 12:00:00+00:00,,,,,,,1138.7529803317818,36.462965397198936,340.34696752190786,604.1141313669443,390.10029328129167,37.60918143014918,1168.4076301812997,5.705311073660715,337.68605856473215,911.0176164469246,412.57619673859125,42.5052443578869,1168.4076301812997,5.705311073660715,337.68605856473215,911.0176164469246,412.57619673859125,42.5052443578869
2026-03-06 13:00:00+00:00,,,,,,,899.3314404561656,37.866838755343544,332.3242564568691,583.4966760552119,391.53646398171674,37.352397916657345,1168.4076301812997,5.705311073660715,337.68605856473215,911.0176164469246,412.57619673859125,42.5052443578869,1168.4076301812997,5.705311073660715,337.68605856473215,911.0176164469246,412.57619673859125,42.5052443578869
2026-03-06 14:00:00+00:00,,,,,,,1415.9819312204136,15.056003052326567,328.694292674358,748.0913831469337,396.23656989001955,38.468382723306725,1168.4076301812997,5.705311073660715,337.68605856473215,911.0176164469246,412.57619673859125,42.5052443578869,1168.4076301812997,5.705311073660715,337.68605856473215,911.0176164469246,412.57619673859125,42.5052443578869
2026-03-06 15:00:00+00:00,,,,,,,1761.9543313054528,12.359947917808395,352.7909492530757,959.5003923343207,461.89756075784953,40.512287097155316,1168.4076301812997,5.705311073660715,337.68605856473215,911.0176164469246,412.57619673859125,42.5052443578869,1168.4076301812997,5.705311073660715,337.68605856473215,911.0176164469246,412.57619673859125,42.5052443578869
2026-03-06 16:00:00+00:00,,,,,,,1979.7744194830464,7.013575481011559,342.33651195012607,1257.4084180713128,498.4364065910511,41.933793900356605,1168.4076301812997,5.705311073660715,337.68605856473215,911.0176164469246,412.57619673859125,42.5052443578869,1168.4076301812997,5.705311073660715,337.68605856473215,911.0176164469246,412.57619673859125,42.5052443578869
2026-03-06 17:00:00+00:00,,,,,,,2061.5982574430773,9.713048917333925,338.33945824890867,1474.72302804308,499.69898896478446,40.665806830216845,1168.4076301812997,5.705311073660715,337.68605856473215,911.0176164469246,412.57619673859125,42.5052443578869,1168.4076301812997,5.705311073660715,337.68605856473215,911.0176164469246,412.57619673859125,42.5052443578869
2026-03-06 18:00:00+00:00,,,,,,,1995.344436202838,5.5900434125974074,351.24742474487647,1415.584856086774,497.4502814511425,39.69209494416478,1168.4076301812997,5.705311073660715,337.68605856473215,911.0176164469246,412.57619673859125,42.5052443578869,1168.4076301812997,5.705311073660715,337.68605856473215,911.0176164469246,412.57619673859125,42.5052443578869
2026-03-06 19:00:00+00:00,,,,,,,1709.8455403699336,4.329940223415569,359.80453735960043,1103.4238327829007,476.00746487370895,40.03963854143939,1168.4076301812997,5.705311073660715,337.68605856473215,911.0176164469246,412.57619673859125,42.5052443578869,1168.4076301812997,5.705311073660715,337.68605856473215,911.0176164469246,412.57619673859125,42.5052443578869
2026-03-06 20:00:00+00:00,,,,,,,1696.3074434362834,7.7215813185087665,356.5204764238577,994.7496674947361,452.51174588657,39.14635656777214,1168.4076301812997,5.705311073660715,337.68605856473215,911.0176164469246,412.57619673859125,42.5052443578869,1168.4076301812997,5.705311073660715,337.68605856473215,911.0176164469246,412.57619673859125,42.5052443578869
2026-03-06 21:00:00+00:00,,,,,,,1771.4060254153906,7.635831726294533,346.32166486244574,888.717113777703,440.0726800042207,39.76398870703404,1168.4076301812997,5.705311073660715,337.68605856473215,911.0176164469246,412.57619673859125,42.5052443578869,1168.4076301812997,5.705311073660715,337.68605856473215,911.0176164469246,412.57619673859125,42.5052443578869
2026-03-06 22:00:00+00:00,,,,,,,1759.987247885096,2.912444107509312,346.5229814717635,706.2447700228934,425.86780417245205,38.59877135013099,1168.4076301812997,5.705311073660715,337.68605856473215,911.0176164469246,412.57619673859125,42.5052443578869,1168.4076301812997,5.705311073660715,337.68605856473215,911.0176164469246,412.57619673859125,42.5052443578869
2026-03-06 23:00:00+00:00,,,,,,,1814.6145336008651,-0.05670232651005769,348.593540133575,668.2393867282046,411.82500766421816,37.648351944758716,1168.4076301812997,5.705311073660715,337.68605856473215,911.0176164469246,412.57619673859125,42.5052443578869,1168.4076301812997,5.705311073660715,337.68605856473215,911.0176164469246,412.57619673859125,42.5052443578869
