date,wind_offshore_tenn_actual,wind_offshore_tenn_fitted,wind_offshore_tenn_lower,wind_offshore_tenn_upper
2026-01-24 00:00:00+00:00,6406.235000000001,5256.384,4933.966396576134,5578.801113769085
2026-01-24 01:00:00+00:00,6554.026,5225.712,4903.294367177733,5548.129084370683
2026-01-24 02:00:00+00:00,6177.0247500000005,5357.387,5034.969669069229,5679.804386262179
2026-01-24 03:00:00+00:00,6259.03425,5400.8394,5078.421871454986,5723.256588647936
2026-01-24 04:00:00+00:00,6489.4395,5110.6714,4788.253736046226,5433.088453239176
2026-01-24 05:00:00+00:00,6650.9995,5211.4517,4889.0341184818535,5533.868835674803
2026-01-24 06:00:00+00:00,6623.6155,5323.863,5001.445504204707,5646.280221397656
2026-01-24 07:00:00+00:00,6482.41675,5500.0215,5177.604089315106,5822.438806508056
2026-01-24 08:00:00+00:00,6696.901749999999,5462.1807,5139.763358443433,5784.598075636383
2026-01-24 09:00:00+00:00,6664.8415,5349.366,5026.948841760874,5671.7835589538245
2026-01-24 10:00:00+00:00,6493.5995,5705.4565,5383.039069156384,6027.873786349334
2026-01-24 11:00:00+00:00,6121.80875,5539.027,5216.609206419677,5861.443923612627
2026-01-24 12:00:00+00:00,6031.863,5452.4595,5130.042137177444,5774.876854370394
2026-01-24 13:00:00+00:00,6059.510250000001,5672.1743,5349.756868594631,5994.591585787581
2026-01-24 14:00:00+00:00,6242.56525,5298.8237,4976.406378056685,5621.241095249636
2026-01-24 15:00:00+00:00,6329.6942500000005,5470.286,5147.868412475427,5792.703129668376
2026-01-24 16:00:00+00:00,6322.7115,5438.51,5116.092434340477,5760.927151533428
2026-01-24 17:00:00+00:00,6233.4545,5006.822,4684.404543290536,5329.239260483486
2026-01-24 18:00:00+00:00,6078.875,5240.755,4918.337302883101,5563.172020076052
2026-01-24 19:00:00+00:00,6054.03725,5192.7896,4870.372219785733,5515.206936978684
2026-01-24 20:00:00+00:00,6078.2645,5337.0273,5014.60994822383,5659.44466541678
2026-01-24 21:00:00+00:00,5682.94225,5196.465,4874.047548242941,5518.88226543589
2026-01-24 22:00:00+00:00,5281.07475,4985.37,4662.952446846187,5307.787164039137
2026-01-24 23:00:00+00:00,5158.6955,4892.248,4569.830481058168,5214.6651982511175
2026-01-25 00:00:00+00:00,4709.07475,4387.999,4065.5815890694157,4710.416306262366
2026-01-25 01:00:00+00:00,4368.09025,4230.4463,3908.0287515060436,4552.8634686989935
2026-01-25 02:00:00+00:00,4388.751749999999,4336.025,4013.6074853807295,4658.44220257368
2026-01-25 03:00:00+00:00,4382.3825,4383.614,4061.1964415061225,4706.031158699073
2026-01-25 04:00:00+00:00,4263.030000000001,4436.8394,4114.422158594429,4759.25687578738
2026-01-25 05:00:00+00:00,4351.798,4429.0166,4106.599360529439,4751.43407772239
2026-01-25 06:00:00+00:00,4823.24575,4314.6094,3992.1918228880822,4637.026540081032
2026-01-25 07:00:00+00:00,5071.261,4075.897,3753.479571784398,4398.314288977348
2026-01-25 08:00:00+00:00,5404.88625,4694.036,4371.618424982986,5016.453142175936
2026-01-25 09:00:00+00:00,5986.695,5151.7344,4829.316942787194,5474.151659980144
2026-01-25 10:00:00+00:00,5969.08825,4995.8164,4673.398918068395,5318.233635261346
2026-01-25 11:00:00+00:00,5887.46775,5348.9277,5026.510348436281,5671.345065629232
2026-01-25 12:00:00+00:00,5960.19875,5246.7876,4924.370122332744,5569.204839525694
2026-01-25 13:00:00+00:00,6030.975,5335.4473,5013.029571989446,5657.864289182396
2026-01-25 14:00:00+00:00,6210.42375,5032.702,4710.284650770767,5355.119367963718
2026-01-25 15:00:00+00:00,6239.28275,5279.6924,4957.275124335707,5602.109841528658
2026-01-25 16:00:00+00:00,6184.001249999999,5294.765,4972.347850154526,5617.182567347476
2026-01-25 17:00:00+00:00,6279.974,5327.497,5005.079683728227,5649.914400921178
2026-01-25 18:00:00+00:00,6291.257,5254.451,4932.033896914426,5576.868614107376
2026-01-25 19:00:00+00:00,6261.597,5054.3027,4731.885483465003,5376.720200657953
2026-01-25 20:00:00+00:00,5944.68425,5209.5044,4887.087045239465,5531.921762432415
2026-01-25 21:00:00+00:00,5526.32725,4993.3574,4670.939840645922,5315.774557838871
2026-01-25 22:00:00+00:00,5243.30925,4291.801,3969.383311853631,4614.218029046581
2026-01-25 23:00:00+00:00,5041.2585,4757.176,4434.758248963935,5079.592966156886
2026-01-26 00:00:00+00:00,5009.1715,4502.886,4180.4685546516885,4825.303271844639
2026-01-26 01:00:00+00:00,5476.25925,4838.9634,4516.54582669505,5161.380543888001
2026-01-26 02:00:00+00:00,6029.47025,4871.4243,4549.0067631219845,5193.841480314934
2026-01-26 03:00:00+00:00,6152.702499999999,4875.757,4553.3391886139925,5198.1739058069425
2026-01-26 04:00:00+00:00,5783.81175,4975.91,4653.492907080357,5298.327624273308
2026-01-26 05:00:00+00:00,4838.746,4699.0513,4376.633665593348,5021.468382786298
2026-01-26 06:00:00+00:00,4698.401,4862.6855,4540.268186965115,5185.102904158065
2026-01-26 07:00:00+00:00,5310.66525,5384.594,5062.176829660839,5707.011546853789
2026-01-26 08:00:00+00:00,4816.87375,5142.944,4820.526501828491,5465.361219021441
2026-01-26 09:00:00+00:00,5212.2275,4833.086,4510.668387333546,5155.503104526496
2026-01-26 10:00:00+00:00,5263.7927500000005,4841.454,4519.036837404603,5163.871554597554
2026-01-26 11:00:00+00:00,5628.43425,4986.839,4664.421163734474,5309.255880927425
2026-01-26 12:00:00+00:00,6146.563,5014.15,4691.732268247115,5336.566985440064
2026-01-26 13:00:00+00:00,5700.532,5141.923,4819.50527959404,5464.33999678699
2026-01-26 14:00:00+00:00,5145.86175,4393.2397,4070.8222915456,4715.65700873855
2026-01-26 15:00:00+00:00,4563.3495,3928.0884,3605.670887444851,4250.505604637801
2026-01-26 16:00:00+00:00,4260.04575,3451.9546,3129.537111555841,3774.371828748791
2026-01-26 17:00:00+00:00,3767.7585,2973.0415,2650.624175262794,3295.458892455744
2026-01-26 18:00:00+00:00,3187.0074999999997,2860.3984,2537.981058891253,3182.8157760842028
2026-01-26 19:00:00+00:00,2552.58925,2279.7588,1957.3413950568076,2602.176112249758
2026-01-26 20:00:00+00:00,1928.68025,2108.5686,1786.151275792307,2430.9859929852573
2026-01-26 21:00:00+00:00,1818.669,2026.3488,1703.9314199401247,2348.7661371330746
2026-01-26 22:00:00+00:00,2514.825,1777.3125,1454.8951531974872,2099.7298703904376
2026-01-26 23:00:00+00:00,2752.8675,2416.731,2094.313495319885,2739.148212512835
2026-01-27 00:00:00+00:00,1644.96275,2224.1758,1901.7584012934285,2546.5931184863784
2026-01-27 01:00:00+00:00,1192.98875,1597.5027,1275.0853503332128,1919.920067526163
2026-01-27 02:00:00+00:00,2538.1115,1217.8862,895.4689166340772,1540.3036338270274
2026-01-27 03:00:00+00:00,3550.64375,3261.3096,2938.892280090333,3583.726997283283
2026-01-27 04:00:00+00:00,4005.4252500000002,4204.19,3881.7723027364746,4526.6070199294245
2026-01-27 05:00:00+00:00,5021.63675,5027.69,4705.27262492085,5350.107342113799
2026-01-27 06:00:00+00:00,5225.8099999999995,5320.2583,4997.840686159909,5642.67540335286
2026-01-27 07:00:00+00:00,5172.64725,5279.505,4957.087596643128,5601.922313836078
2026-01-27 08:00:00+00:00,5541.523,5084.8306,4762.413062960777,5407.247780153726
2026-01-27 09:00:00+00:00,6199.843999999999,5284.4014,4961.983891117054,5606.818608310004
2026-01-27 10:00:00+00:00,6323.731,5606.9707,5284.553168408485,5929.387885601435
2026-01-27 11:00:00+00:00,6291.718,5920.4487,5598.031103163634,6242.865820356584
2026-01-27 12:00:00+00:00,6044.4577500000005,5976.7007,5654.283410051501,6299.118127244452
2026-01-27 13:00:00+00:00,6241.3475,5735.0073,5412.590004429201,6057.424721622151
2026-01-27 14:00:00+00:00,6319.91975,5893.4316,5571.014042072959,6215.848759265909
2026-01-27 15:00:00+00:00,6651.088749999999,6126.277,5803.859141048561,6448.69385824151
2026-01-27 16:00:00+00:00,6753.775750000001,5741.627,5419.209624818597,6064.044342011547
2026-01-27 17:00:00+00:00,6773.290999999999,5317.8677,4995.450190293579,5640.28490748653
2026-01-27 18:00:00+00:00,6737.867749999999,5720.3545,5397.936912007036,6042.771629199986
2026-01-27 19:00:00+00:00,6815.1885,5553.059,5230.641635758742,5875.476352951693
2026-01-27 20:00:00+00:00,6797.3372500000005,5516.5444,5194.127100728998,5838.961817921947
2026-01-27 21:00:00+00:00,6621.774749999999,5476.835,5154.417522452413,5799.252239645362
2026-01-27 22:00:00+00:00,6509.7755,5687.473,5365.055484913997,6009.890202106947
2026-01-27 23:00:00+00:00,6264.0445,5563.5283,5241.11061030406,5885.945327497011
2026-01-28 00:00:00+00:00,6220.849250000001,5627.522,5305.104703293724,5949.939420486673
2026-01-28 01:00:00+00:00,6209.64425,5576.8223,5254.404716327767,5899.239433520717
2026-01-28 02:00:00+00:00,6222.54975,5530.3203,5207.90277786725,5852.737495060201
2026-01-28 03:00:00+00:00,5749.9695,5346.8374,5024.420111195443,5669.2548283883925
2026-01-28 04:00:00+00:00,5848.72225,5320.059,4997.641371012367,5642.476088205317
2026-01-28 05:00:00+00:00,5220.436250000001,5220.569,4898.151393419053,5542.986110612003
2026-01-28 06:00:00+00:00,5518.45175,5230.084,4907.6666556992495,5552.5013728921995
2026-01-28 07:00:00+00:00,6220.7055,5403.2466,5080.828869758263,5725.663586951213
2026-01-28 08:00:00+00:00,6447.39525,5115.7266,4793.309268320822,5438.143985513772
2026-01-28 09:00:00+00:00,6160.76325,5248.3687,4925.95135583658,5570.78607302953
2026-01-28 10:00:00+00:00,6115.156000000001,5689.7637,5367.346323206555,6012.181040399506
2026-01-28 11:00:00+00:00,5937.48675,5634.656,5312.238471036833,5957.073188229784
2026-01-28 12:00:00+00:00,5793.943499999999,5629.4683,5307.0509192666605,5951.88563645961
2026-01-28 13:00:00+00:00,5408.26375,5813.5024,5491.084810195973,6135.919527388922
2026-01-28 14:00:00+00:00,5127.3412499999995,5612.685,5290.267512256785,5935.102229449736
2026-01-28 15:00:00+00:00,5525.02975,5675.9297,5353.512137428217,5998.346854621168
2026-01-28 16:00:00+00:00,5539.0325,5549.2837,5226.866435410402,5871.701152603352
2026-01-28 17:00:00+00:00,6044.17225,5312.7383,4990.320718528766,5635.155435721716
2026-01-28 18:00:00+00:00,6502.90475,4874.8237,4552.406479450439,5197.24119664339
2026-01-28 19:00:00+00:00,6531.627,4945.2,4622.782729191352,5267.617446384302
2026-01-28 20:00:00+00:00,6124.7675,4871.2764,4548.859098458913,5193.693815651863
2026-01-28 21:00:00+00:00,6494.588249999999,5105.5435,4783.125978820315,5427.960696013266
2026-01-28 22:00:00+00:00,6290.77225,5010.654,4688.236537740058,5333.071254933008
2026-01-28 23:00:00+00:00,6226.516,5012.289,4689.871350584631,5334.706067777581
2026-01-29 00:00:00+00:00,6341.503000000001,5208.804,4886.386656097348,5531.221373290298
2026-01-29 01:00:00+00:00,6147.7015,5153.206,4830.7884458011995,5475.62316299415
2026-01-29 02:00:00+00:00,5933.95875,5293.235,4970.817409865709,5615.65212705866
2026-01-29 03:00:00+00:00,5759.6765,5152.769,4830.351452698147,5475.186169891098
2026-01-29 04:00:00+00:00,5779.99475,5035.117,4712.699793133836,5357.534510326786
2026-01-29 05:00:00+00:00,5818.659250000001,5031.978,4709.560686718727,5354.395403911677
2026-01-29 06:00:00+00:00,5831.6445,4938.7334,4616.3161313991,5261.150848592051
2026-01-29 07:00:00+00:00,5588.93025,4985.249,4662.831357536121,5307.666074729072
2026-01-29 08:00:00+00:00,5574.4725,4782.1562,4459.738866471871,5104.573583664822
2026-01-29 09:00:00+00:00,5587.508,5019.1577,4696.7404363845,5341.575153577449
2026-01-29 10:00:00+00:00,5670.1745,5355.8096,5033.392078960564,5678.2267961535135
2026-01-29 11:00:00+00:00,5629.4127499999995,5518.991,5196.57374774442,5841.408464937369
2026-01-29 12:00:00+00:00,6181.742250000001,5662.457,5340.039505041174,5984.874222234124
2026-01-29 13:00:00+00:00,6256.5,5635.3477,5312.9302874844325,5957.7650046773815
2026-01-29 14:00:00+00:00,6317.49,5604.7783,5282.3609161028835,5927.1956332958325
2026-01-29 15:00:00+00:00,6290.559500000001,5463.8804,5141.462680814253,5786.297398007204
2026-01-29 16:00:00+00:00,6151.39525,5124.776,4802.358390336605,5447.193107529554
2026-01-29 17:00:00+00:00,5963.02975,5200.8047,4878.387046207925,5523.221763400876
2026-01-29 18:00:00+00:00,5897.6715,5040.6533,4718.235610618801,5363.070327811751
2026-01-29 19:00:00+00:00,5980.434,5076.576,4754.158629726808,5398.993346919759
2026-01-29 20:00:00+00:00,6047.23525,5074.318,4751.900153356055,5396.734870549005
2026-01-29 21:00:00+00:00,5636.32075,5034.0947,4711.6772849952085,5356.512002188158
2026-01-29 22:00:00+00:00,5198.9805,5231.4204,4909.002710139872,5553.837427332821
2026-01-29 23:00:00+00:00,5729.812,5161.4653,4839.047808334517,5483.882525527466
2026-01-30 00:00:00+00:00,6034.85625,5175.821,4853.403213939546,5498.237931132495
2026-01-30 01:00:00+00:00,6198.880999999999,5225.5576,4903.14005867641,5547.97477586936
2026-01-30 02:00:00+00:00,6600.762999999999,5139.5737,4817.156146978759,5461.99086417171
2026-01-30 03:00:00+00:00,6566.0105,5125.4175,4803.000056521273,5447.834773714223
2026-01-30 04:00:00+00:00,6310.48775,4927.47,4605.052682389332,5249.887399582283
2026-01-30 05:00:00+00:00,6304.96525,5037.634,4715.21630760958,5360.051024802529
2026-01-30 06:00:00+00:00,6516.47925,5102.7495,4780.332137676916,5425.166854869866
2026-01-30 07:00:00+00:00,6502.406999999999,5044.7964,4722.378793879325,5367.213511072275
2026-01-30 08:00:00+00:00,6125.085499999999,5257.9155,4935.497908451765,5580.332625644716
2026-01-30 09:00:00+00:00,6480.426749999999,5522.7476,5200.329873847459,5845.164591040408
2026-01-30 10:00:00+00:00,6494.302749999999,5513.4136,5190.995924056317,5835.8306412492675
2026-01-30 11:00:00+00:00,6697.3735,5614.4155,5291.998124962596,5936.832842155547
2026-01-30 12:00:00+00:00,6482.58175,5593.947,5271.52953089682,5916.364248089769
2026-01-30 13:00:00+00:00,6121.906999999999,5678.043,5355.625735261618,6000.4604524545675
2026-01-30 14:00:00+00:00,6133.785,5613.5786,5291.161215660282,5935.995932853232
2026-01-30 15:00:00+00:00,6268.3955000000005,5272.2847,4949.867030368023,5594.701747560974
2026-01-30 16:00:00+00:00,6676.68975,5061.8013,4739.384019359852,5384.218736552802
2026-01-30 17:00:00+00:00,6156.56825,5385.914,5063.496810299239,5708.33152749219
2026-01-30 18:00:00+00:00,6210.2825,5391.2,5068.782733739006,5713.617450931956
2026-01-30 19:00:00+00:00,6120.913500000001,4880.5044,4558.086746838031,5202.921464030982
2026-01-30 20:00:00+00:00,6103.89275,5008.372,4685.954486459381,5330.789203652331
2026-01-30 21:00:00+00:00,5951.32125,5211.8057,4889.387956448081,5534.222673641032
2026-01-30 22:00:00+00:00,5835.4439999999995,5445.852,5123.434518560372,5768.269235753323
2026-01-30 23:00:00+00:00,5821.581,5090.463,4768.045323259068,5412.880040452019
2026-01-31 00:00:00+00:00,6097.75625,5963.105,5647.243753239514,6278.96605431496
2026-01-31 01:00:00+00:00,5959.768749999999,6076.3926,5760.531268342102,6392.253569417548
2026-01-31 02:00:00+00:00,6326.730750000001,5761.234,5445.372442509346,6077.094743584793
2026-01-31 03:00:00+00:00,6299.8060000000005,5781.1123,5465.251020874926,6096.973321950372
2026-01-31 04:00:00+00:00,6081.25225,5846.054,5530.193039560911,6161.915340636358
2026-01-31 05:00:00+00:00,6405.964,5418.454,5102.593037891853,5734.315338967301
2026-01-31 06:00:00+00:00,6150.350999999999,5917.347,5601.485710345792,6233.208011421239
2026-01-31 07:00:00+00:00,6087.119000000001,5403.95,5088.0888960369375,5719.811197112385
2026-01-31 08:00:00+00:00,5545.03625,5781.4355,5465.574211458252,6097.2965125337
2026-01-31 09:00:00+00:00,5201.28625,6029.7085,5713.84737444044,6345.569675515888
2026-01-31 10:00:00+00:00,5301.197,6216.2407,5900.379348552282,6532.101649627728
2026-01-31 11:00:00+00:00,5308.477,5943.62,5627.759090187034,6259.481391262481
2026-01-31 12:00:00+00:00,6271.41525,6056.5674,5740.706054999896,6372.428356075343
2026-01-31 13:00:00+00:00,6058.255499999999,5885.844,5569.983201165964,6201.7055022414115
2026-01-31 14:00:00+00:00,5864.657499999999,5959.479,5643.617503458422,6275.339804533869
2026-01-31 15:00:00+00:00,5844.0067500000005,6012.0063,5696.145188895605,6327.867489971051
2026-01-31 16:00:00+00:00,6054.62925,5946.0107,5630.149371736001,6261.871672811448
2026-01-31 17:00:00+00:00,5470.29925,5896.868,5581.006829046593,6212.729130122039
2026-01-31 18:00:00+00:00,5322.59925,5637.2817,5321.420281109069,5953.142582184517
2026-01-31 19:00:00+00:00,5483.3345,6102.1187,5786.257495955735,6417.979797031183
2026-01-31 20:00:00+00:00,5597.4165,5852.692,5536.830448291432,6168.552749366879
2026-01-31 21:00:00+00:00,5555.5557499999995,5869.953,5554.091783020682,6185.814084096129
2026-01-31 22:00:00+00:00,5235.181500000001,6110.2744,5794.413128885385,6426.135429960832
2026-01-31 23:00:00+00:00,5171.622,5741.7847,5425.923356139116,6057.645657214563
2026-02-01 00:00:00+00:00,5123.567,6243.0625,5927.20116652531,6558.923467600756
2026-02-01 01:00:00+00:00,5104.2432499999995,5985.0845,5669.223070396716,6300.945371472164
2026-02-01 02:00:00+00:00,5315.69625,6167.879,5852.017778333458,6483.740079408906
2026-02-01 03:00:00+00:00,5380.412,6154.6113,5838.750247662758,6470.472548738204
2026-02-01 04:00:00+00:00,5410.0175,5966.2876,5650.42615176194,6282.148452837386
2026-02-01 05:00:00+00:00,5148.1627499999995,6090.2153,5774.35388098284,6406.076182058287
2026-02-01 06:00:00+00:00,5250.88775,6328.3784,6012.517051002649,6644.239352078097
2026-02-01 07:00:00+00:00,5277.88525,6131.4634,5815.602257925396,6447.324559000843
2026-02-01 08:00:00+00:00,5330.15975,5989.1606,5673.299386640001,6305.021687715447
2026-02-01 09:00:00+00:00,5540.25075,6200.009,5884.147380117274,6515.869681192722
2026-02-01 10:00:00+00:00,5568.79525,6158.001,5842.139891075154,6473.862192150601
2026-02-01 11:00:00+00:00,5682.7605,6312.511,5996.649850719381,6628.372151794827
2026-02-01 12:00:00+00:00,5847.491,6257.5156,5941.654300847844,6573.37660192329
2026-02-01 13:00:00+00:00,5999.054750000001,6291.858,5975.996515086741,6607.718816162189
2026-02-01 14:00:00+00:00,5622.733249999999,6319.0566,6003.1955316185595,6634.9178326940055
2026-02-01 15:00:00+00:00,5696.738,6421.969,6106.107728863437,6737.830029938885
2026-02-01 16:00:00+00:00,4984.46,6443.0557,6127.194414203959,6758.916715279405
2026-02-01 17:00:00+00:00,5066.237,6374.9814,6059.119932941116,6690.842234016562
2026-02-01 18:00:00+00:00,5382.44875,6144.9316,5829.070389647817,6460.792690723264
2026-02-01 19:00:00+00:00,4508.6895,5753.2573,5437.3959788951215,6069.118279970569
2026-02-01 20:00:00+00:00,5500.9800000000005,5957.496,5641.634639216421,6273.356940291867
2026-02-01 21:00:00+00:00,5347.71975,5949.1763,5633.315053504116,6265.037354579563
2026-02-01 22:00:00+00:00,5942.5585,5584.514,5268.652988860111,5900.375289935557
2026-02-01 23:00:00+00:00,6063.62275,5788.929,5473.068032371117,6104.790333446563
2026-02-02 00:00:00+00:00,6319.6085,5843.7407,5527.879269310517,6159.601570385964
2026-02-02 01:00:00+00:00,6426.064,6244.3584,5928.497357936423,6560.219659011871
2026-02-02 02:00:00+00:00,6467.066999999999,6199.3247,5883.463279094742,6515.1855801701895
2026-02-02 03:00:00+00:00,6506.508749999999,5921.2915,5605.430221410863,6237.152522486309
2026-02-02 04:00:00+00:00,6343.638999999999,5839.7236,5523.862533294133,6155.58483436958
2026-02-02 05:00:00+00:00,6161.967500000001,6260.6816,5944.820196933322,6576.542498008768
2026-02-02 06:00:00+00:00,5883.5380000000005,6031.271,5715.409748016336,6347.132049091783
2026-02-02 07:00:00+00:00,6132.160750000001,6103.881,5788.0196133139,6419.741914389347
2026-02-02 08:00:00+00:00,6488.787250000001,6371.866,6056.005044388019,6687.727345463467
2026-02-02 09:00:00+00:00,6060.94675,6113.574,5797.712759005342,6429.43506008079
2026-02-02 10:00:00+00:00,6364.356250000001,6366.2026,6050.341493754737,6682.063794830185
2026-02-02 11:00:00+00:00,6445.322750000001,5968.096,5652.234775987863,6283.95707706331
2026-02-02 12:00:00+00:00,5958.05275,6245.82,5929.958573717008,6561.680874792455
2026-02-02 13:00:00+00:00,6420.8445,6022.0234,5706.1619538051,6337.884254880548
2026-02-02 14:00:00+00:00,6066.34375,6395.463,6079.601386048669,6711.323687124117
2026-02-02 15:00:00+00:00,5489.271,6330.994,6015.1330087348015,6646.8553098102475
2026-02-02 16:00:00+00:00,5307.4945,6298.4097,5982.548625506808,6614.270926582256
2026-02-02 17:00:00+00:00,5178.27925,6233.2236,5917.362285027062,6549.084586102508
2026-02-02 18:00:00+00:00,5778.9425,6239.426,5923.564629510796,6555.286930586244
2026-02-02 19:00:00+00:00,6250.04575,5856.7207,5540.859400397504,6172.581701472951
2026-02-02 20:00:00+00:00,6766.72075,6294.8604,5978.999101341653,6610.721402417099
2026-02-02 21:00:00+00:00,6281.287249999999,6058.614,5742.75235718133,6374.474658256777
2026-02-02 22:00:00+00:00,6562.485499999999,5885.7925,5569.931122046768,6201.653423122214
2026-02-02 23:00:00+00:00,6401.41025,5750.241,5434.379890646345,6066.102191721791
2026-02-03 00:00:00+00:00,6390.75025,6059.0566,5743.195136853182,6374.917437928629
2026-02-03 01:00:00+00:00,6262.23975,6316.668,6000.806750291133,6632.5290513665805
2026-02-03 02:00:00+00:00,6530.482749999999,6393.9746,6078.113166280355,6709.835467355801
2026-02-03 03:00:00+00:00,6482.17375,6352.396,6036.534740598857,6668.257041674304
2026-02-03 04:00:00+00:00,6473.690999999999,6497.611,6181.749327577273,6813.47162865272
2026-02-03 05:00:00+00:00,6425.1092499999995,6500.4634,6184.6018916781195,6816.324192753567
2026-02-03 06:00:00+00:00,5946.447,6386.186,6070.324873310799,6702.047174386245
2026-02-03 07:00:00+00:00,5807.9335,5996.847,5680.985664544793,6312.707965620239
2026-02-03 08:00:00+00:00,5853.033,6083.8813,5768.019945638254,6399.742246713701
2026-02-03 09:00:00+00:00,6175.584999999999,5683.618,5367.756980882754,5999.4792819582
2026-02-03 10:00:00+00:00,6046.7252499999995,5262.9814,4947.120150335899,5578.842451411345
2026-02-03 11:00:00+00:00,5747.8904999999995,6140.8315,5824.970069859883,6456.69237093533
2026-02-03 12:00:00+00:00,5569.79425,5754.289,5438.42791699772,6070.150218073167
2026-02-03 13:00:00+00:00,6171.5095,5361.93,5046.068762270404,5677.7910633458505
2026-02-03 14:00:00+00:00,5829.22975,6150.5376,5834.676503227829,6466.398804303276
2026-02-03 15:00:00+00:00,5818.8642500000005,5957.436,5641.574844672158,6273.297145747605
2026-02-03 16:00:00+00:00,5570.63925,6087.1694,5771.3080026206135,6403.0303036960595
2026-02-03 17:00:00+00:00,5156.88975,5903.103,5587.241535452133,6218.9638365275805
2026-02-03 18:00:00+00:00,5042.3265,5938.5127,5622.651478793241,6254.373779868688
2026-02-03 19:00:00+00:00,5216.5985,5615.0146,5299.15335005079,5930.875651126236
2026-02-03 20:00:00+00:00,5476.40775,5411.8247,5095.963558903762,5727.6858599792085
2026-02-03 21:00:00+00:00,5514.639,5641.2563,5325.395010922316,5957.117311997763
2026-02-03 22:00:00+00:00,6198.599,5770.941,5455.079518829381,6086.801819904827
2026-02-03 23:00:00+00:00,5674.9275,5887.603,5571.741675128958,6203.463976204404
2026-02-04 00:00:00+00:00,5469.99725,5130.181,4814.319896606285,5446.042197681732
2026-02-04 01:00:00+00:00,5775.46825,5389.003,5073.1415458754445,5704.8638469508915
2026-02-04 02:00:00+00:00,5754.3372500000005,5890.1465,5574.285193592434,6206.00749466788
2026-02-04 03:00:00+00:00,5711.4725,6257.876,5942.014782652323,6573.73708372777
2026-02-04 04:00:00+00:00,5842.6182499999995,6113.776,5797.91464596124,6429.636947036688
2026-02-04 05:00:00+00:00,4933.0725,6048.8965,5733.035207945237,6364.757509020683
2026-02-04 06:00:00+00:00,5237.36575,5530.3174,5214.456199800283,5846.178500875731
2026-02-04 07:00:00+00:00,5132.79025,5762.305,5446.44402932409,6078.1663303995365
2026-02-04 08:00:00+00:00,5077.3315,5986.578,5670.716648099105,6302.438949174553
2026-02-04 09:00:00+00:00,4912.209,5991.0903,5675.229100175991,6306.951401251437
2026-02-04 10:00:00+00:00,4796.75475,6237.535,5921.673921734864,6553.39622281031
2026-02-04 11:00:00+00:00,4947.523,6323.2905,6007.429156806247,6639.151457881695
2026-02-04 12:00:00+00:00,4910.80125,6608.811,6292.949605882102,6924.67190695755
2026-02-04 13:00:00+00:00,4750.38075,6220.6753,5904.814003426416,6536.536304501864
2026-02-04 14:00:00+00:00,4873.32825,6275.121,5959.260043579352,6590.9823446548
2026-02-04 15:00:00+00:00,4742.573,6206.284,5890.423021139138,6522.145322214585
2026-02-04 16:00:00+00:00,5228.89675,5997.46,5681.598612202826,6313.320913278272
2026-02-04 17:00:00+00:00,5184.3045,5909.8247,5593.963599541019,6225.685900616465
2026-02-04 18:00:00+00:00,5764.909250000001,6014.6475,5698.786007441859,6330.5083085173055
2026-02-04 19:00:00+00:00,5747.26375,5848.9478,5533.086323960719,6164.808625036165
2026-02-04 20:00:00+00:00,5952.11875,6251.5215,5935.660272840894,6567.382573916342
2026-02-04 21:00:00+00:00,6128.517749999999,6155.954,5840.092731624269,6471.815032699715
2026-02-04 22:00:00+00:00,6066.4685,6215.06,5899.198888517161,6530.921189592607
2026-02-04 23:00:00+00:00,6128.53575,5983.881,5668.01967840376,6299.741979479207
2026-02-05 00:00:00+00:00,6200.094000000001,6135.7505,5819.889033819096,6451.611334894542
2026-02-05 01:00:00+00:00,6224.152249999999,6240.162,5924.301023969889,6556.023325045335
2026-02-05 02:00:00+00:00,6204.4725,6159.8135,5843.952158696248,6475.674459771695
2026-02-05 03:00:00+00:00,6151.64475,5937.9614,5622.100254535737,6253.822555611184
2026-02-05 04:00:00+00:00,5833.1987500000005,5782.666,5466.804821756304,6098.527122831751
2026-02-05 05:00:00+00:00,6244.8279999999995,6084.5586,5768.697188505172,6400.4194895806195
2026-02-05 06:00:00+00:00,5670.173,5752.905,5437.043426833072,6068.765727908518
2026-02-05 07:00:00+00:00,5643.3615,5955.851,5639.9897534557895,6271.712054531237
2026-02-05 08:00:00+00:00,5813.274,6201.2095,5885.347985984513,6517.07028705996
2026-02-05 09:00:00+00:00,5896.6095000000005,5952.9067,5637.045675840964,6268.767976916411
2026-02-05 10:00:00+00:00,5967.989,6041.9463,5726.084895864811,6357.807196940257
2026-02-05 11:00:00+00:00,6136.04875,6383.7437,6067.882512642635,6699.604813718082
2026-02-05 12:00:00+00:00,6338.75225,6018.1904,5702.329102086126,6334.051403161573
2026-02-05 13:00:00+00:00,6036.591,5613.3223,5297.4611001529465,5929.183401228394
2026-02-05 14:00:00+00:00,6150.827,5666.2188,5350.357411454401,5982.079712529849
2026-02-05 15:00:00+00:00,6121.8855,5600.1426,5284.281439601054,5916.003740676501
2026-02-05 16:00:00+00:00,6194.948,5773.285,5457.423936462677,6089.146237538123
2026-02-05 17:00:00+00:00,6091.0782500000005,5680.5254,5364.663952700677,5996.386253776125
2026-02-05 18:00:00+00:00,5934.5145,5625.886,5310.024812603725,5941.747113679172
2026-02-05 19:00:00+00:00,5687.0345,5537.545,5221.683624231002,5853.405925306449
2026-02-05 20:00:00+00:00,5672.336499999999,5464.2793,5148.418162120179,5780.140463195625
2026-02-05 21:00:00+00:00,5663.93325,5399.999,5084.137741133616,5715.860042209062
2026-02-05 22:00:00+00:00,5653.10225,5377.084,5061.222714369779,5692.945015445226
2026-02-05 23:00:00+00:00,5571.83975,5017.6553,4701.793851094255,5333.516152169701
2026-02-06 00:00:00+00:00,5429.37375,5703.8203,5387.958964149022,6019.68126522447
2026-02-06 01:00:00+00:00,5212.5287499999995,5952.6743,5636.813141502164,6268.535442577611
2026-02-06 02:00:00+00:00,4812.93975,5766.7295,5450.868182647439,6082.590483722886
2026-02-06 03:00:00+00:00,4562.13725,5417.1206,5101.25912662486,5732.981427700308
2026-02-06 04:00:00+00:00,4836.18675,4652.805,4336.943830122943,4968.66613119839
2026-02-06 05:00:00+00:00,5212.64275,4943.581,4627.719555255663,5259.44185633111
2026-02-06 06:00:00+00:00,5528.09575,5072.388,4756.526862196179,5388.2491632716265
2026-02-06 07:00:00+00:00,5580.96425,5804.379,5488.517742431361,6120.240043506808
2026-02-06 08:00:00+00:00,5412.30225,5645.8965,5330.035196147518,5961.757497222965
2026-02-06 09:00:00+00:00,4877.519,5421.4473,5105.586194182795,5737.308495258241
2026-02-06 10:00:00+00:00,4376.15,5278.511,4962.650015089886,5594.372316165332
2026-02-06 11:00:00+00:00,4160.05275,4360.0547,4044.1933848080134,4675.915685883461
2026-02-06 12:00:00+00:00,4264.77475,5326.279,5010.417711895978,5642.140012971426
2026-02-06 13:00:00+00:00,4351.74425,4790.4863,4474.62494747635,5106.347248551796
2026-02-06 14:00:00+00:00,4791.688749999999,5412.9634,5097.102012735745,5728.824313811192
2026-02-06 15:00:00+00:00,5123.4845000000005,4943.563,4627.701552597175,5259.4238536726225
2026-02-06 16:00:00+00:00,5121.81775,5291.4863,4975.625002560162,5607.34730363561
2026-02-06 17:00:00+00:00,5442.3105,5227.6274,4911.76614382652,5543.488444901966
2026-02-06 18:00:00+00:00,5493.2392500000005,5248.2744,4932.413264255634,5564.13556533108
2026-02-06 19:00:00+00:00,5453.15825,5120.4287,4804.567599322669,5436.289900398115
2026-02-06 20:00:00+00:00,5357.58475,5164.328,4848.466653410173,5480.18895448562
2026-02-06 21:00:00+00:00,5141.157999999999,4969.3564,4653.495075862776,5285.2173769382225
2026-02-06 22:00:00+00:00,4884.527,4733.7603,4417.898999216365,5049.621300291812
2026-02-06 23:00:00+00:00,4821.7075,4736.004,4420.142473371712,5051.864774447159
2026-02-07 00:00:00+00:00,4847.08675,4851.625,4548.876932789186,5154.372748765157
2026-02-07 01:00:00+00:00,4979.23175,4913.398,4610.650054946611,5216.145870922583
2026-02-07 02:00:00+00:00,5156.313,5219.2744,4916.526581472695,5522.022397448667
2026-02-07 03:00:00+00:00,5220.88,5390.199,5087.451322262525,5692.947138238496
2026-02-07 04:00:00+00:00,4974.2445,5156.5825,4853.834466462946,5459.3302824389175
2026-02-07 05:00:00+00:00,4559.7665,4841.4575,4538.709288456173,5144.205104432145
2026-02-07 06:00:00+00:00,4235.0825,4907.0684,4604.320191631921,5209.816007607893
2026-02-07 07:00:00+00:00,4144.82125,5211.783,4909.0353323681875,5514.531148344158
2026-02-07 08:00:00+00:00,3731.5702499999998,4739.1807,4436.432542192439,5041.928358168409
2026-02-07 09:00:00+00:00,3230.4575,3700.002,3397.2540489633334,4002.7498649393046
2026-02-07 10:00:00+00:00,2586.22925,2812.5906,2509.842708557108,3115.338524533079
2026-02-07 11:00:00+00:00,2281.702,3263.8914,2961.143344073561,3566.6391600495326
2026-02-07 12:00:00+00:00,2264.10725,2666.4893,2363.7413566998216,2969.237172675793
2026-02-07 13:00:00+00:00,2439.39925,2938.239,2635.4911115161126,3240.986927492084
2026-02-07 14:00:00+00:00,2652.47375,3057.9304,2755.1823758442656,3360.678191820237
2026-02-07 15:00:00+00:00,3197.0032499999998,3717.8425,3415.0945763659524,4020.5903923419237
2026-02-07 16:00:00+00:00,3737.8717500000002,4163.91,3861.1619837242542,4466.657799700226
2026-02-07 17:00:00+00:00,4354.30925,4067.038,3764.2899998780404,4369.785815854011
2026-02-07 18:00:00+00:00,4682.866,4831.7144,4528.966206819163,5134.4620227951345
2026-02-07 19:00:00+00:00,5007.23275,5351.5073,5048.759108507858,5654.254924483829
2026-02-07 20:00:00+00:00,4825.003500000001,5308.483,5005.735112213271,5611.230928189243
2026-02-07 21:00:00+00:00,4661.7145,5372.8984,5070.150553138492,5675.646369114464
2026-02-07 22:00:00+00:00,4626.33525,5454.5586,5151.81039772129,5757.306213697261
2026-02-07 23:00:00+00:00,4590.14225,5447.312,5144.564113362632,5750.059929338603
2026-02-08 00:00:00+00:00,4819.27225,5506.7334,5203.985531096421,5809.481347072393
2026-02-08 01:00:00+00:00,5305.87275,5526.8223,5224.074354795053,5829.570170771025
2026-02-08 02:00:00+00:00,5480.1455000000005,5021.855,4719.106856688335,5324.602672664307
2026-02-08 03:00:00+00:00,5816.18125,5496.8745,5194.126718083419,5799.62253405939
2026-02-08 04:00:00+00:00,6077.81375,5411.228,5108.48014191505,5713.975957891022
2026-02-08 05:00:00+00:00,6103.0822499999995,5381.707,5078.95878243832,5684.4545984142915
2026-02-08 06:00:00+00:00,6247.38025,5505.7344,5202.986383550355,5808.482199526326
2026-02-08 07:00:00+00:00,6286.786,5548.3203,5245.572315155074,5851.068131131045
2026-02-08 08:00:00+00:00,5993.2665,5454.6216,5151.873621343359,5757.369437319331
2026-02-08 09:00:00+00:00,6000.80325,5458.814,5156.066097597362,5761.561913573333
2026-02-08 10:00:00+00:00,5932.26175,5405.5234,5102.775442348082,5708.271258324054
2026-02-08 11:00:00+00:00,5754.210999999999,5361.0405,5058.292373446541,5663.788189422512
2026-02-08 12:00:00+00:00,5623.224,5446.5996,5143.85172244819,5749.347538424161
2026-02-08 13:00:00+00:00,5560.358,5479.281,5176.532762806873,5782.028578782843
2026-02-08 14:00:00+00:00,5685.9127499999995,5454.3584,5151.610225304295,5757.106041280267
2026-02-08 15:00:00+00:00,5581.7122500000005,5589.1396,5286.391414419644,5891.887230395615
2026-02-08 16:00:00+00:00,5792.35175,5580.536,5277.788286836158,5883.284102812129
2026-02-08 17:00:00+00:00,5732.3375,5197.347,4894.5989147999635,5500.094730775935
2026-02-08 18:00:00+00:00,5825.36375,5082.121,4779.372899149506,5384.868715125477
2026-02-08 19:00:00+00:00,5787.15225,5255.9604,4953.212356075437,5558.708172051409
2026-02-08 20:00:00+00:00,5637.198,5388.1597,5085.411663919342,5690.907479895313
2026-02-08 21:00:00+00:00,5735.84725,5190.569,4887.820699561986,5493.3165155379575
2026-02-08 22:00:00+00:00,5820.40475,5179.8706,4877.122619755676,5482.618435731647
2026-02-08 23:00:00+00:00,5681.0135,5380.7363,5077.988139101526,5683.483955077497
2026-02-09 00:00:00+00:00,5596.2965,5515.1475,5212.399416448425,5817.8952324243955
2026-02-09 01:00:00+00:00,5328.83225,5271.278,4968.5298323227435,5574.025648298714
2026-02-09 02:00:00+00:00,4841.5725,5347.8403,5045.092138427806,5650.587954403777
2026-02-09 03:00:00+00:00,4603.17425,3277.901,2975.152841454791,3580.6486574307623
2026-02-09 04:00:00+00:00,4457.709,3692.465,3389.717150260517,3995.2129662364882
2026-02-09 05:00:00+00:00,4342.836,3342.342,3039.5940540429056,3645.0898700188773
2026-02-09 06:00:00+00:00,4443.106,2945.2366,2642.4887341544095,3247.9845501303807
2026-02-09 07:00:00+00:00,4368.452,3663.177,3360.429075233357,3965.924891209328
2026-02-09 08:00:00+00:00,3748.3465,3520.5251,3217.777295281081,3823.2731112570527
2026-02-09 09:00:00+00:00,3082.16925,2536.7302,2233.9822797452853,2839.4780957212565
2026-02-09 10:00:00+00:00,2625.59925,2199.6987,1896.9507194588891,2502.4465354348604
2026-02-09 11:00:00+00:00,2344.14,2311.2786,2008.530768130864,2614.0265841068353
2026-02-09 12:00:00+00:00,2164.2795,2510.1057,2207.3578078790274,2812.8536238549987
2026-02-09 13:00:00+00:00,2287.408,2412.3535,2109.6056828999417,2715.101498875913
2026-02-09 14:00:00+00:00,2643.20725,2644.3276,2341.57968225642,2947.0754982323915
2026-02-09 15:00:00+00:00,2966.22975,2897.0918,2594.3437852101865,3199.839601186158
2026-02-09 16:00:00+00:00,3406.51775,3018.8848,2716.1368599167777,3321.632675892749
2026-02-09 17:00:00+00:00,3836.639,3934.5935,3631.845512970922,4237.341328946894
2026-02-09 18:00:00+00:00,3693.73925,3561.0999,3258.351965593208,3863.8477815691795
2026-02-09 19:00:00+00:00,3229.413,3578.888,3276.140092400586,3881.6359083765574
2026-02-09 20:00:00+00:00,2992.7925,3108.6104,2805.862538454149,3411.3583544301205
2026-02-09 21:00:00+00:00,2767.353,2763.2827,2460.534900391196,3066.0307163671678
2026-02-09 22:00:00+00:00,2448.0564999999997,3271.5222,2968.774220940031,3574.270036916002
2026-02-09 23:00:00+00:00,2228.34975,2659.973,2357.224903331015,2962.720719306986
2026-02-10 00:00:00+00:00,2019.875,3240.0298,2937.2819454142837,3542.7777613902554
2026-02-10 01:00:00+00:00,1875.80275,2911.4895,2608.741518494398,3214.237334470369
2026-02-10 02:00:00+00:00,1857.00875,2771.0688,2468.32091623877,3073.8167322147415
2026-02-10 03:00:00+00:00,1775.8935,2531.3396,2228.5916354840483,2834.0874514600196
2026-02-10 04:00:00+00:00,2020.183,2592.2708,2289.52281188113,2895.0186278571014
2026-02-10 05:00:00+00:00,2338.49625,2504.1912,2201.4432916137325,2806.939107589704
2026-02-10 06:00:00+00:00,2653.8975,2795.849,2493.101147012349,3098.5969629883202
2026-02-10 07:00:00+00:00,2826.33475,2688.051,2385.303183634,2990.7989996099714
2026-02-10 08:00:00+00:00,2736.62575,2851.6738,2548.9259175508046,3154.421733526776
2026-02-10 09:00:00+00:00,2544.7842499999997,2662.7507,2360.002831410215,2965.4986473861863
2026-02-10 10:00:00+00:00,2639.0505,2664.417,2361.66906853813,2967.1648845141012
2026-02-10 11:00:00+00:00,2689.9525000000003,2750.2896,2447.541588786388,3053.037404762359
2026-02-10 12:00:00+00:00,2729.923,2286.4646,1983.7166819113568,2589.212497887328
2026-02-10 13:00:00+00:00,3032.6845000000003,2622.4307,2319.6827165459304,2925.1785325219016
2026-02-10 14:00:00+00:00,3629.0615,3257.529,2954.7811188370665,3560.2769348130378
2026-02-10 15:00:00+00:00,3815.62425,3303.1826,3000.4346284370104,3605.930444412982
2026-02-10 16:00:00+00:00,4283.8735,3835.2603,3532.512201369924,4138.0080173458955
2026-02-10 17:00:00+00:00,4200.85675,4072.2456,3769.497590321649,4374.993406297621
2026-02-10 18:00:00+00:00,3978.39925,3965.7847,3663.036726181066,4268.532542157038
2026-02-10 19:00:00+00:00,3668.83375,4006.5967,3703.848752972659,4309.344568948631
2026-02-10 20:00:00+00:00,3244.467,3513.1,3210.3521630830423,3815.8479790590136
2026-02-10 21:00:00+00:00,3127.7625,3635.664,3332.9159766061375,3938.4117925821092
2026-02-10 22:00:00+00:00,3025.54275,3509.3184,3206.57031889645,3812.0661348724216
2026-02-10 23:00:00+00:00,3004.1115,3136.2764,2833.528338202469,3439.0241541784408
2026-02-11 00:00:00+00:00,2878.08225,3221.0886,2918.340576876879,3523.83639285285
2026-02-11 01:00:00+00:00,2964.7795,3579.7244,3276.9764659094935,3882.472281885465
2026-02-11 02:00:00+00:00,3284.113,3873.6707,3570.9225877923136,4176.418403768284
2026-02-11 03:00:00+00:00,3598.435,4315.919,4013.170966901551,4618.666782877523
2026-02-11 04:00:00+00:00,4001.7,4310.187,4007.4388347121253,4612.934650688097
2026-02-11 05:00:00+00:00,4244.7415,4319.5684,4016.820577275204,4622.316393251175
2026-02-11 06:00:00+00:00,4164.99075,4856.8057,4554.0576264037445,5159.553442379715
2026-02-11 07:00:00+00:00,4027.5755,4786.5117,4483.763888847567,5089.259704823538
2026-02-11 08:00:00+00:00,4006.6177500000003,4641.0156,4338.267688854236,4943.763504830207
2026-02-11 09:00:00+00:00,4230.1605,4969.4067,4666.6586829928065,5272.154498968777
2026-02-11 10:00:00+00:00,4203.69575,4348.7607,4046.0127452824445,4651.508561258416
2026-02-11 11:00:00+00:00,3949.68925,4302.195,3999.4467259304056,4604.942541906377
2026-02-11 12:00:00+00:00,3414.517,4163.644,3860.896123035516,4466.391939011488
2026-02-11 13:00:00+00:00,3494.6349999999998,4289.634,3986.886013922709,4592.381829898681
2026-02-11 14:00:00+00:00,3664.566,4505.09,4202.34183070338,4807.837646679351
2026-02-11 15:00:00+00:00,3931.32575,5373.876,5071.127840313538,5676.62365628951
2026-02-11 16:00:00+00:00,4318.72475,4789.343,4486.594806894756,5092.090622870728
2026-02-11 17:00:00+00:00,4724.668,5283.127,4980.37901068545,5585.874826661421
2026-02-11 18:00:00+00:00,5189.5295,5365.703,5062.955276312216,5668.451092288187
2026-02-11 19:00:00+00:00,5517.678,5593.967,5291.218913020062,5896.714728996034
2026-02-11 20:00:00+00:00,5764.282499999999,5451.5693,5148.821099142881,5754.316915118852
2026-02-11 21:00:00+00:00,5928.8085,5258.041,4955.292949034943,5560.788765010914
2026-02-11 22:00:00+00:00,6089.099249999999,5285.728,4982.980180519558,5588.475996495529
2026-02-11 23:00:00+00:00,6192.875249999999,5532.4736,5229.725475021285,5835.221290997257
2026-02-12 00:00:00+00:00,6196.266,5270.243,4967.495322411789,5572.991138387761
2026-02-12 01:00:00+00:00,6109.793249999999,5436.1606,5133.412752333686,5738.908568309656
2026-02-12 02:00:00+00:00,5939.50525,5459.8687,5157.120753340432,5762.616569316404
2026-02-12 03:00:00+00:00,5753.8435,5080.98,4778.23208782653,5383.727903802501
2026-02-12 04:00:00+00:00,5715.78925,4925.9424,4623.19426451736,5228.690080493332
2026-02-12 05:00:00+00:00,5445.5244999999995,5074.684,4771.935872337823,5377.431688313794
2026-02-12 06:00:00+00:00,4864.34025,5161.734,4858.98579859878,5464.481614574752
2026-02-12 07:00:00+00:00,5368.187,4979.6104,4676.862332642793,5282.358148618765
2026-02-12 08:00:00+00:00,5320.0845,5476.1,5173.3518645059885,5778.84768048196
2026-02-12 09:00:00+00:00,5284.63,4815.5366,4512.788674994345,5118.284490970316
2026-02-12 10:00:00+00:00,5150.74675,5028.0933,4725.345420806409,5330.841236782379
2026-02-12 11:00:00+00:00,5090.62575,4768.738,4465.989906986144,5071.485722962115
2026-02-12 12:00:00+00:00,5093.49275,4877.9424,4575.194247689832,5180.690063665804
2026-02-12 13:00:00+00:00,5015.95375,5113.1924,4810.444416112443,5415.940232088415
2026-02-12 14:00:00+00:00,5327.95,5418.931,5116.183136574152,5721.678952550123
2026-02-12 15:00:00+00:00,5916.08425,5303.4414,5000.693296249904,5606.189112225875
2026-02-12 16:00:00+00:00,6233.2115,5054.18,4751.432130224523,5356.927946200494
2026-02-12 17:00:00+00:00,6385.284,5195.6025,4892.854585782925,5498.350401758896
2026-02-12 18:00:00+00:00,6436.69025,5207.696,4904.947657304667,5510.4434732806385
2026-02-12 19:00:00+00:00,6557.736999999999,5022.8413,4720.093359509988,5325.589175485959
2026-02-12 20:00:00+00:00,6615.61075,5176.604,4873.855994509612,5479.351810485583
2026-02-12 21:00:00+00:00,6559.7865,5123.0303,4820.28244034124,5425.778256317211
2026-02-12 22:00:00+00:00,6444.31475,4666.493,4363.74530832685,4969.241124302822
2026-02-12 23:00:00+00:00,6232.0115000000005,4727.0576,4424.309680557246,5029.805496533218
2026-02-13 00:00:00+00:00,5761.5615,4805.1685,4502.4206439269765,5107.916459902947
2026-02-13 01:00:00+00:00,5310.37825,4924.7437,4621.995587506389,5227.49140348236
2026-02-13 02:00:00+00:00,4715.666,4946.9287,4644.180649332022,5249.676465307994
2026-02-13 03:00:00+00:00,4539.76825,4627.5635,4324.815416616673,4930.311232592645
2026-02-13 04:00:00+00:00,4336.1065,4026.415,3723.66710815925,4329.162924135221
2026-02-13 05:00:00+00:00,4099.71675,3386.271,3083.5230054025424,3689.018821378514
2026-02-13 06:00:00+00:00,3908.4125,3774.0232,3471.2751940959142,4076.771010071885
2026-02-13 07:00:00+00:00,3846.3805,3172.0156,2869.26774090977,3474.7635568857413
2026-02-13 08:00:00+00:00,3662.185,3478.837,3176.0889247923915,3781.5847407683627
2026-02-13 09:00:00+00:00,3845.95925,3950.2473,3647.499253160694,4252.995069136665
2026-02-13 10:00:00+00:00,4261.3282500000005,4404.411,4101.66303469779,4707.158850673761
2026-02-13 11:00:00+00:00,4458.60325,4229.7817,3927.0336039720296,4532.529419948001
2026-02-13 12:00:00+00:00,4191.245,4171.657,3868.9090206014416,4474.404836577413
2026-02-13 13:00:00+00:00,4030.62925,3646.7485,3344.000577776525,3949.4963937524963
2026-02-13 14:00:00+00:00,3800.80575,3092.153,2789.4051081533194,3394.9009241292906
2026-02-13 15:00:00+00:00,4008.2037499999997,3960.4019,3657.6538241345656,4263.149640110537
2026-02-13 16:00:00+00:00,4081.0739999999996,3422.108,3119.3599760893258,3724.8557920652975
2026-02-13 17:00:00+00:00,4145.15,3929.7834,3627.0354812355827,4232.531297211554
2026-02-13 18:00:00+00:00,4284.3585,2698.6926,2395.9447640255025,3001.440580001474
2026-02-13 19:00:00+00:00,4165.9245,3087.895,2785.146997206914,3390.642813182885
2026-02-13 20:00:00+00:00,3947.9345000000003,3044.0325,2741.2844842297914,3346.7803002057626
2026-02-13 21:00:00+00:00,3657.21775,2919.6985,2616.950623606103,3222.446439582074
2026-02-13 22:00:00+00:00,3063.34425,2247.2307,1944.4827341399136,2549.978550115885
2026-02-13 23:00:00+00:00,2453.558,1802.4952,1499.7472690078325,2105.243084983804
2026-02-14 00:00:00+00:00,2114.9395,2668.8958,2375.842534342916,2961.9489200524367
2026-02-14 01:00:00+00:00,2269.5225,2773.0798,2480.0265176092025,3066.1329033187226
2026-02-14 02:00:00+00:00,2407.9120000000003,2958.0623,2665.009057555936,3251.1154432654566
2026-02-14 03:00:00+00:00,2542.637,2999.3,2706.2469329477076,3292.353318657228
2026-02-14 04:00:00+00:00,2541.593,3294.9941,3001.9409200840555,3588.047305793576
2026-02-14 05:00:00+00:00,2404.6279999999997,3241.9104,2948.8572954073843,3534.9636811169044
2026-02-14 06:00:00+00:00,1928.9105,2273.3318,1980.2785581390765,2566.384943848597
2026-02-14 07:00:00+00:00,1388.59575,1674.2568,1381.20363621983,1967.3100219293501
2026-02-14 08:00:00+00:00,964.2762500000001,1035.2299,742.1766091381519,1328.282994847672
2026-02-14 09:00:00+00:00,581.0159999999998,1183.3594,890.3062337287145,1476.4126194382345
2026-02-14 10:00:00+00:00,349.8092499999998,617.1052,324.05200671978173,910.1583924293016
2026-02-14 11:00:00+00:00,94.02399999999989,407.65063,114.59739757771877,700.7037832872388
2026-02-14 12:00:00+00:00,12.288250000000062,269.45435,-23.598724398853392,562.5076613106664
2026-02-14 13:00:00+00:00,8.637499999999818,172.78076,-120.27235752565866,465.8340281838616
2026-02-14 14:00:00+00:00,13.058750000000146,174.1936,-118.85957746910071,467.24680824041934
2026-02-14 15:00:00+00:00,32.39775000000009,217.00513,-76.04818399856003,510.05820171096025
2026-02-14 16:00:00+00:00,64.20649999999978,83.33252,-209.72070939537434,376.3856763141457
2026-02-14 17:00:00+00:00,184.45224999999982,146.8711,-146.1820408019771,439.92434490754295
2026-02-14 18:00:00+00:00,391.9229999999998,295.0869,2.0338465271725,588.1402322366923
2026-02-14 19:00:00+00:00,708.2,756.48914,463.4359826804971,1049.5423683900171
2026-02-14 20:00:00+00:00,1078.51675,1091.6954,798.642268960835,1384.7486546703553
2026-02-14 21:00:00+00:00,1556.14025,2032.1295,1739.076260753973,2325.1826464634933
2026-02-14 22:00:00+00:00,1996.253,2069.4844,1776.4310805844996,2362.53746629402
2026-02-14 23:00:00+00:00,2422.6775000000002,2530.682,2237.628690999395,2823.7350767089156
2026-02-15 00:00:00+00:00,2749.5344999999998,2652.744,2359.6906402326404,2945.797025942161
2026-02-15 01:00:00+00:00,3141.06775,3133.6565,2840.6032914703505,3426.7096771798706
2026-02-15 02:00:00+00:00,3426.00025,3206.1882,2913.13509166846,3499.24147737798
2026-02-15 03:00:00+00:00,3503.44175,3519.3672,3226.314053702295,3812.420439411815
2026-02-15 04:00:00+00:00,3517.3975,3453.04,3159.9869018995723,3746.093287609093
2026-02-15 05:00:00+00:00,3662.5115,3176.847,2883.793758776607,3469.900144486127
2026-02-15 06:00:00+00:00,4120.800499999999,3910.3308,3617.2776809207708,4203.384066630291
2026-02-15 07:00:00+00:00,4625.87375,4209.184,3916.1307059869823,4502.237091696503
2026-02-15 08:00:00+00:00,5297.35025,4667.248,4374.194849212381,4960.301234921902
2026-02-15 09:00:00+00:00,5713.0725,5456.8096,5163.756088117565,5749.8624738270855
2026-02-15 10:00:00+00:00,6004.45225,5713.9556,5420.902418560556,6007.008804270075
2026-02-15 11:00:00+00:00,6170.99925,5645.6226,5352.569256240633,5938.675641950153
2026-02-15 12:00:00+00:00,6296.982749999999,5799.0845,5506.030989662677,6092.137375372197
2026-02-15 13:00:00+00:00,6353.7405,5608.2275,5315.174091166531,5901.280476876051
2026-02-15 14:00:00+00:00,6398.361,6104.2124,5811.159334274707,6397.265719984228
2026-02-15 15:00:00+00:00,6045.69575,6144.885,5851.831626145658,6437.938011855178
2026-02-15 16:00:00+00:00,5777.77725,6110.2266,5817.173079479047,6403.279465188568
2026-02-15 17:00:00+00:00,5333.655000000001,5932.1377,5639.084352197933,6225.190737907453
2026-02-15 18:00:00+00:00,5480.30125,5672.2935,5379.240194790145,5965.346580499665
2026-02-15 19:00:00+00:00,5570.41325,5859.776,5566.722452089301,6152.828837798821
2026-02-15 20:00:00+00:00,6277.718,6033.3164,5740.263150611282,6326.369536320803
2026-02-15 21:00:00+00:00,6368.255,6321.544,6028.490856615905,6614.597242325424
2026-02-15 22:00:00+00:00,6391.7325,6200.2007,5907.14736615744,6493.25375186696
2026-02-15 23:00:00+00:00,6186.09425,6052.106,5759.052782455719,6345.159168165239
2026-02-16 00:00:00+00:00,6419.52925,6387.7524,6094.699062282191,6680.805447991712
2026-02-16 01:00:00+00:00,6352.07525,6229.4683,5936.414973876439,6522.521359585959
2026-02-16 02:00:00+00:00,6353.52975,6174.598,5881.54501397959,6467.65139968911
2026-02-16 03:00:00+00:00,6480.53875,6301.801,6008.7475125063465,6594.853898215866
2026-02-16 04:00:00+00:00,5772.13825,5740.1196,5447.066282229331,6033.17266793885
2026-02-16 05:00:00+00:00,5954.396000000001,6124.7275,5831.674220890882,6417.780606600401
2026-02-16 06:00:00+00:00,5734.44375,5750.0283,5456.975031187901,6043.081416897421
2026-02-16 07:00:00+00:00,5161.3265,5861.3027,5568.249463300311,6154.355849009831
2026-02-16 08:00:00+00:00,4652.71075,5775.565,5482.511587935325,6068.617973644845
2026-02-16 09:00:00+00:00,4351.3965,5765.464,5472.41059630219,6058.516982011711
2026-02-16 10:00:00+00:00,4063.21225,5081.634,4788.580685234112,5374.687070943632
2026-02-16 11:00:00+00:00,2999.16025,3387.525,3094.4717985850625,3680.5781842945826
2026-02-16 12:00:00+00:00,2310.12025,3276.4229,2983.369731211804,3569.476116921324
2026-02-16 13:00:00+00:00,1938.3795,2807.407,2514.3537296326936,3100.460115342214
2026-02-16 14:00:00+00:00,1769.7269999999999,2412.0679,2119.014674478205,2705.1210601877256
2026-02-16 15:00:00+00:00,1670.679,1582.4308,1289.3775403668799,1875.4839260764002
2026-02-16 16:00:00+00:00,1675.04675,666.6492,373.59596582999256,959.7023515395126
2026-02-16 17:00:00+00:00,1741.36875,633.71655,340.66342404588977,926.7698097554098
2026-02-16 18:00:00+00:00,1616.57225,616.78235,323.72913761249947,909.8355233220193
2026-02-16 19:00:00+00:00,1614.2952500000001,1419.8005,1126.74725657855,1712.8536422880702
2026-02-16 20:00:00+00:00,1452.65575,2333.7996,2040.7463670026284,2626.8527527121487
2026-02-16 21:00:00+00:00,1337.3580000000002,1843.3782,1550.324896400446,2136.431282109966
2026-02-16 22:00:00+00:00,1176.022,878.9791,585.9259638720564,1172.0323495815765
2026-02-16 23:00:00+00:00,1251.617,329.89014,36.83705741377253,622.9434431232926
2026-02-17 00:00:00+00:00,1681.66,744.5929,451.53976165662266,1037.6461473661427
2026-02-17 01:00:00+00:00,2129.475,1084.5477,791.4945705891334,1377.6009562986535
2026-02-17 02:00:00+00:00,2244.298,1774.1451,1481.0919226321837,2067.198308341704
2026-02-17 03:00:00+00:00,2612.08,1452.8634,1159.8102104780069,1745.916596187527
2026-02-17 04:00:00+00:00,2837.92675,1675.8994,1382.8461644894687,1968.9525501989888
2026-02-17 05:00:00+00:00,3011.2105,2070.7078,1777.6545916199034,2363.7609773294234
2026-02-17 06:00:00+00:00,2860.3160000000003,2027.4937,1734.4404154553706,2320.546801164891
2026-02-17 07:00:00+00:00,2832.752,2216.2769,1923.2235389631196,2509.32992467264
2026-02-17 08:00:00+00:00,2324.5955,1812.6401,1519.586964412938,2105.693350122458
2026-02-17 09:00:00+00:00,1683.11625,1859.4541,1566.4008953745677,2152.507281084088
2026-02-17 10:00:00+00:00,1101.2045,1055.7374,762.6842089639858,1348.790594673506
2026-02-17 11:00:00+00:00,921.3895,890.4177,597.3645101673537,1183.4708958768736
2026-02-17 12:00:00+00:00,1417.8885,1209.038,915.9847757290929,1502.091161438613
2026-02-17 13:00:00+00:00,2347.758,1617.0629,1324.0096724185064,1910.1160581280265
2026-02-17 14:00:00+00:00,2964.4052500000003,2078.499,1785.4457242945177,2371.552110004038
2026-02-17 15:00:00+00:00,2413.7745,2130.4282,1837.375089233688,2423.4814749432085
2026-02-17 16:00:00+00:00,1777.805,1409.2241,1116.1709090343952,1702.2772947439153
2026-02-17 17:00:00+00:00,2277.1555,1140.7144,847.6611505318217,1433.767536241342
2026-02-17 18:00:00+00:00,3256.1665,2846.2395,2553.1864016291033,3139.2927873386234
2026-02-17 19:00:00+00:00,4442.73575,6483.1763,6190.123010865642,6776.229396575161
2026-02-17 20:00:00+00:00,5303.8765,5877.58,5584.526867016263,6170.633252725784
2026-02-17 21:00:00+00:00,5107.38925,6354.7275,6061.674471190702,6647.780856900223
2026-02-17 22:00:00+00:00,4472.425,3822.6465,3529.593160948123,4115.699546657643
2026-02-17 23:00:00+00:00,3648.40125,4016.9307,3723.877315553863,4309.983701263383
2026-02-18 00:00:00+00:00,2817.742,3230.3438,2937.2905337497027,3523.3969194592228
2026-02-18 01:00:00+00:00,1935.1085,2604.9216,2311.8684398421833,2897.9748255517034
2026-02-18 02:00:00+00:00,1356.18725,1441.9902,1148.9370333861682,1735.0434190956885
2026-02-18 03:00:00+00:00,969.0497500000001,1460.4998,1167.4465524372315,1753.5529381467518
2026-02-18 04:00:00+00:00,741.8757499999999,1563.2725,1270.2192290788303,1856.3256147883503
2026-02-18 05:00:00+00:00,455.93499999999995,984.9989,691.9457628796904,1278.0521485892104
2026-02-18 06:00:00+00:00,155.29525000000012,342.09644,49.04328850315187,635.1496742126722
2026-02-18 07:00:00+00:00,50.31174999999985,429.1809,136.12771985954396,722.234105569064
2026-02-18 08:00:00+00:00,24.569750000000113,332.28687,39.23355416626464,625.3399398757849
2026-02-18 09:00:00+00:00,87.2460000000001,319.71313,26.65998311679141,612.7663688263112
2026-02-18 10:00:00+00:00,163.15075000000024,280.97778,-12.075308427828531,574.0310772816915
2026-02-18 11:00:00+00:00,248.3137499999998,405.32886,112.27569758489562,698.3820832944157
2026-02-18 12:00:00+00:00,394.28774999999996,554.91724,261.8640733063685,847.9704590158885
2026-02-18 13:00:00+00:00,688.9237499999999,862.70935,569.6561684224882,1155.7625541320083
2026-02-18 14:00:00+00:00,942.0442499999999,1269.9716,976.9184167758488,1563.024802485369
2026-02-18 15:00:00+00:00,1351.9345,1702.0488,1408.995615315586,1995.1020010251063
2026-02-18 16:00:00+00:00,2120.683,2051.6267,1758.5735685308669,2344.679954240387
2026-02-18 17:00:00+00:00,3504.60325,2579.2288,2286.1755653681575,2872.281951077678
2026-02-18 18:00:00+00:00,4580.3495,5011.638,4718.584634495071,5304.691020204591
2026-02-18 19:00:00+00:00,5422.18975,5251.2754,4958.222307971968,5544.3286936814875
2026-02-18 20:00:00+00:00,5748.45875,5338.4854,5045.431900668322,5631.538286377841
2026-02-18 21:00:00+00:00,5937.8735,5383.2783,5090.225086794049,5676.331472503569
2026-02-18 22:00:00+00:00,6116.80025,5820.4683,5527.415147502971,6113.521533212492
2026-02-18 23:00:00+00:00,6037.5689999999995,5459.368,5166.314608796447,5752.4209945059665
2026-02-19 00:00:00+00:00,6119.6672499999995,6061.7754,5768.721924602512,6354.828310312032
2026-02-19 01:00:00+00:00,6352.4735,6237.1074,5944.054101961381,6530.160487670901
2026-02-19 02:00:00+00:00,6415.661249999999,6236.5825,5943.529024422157,6529.635410131677
2026-02-19 03:00:00+00:00,6421.99125,6148.2856,5855.232414060927,6441.338799770448
2026-02-19 04:00:00+00:00,6471.5525,6198.192,5905.138783831884,6491.245169541406
2026-02-19 05:00:00+00:00,6536.589249999999,6004.58,5711.526621317671,6297.633007027191
2026-02-19 06:00:00+00:00,6500.977999999999,5499.789,5206.735935035384,5792.842320744904
2026-02-19 07:00:00+00:00,6547.820249999999,5942.5547,5649.501247624054,6235.607633333573
2026-02-19 08:00:00+00:00,6577.975,5954.37,5661.316563843415,6247.422949552934
2026-02-19 09:00:00+00:00,6549.432499999999,6052.115,5759.061783784963,6345.168169494484
2026-02-19 10:00:00+00:00,6479.159,6116.959,5823.905645118718,6410.0120308282385
2026-02-19 11:00:00+00:00,6105.995999999999,5934.104,5641.05092832035,6227.15731402987
2026-02-19 12:00:00+00:00,6365.781000000001,5828.3867,5535.333531111836,6121.439916821357
2026-02-19 13:00:00+00:00,6384.169,5878.504,5585.450360533209,6171.55674624273
2026-02-19 14:00:00+00:00,6301.509,5857.26,5564.206580565647,6150.312966275167
2026-02-19 15:00:00+00:00,6298.4525,5672.42,5379.366642034285,5965.473027743805
2026-02-19 16:00:00+00:00,6383.3445,5761.9937,5468.940583878689,6055.046969588208
2026-02-19 17:00:00+00:00,6470.868,5729.475,5436.421567446396,6022.527953155915
2026-02-19 18:00:00+00:00,6514.92225,5720.469,5427.416166172654,6013.522551882174
2026-02-19 19:00:00+00:00,6437.77925,5616.0225,5322.969027974337,5909.075413683858
2026-02-19 20:00:00+00:00,6403.429,5923.7876,5630.734119102726,6216.840504812246
2026-02-19 21:00:00+00:00,6445.3905,5933.0405,5639.987056930673,6226.093442640193
2026-02-19 22:00:00+00:00,6456.82475,6023.7344,5730.681021313847,6316.7874070233665
2026-02-19 23:00:00+00:00,6592.5375,5699.821,5406.767331204637,5992.873716914157
2026-02-20 00:00:00+00:00,6598.50325,5963.377,5670.3236796560595,6256.430065365579
2026-02-20 01:00:00+00:00,6593.862499999999,6032.108,5739.054829318977,6325.161215028497
2026-02-20 02:00:00+00:00,6598.3945,5590.9844,5297.930973413131,5884.037359122652
2026-02-20 03:00:00+00:00,6427.303,5647.8315,5354.778010983182,5940.884396692702
2026-02-20 04:00:00+00:00,6294.97625,5700.752,5407.698754464012,5993.805140173532
2026-02-20 05:00:00+00:00,6001.2119999999995,5787.627,5494.573797756803,6080.680183466324
2026-02-20 06:00:00+00:00,5673.57025,5671.022,5377.968435558408,5964.074821267928
2026-02-20 07:00:00+00:00,5261.70225,5760.9175,5467.864067764597,6053.970453474118
2026-02-20 08:00:00+00:00,5523.83775,5829.517,5536.463626566665,6122.570012276185
2026-02-20 09:00:00+00:00,5616.17025,5424.519,5131.465748311539,5717.572134021058
2026-02-20 10:00:00+00:00,5487.4485,5317.0,5023.946799350078,5610.053185059598
2026-02-20 11:00:00+00:00,5447.76225,4885.5405,4592.487156291678,5178.593542001197
2026-02-20 12:00:00+00:00,5351.2605,5616.4634,5323.409878789924,5909.516264499443
2026-02-20 13:00:00+00:00,5248.5435,5223.482,4930.428560757967,5516.534946467487
2026-02-20 14:00:00+00:00,5533.106,5236.712,4943.658585890153,5529.764971599672
2026-02-20 15:00:00+00:00,5825.309499999999,4806.208,4513.15458395314,5099.2609696626605
2026-02-20 16:00:00+00:00,6086.4667500000005,5136.7153,4843.662176368191,5429.768562077711
2026-02-20 17:00:00+00:00,6137.824999999999,5270.1343,4977.080950007274,5563.187335716794
2026-02-20 18:00:00+00:00,6140.78875,5456.396,5163.3428842418,5749.44926995132
2026-02-20 19:00:00+00:00,6197.893249999999,5410.235,5117.181496071009,5703.287881780529
2026-02-20 20:00:00+00:00,6377.700999999999,5585.849,5292.795715079518,5878.902100789039
2026-02-20 21:00:00+00:00,6287.262,5874.8438,5581.790462926134,6167.896848635654
2026-02-20 22:00:00+00:00,6042.66525,5658.846,5365.793066169293,5951.899451878813
2026-02-20 23:00:00+00:00,5672.21875,4920.5425,4627.489039373731,5213.595425083251
2026-02-21 00:00:00+00:00,5875.86975,4577.793,4275.058549446109,4880.526686002787
2026-02-21 01:00:00+00:00,5881.65325,4483.2764,4180.542234894746,4786.010371451423
2026-02-21 02:00:00+00:00,6040.1975,4652.46,4349.7256471106175,4955.193783667295
2026-02-21 03:00:00+00:00,5956.615250000001,4968.175,4665.440412182861,5270.908548739539
2026-02-21 04:00:00+00:00,6259.377999999999,4207.5723,3904.8379496766665,4510.306086233344
2026-02-21 05:00:00+00:00,5970.94375,4388.796,4086.061925660358,4691.530062217036
2026-02-21 06:00:00+00:00,6120.88025,4018.0479,3715.3136765433355,4320.781813100013
2026-02-21 07:00:00+00:00,6333.90075,4145.5806,3842.8462238090333,4448.31436036571
2026-02-21 08:00:00+00:00,6457.7305,4454.8447,4152.11067920861,4757.578815765288
2026-02-21 09:00:00+00:00,6443.1265,4745.178,4442.444267621568,5047.912404178245
2026-02-21 10:00:00+00:00,6352.843,4237.226,3934.491971601062,4539.960108157739
2026-02-21 11:00:00+00:00,6296.7845,4545.8486,4243.1145464986075,4848.582683055285
2026-02-21 12:00:00+00:00,6093.787,2974.864,2672.129966856105,3277.5981034127826
2026-02-21 13:00:00+00:00,5615.4885,2918.9756,2616.2415172711835,3221.709653827861
2026-02-21 14:00:00+00:00,5088.59,3102.0798,2799.345645900683,3404.8137824573605
2026-02-21 15:00:00+00:00,3907.24725,3953.6873,3650.953208021712,4256.421344578389
2026-02-21 16:00:00+00:00,2711.335,3334.8433,3032.1091435403414,3637.5772800970185
2026-02-21 17:00:00+00:00,2098.31575,2475.3298,2172.5956617045863,2778.0637982612634
2026-02-21 18:00:00+00:00,1601.7365,2690.722,2387.987819531043,2993.4559560877206
2026-02-21 19:00:00+00:00,1870.424,2091.3694,1788.6353298371077,2394.103466393785
2026-02-21 20:00:00+00:00,2660.8360000000002,2283.3247,1980.5906249106183,2586.058761467296
2026-02-21 21:00:00+00:00,2765.66125,1926.1791,1623.445051938026,2228.9131884947033
2026-02-21 22:00:00+00:00,2183.869,3366.4531,3063.7189185603247,3669.187055117002
2026-02-21 23:00:00+00:00,3305.3725,3654.3718,3351.6377932449386,3957.1059298016157
2026-02-22 00:00:00+00:00,3520.1545,3836.2432,3533.509114823416,4138.977251380094
2026-02-22 01:00:00+00:00,4167.046249999999,4768.789,4466.054754228173,5071.52289078485
2026-02-22 02:00:00+00:00,5327.46775,4921.0312,4618.297236172401,5223.765372729079
2026-02-22 03:00:00+00:00,5930.60075,4752.7583,4450.024244114336,5055.492380671014
2026-02-22 04:00:00+00:00,6279.911,4891.702,4588.968119370236,5194.436255926914
2026-02-22 05:00:00+00:00,6509.3555,4693.695,4390.960522059308,4996.428658615985
2026-02-22 06:00:00+00:00,6331.0075,4439.7817,4137.047811988488,4742.515948545166
2026-02-22 07:00:00+00:00,6099.26175,4180.8354,3878.1013228554107,4483.569459412089
2026-02-22 08:00:00+00:00,5960.714,4074.4111,3771.6771069838924,4377.14524354057
2026-02-22 09:00:00+00:00,5294.429,4903.755,4601.020470593019,5206.488607149697
2026-02-22 10:00:00+00:00,5048.5635,4127.273,3824.538913189912,4430.0070497465895
2026-02-22 11:00:00+00:00,5372.883,4694.0156,4391.281355151642,4996.7494917083195
2026-02-22 12:00:00+00:00,6117.95175,4861.4487,4558.714651781675,5164.182788338352
2026-02-22 13:00:00+00:00,6412.012999999999,4826.2607,4523.5263125938545,5128.994449150532
2026-02-22 14:00:00+00:00,6359.51175,5039.9224,4737.188078729282,5342.65621528596
2026-02-22 15:00:00+00:00,6256.78925,5267.504,4964.769543270863,5570.237679827541
2026-02-22 16:00:00+00:00,5683.88675,4667.2324,4364.498114303944,4969.966250860622
2026-02-22 17:00:00+00:00,4911.4037499999995,5382.5903,5079.856038318041,5685.324174874719
2026-02-22 18:00:00+00:00,5020.0095,3515.7944,3213.0604006796802,3818.528537236358
2026-02-22 19:00:00+00:00,5133.139,4606.2866,4303.552471484863,4909.020608041541
2026-02-22 20:00:00+00:00,5277.92825,4300.889,3998.1549442649693,4603.623080821647
2026-02-22 21:00:00+00:00,5587.87275,4778.5654,4475.831483691165,5081.2996202478425
2026-02-22 22:00:00+00:00,5694.72625,4392.8057,4090.0713748864023,4695.539511443079
2026-02-22 23:00:00+00:00,5553.73075,4336.676,4033.941871847504,4639.410008404182
2026-02-23 00:00:00+00:00,5793.81875,4674.1406,4371.406205863869,4976.874342420547
2026-02-23 01:00:00+00:00,5925.3279999999995,4795.655,4492.920721577968,5098.3888581346455
2026-02-23 02:00:00+00:00,5885.0805,4789.1777,4486.443622234932,5091.91175879161
2026-02-23 03:00:00+00:00,5919.7265,5014.5596,4711.825333363209,5317.293469919886
2026-02-23 04:00:00+00:00,6048.6315,5057.088,4754.353827914658,5359.8219644713345
2026-02-23 05:00:00+00:00,5979.68425,4829.131,4526.396665035827,5131.864801592505
2026-02-23 06:00:00+00:00,5808.969999999999,4686.7783,4384.044286439591,4989.512422996268
2026-02-23 07:00:00+00:00,5852.94525,4507.9536,4205.219379016747,4810.687515573424
2026-02-23 08:00:00+00:00,5859.46375,4403.884,4101.14943937722,4706.617575933897
2026-02-23 09:00:00+00:00,5765.228,3876.8503,3574.11625421603,4179.584390772708
2026-02-23 10:00:00+00:00,5600.077,3033.4397,2730.7056882756997,3336.173824832377
2026-02-23 11:00:00+00:00,5641.83125,3991.1345,3688.40045221501,4293.868588771687
2026-02-23 12:00:00+00:00,5680.5064999999995,3805.5435,3502.8092241678314,4108.277360724509
2026-02-23 13:00:00+00:00,5807.82525,4978.7466,4676.012473379757,5281.480609936434
2026-02-23 14:00:00+00:00,5959.89225,5212.1055,4909.371505391709,5514.839641948387
2026-02-23 15:00:00+00:00,5953.95475,4610.636,4307.90225668327,4913.370393239948
2026-02-23 16:00:00+00:00,5921.715,4783.8604,4481.1259798254505,5086.594116382127
2026-02-23 17:00:00+00:00,5953.79125,4449.182,4146.447771527417,4751.915908084095
2026-02-23 18:00:00+00:00,5997.62225,4896.264,4593.530078757963,5198.998215314639
2026-02-23 19:00:00+00:00,5942.128,4243.1875,3940.4532090514795,4545.921345608157
2026-02-23 20:00:00+00:00,5756.76375,4499.6323,4196.898293082901,4802.366429639578
2026-02-23 21:00:00+00:00,5439.972,3608.0574,3305.3232753183197,3910.7914118749973
2026-02-23 22:00:00+00:00,4844.7845,3151.027,2848.2931062104667,3453.7612427671443
2026-02-23 23:00:00+00:00,3618.74925,2620.8667,2318.1326020891297,2923.6007386458073
2026-02-24 00:00:00+00:00,2464.3535,1954.3582,1651.6241149809377,2257.092251537615
2026-02-24 01:00:00+00:00,1641.65175,1309.0002,1006.2662333667668,1611.734369923444
2026-02-24 02:00:00+00:00,948.23875,1532.3143,1229.5802105773137,1835.0483471339912
2026-02-24 03:00:00+00:00,513.0417499999996,531.08325,228.34917826662922,833.8173148233066
2026-02-24 04:00:00+00:00,220.95649999999978,500.38232,197.6482160242299,803.1163525809072
2026-02-24 05:00:00+00:00,25.418500000000222,386.99902,84.26490106040455,689.7330376170821
2026-02-24 06:00:00+00:00,0.0757499999999709,177.68823,-125.04579397243833,480.42234258423923
2026-02-24 07:00:00+00:00,4.220749999999953,293.7063,-9.027661348521633,596.4404752081557
2026-02-24 08:00:00+00:00,13.408249999999953,226.9458,-75.78837717648958,529.6797593801878
2026-02-24 09:00:00+00:00,200.47899999999981,189.33813,-113.39593075727362,492.07220579940395
2026-02-24 10:00:00+00:00,366.31925,209.85205,-92.88211572791397,512.5860208287636
2026-02-24 11:00:00+00:00,708.136,748.2063,445.47227697235894,1050.9404135290363
2026-02-24 12:00:00+00:00,937.0037499999999,837.45447,534.7204564250806,1140.1885929817581
2026-02-24 13:00:00+00:00,951.548,1378.7207,1075.9865648183743,1681.4547013750516
2026-02-24 14:00:00+00:00,910.3045,1372.5842,1069.850122923746,1675.3182594804234
2026-02-24 15:00:00+00:00,1081.30675,1373.8477,1071.1135237783285,1676.581660335006
2026-02-24 16:00:00+00:00,1421.43625,1438.2172,1135.483100787878,1740.9512373445555
2026-02-24 17:00:00+00:00,1685.7725,2026.5143,1723.7801632624573,2329.248299819135
2026-02-24 18:00:00+00:00,1904.2155,2078.3943,1775.6601280494683,2381.1282646061454
2026-02-24 19:00:00+00:00,2437.6015,2831.7478,2529.0136808093084,3134.481817365986
2026-02-24 20:00:00+00:00,2864.78575,2751.4275,2448.693400113951,3054.1615366706287
2026-02-24 21:00:00+00:00,2942.298,3599.7903,3297.0560902012558,3902.5242267579333
2026-02-24 22:00:00+00:00,2904.00675,2636.906,2334.1719795838576,2939.640116140535
2026-02-24 23:00:00+00:00,2896.8925,3544.4773,3241.743136315192,3847.2112728718694
2026-02-25 00:00:00+00:00,2924.2065000000002,3127.7385,2825.0043099656477,3430.4724465223253
2026-02-25 01:00:00+00:00,3142.92775,3226.9788,2924.2445542517853,3529.712690808463
2026-02-25 02:00:00+00:00,3093.376,2877.9885,2575.2544467734024,3180.72258333008
2026-02-25 03:00:00+00:00,2752.5075,3352.129,3049.3948032902863,3654.8629398469634
2026-02-25 04:00:00+00:00,2606.4809999999998,3487.7842,3185.049978611739,3790.5181151684164
2026-02-25 05:00:00+00:00,2878.6435,3225.2898,2922.5556262730684,3528.0237628297455
2026-02-25 06:00:00+00:00,2989.702,2771.4526,2468.7184911867766,3074.186627743454
2026-02-25 07:00:00+00:00,2974.1565,3545.7798,3243.045757247194,3848.5138938038717
2026-02-25 08:00:00+00:00,3164.21025,4051.5972,3748.8630236980043,4354.331160254682
2026-02-25 09:00:00+00:00,3302.15,3742.834,3440.0999637690456,4045.568100325723
2026-02-25 10:00:00+00:00,3371.90625,3377.0903,3074.3561322355567,3679.824268792234
2026-02-25 11:00:00+00:00,3550.2455,3930.0857,3627.3515084269875,4232.819644983665
2026-02-25 12:00:00+00:00,3559.84675,3760.6682,3457.934168809458,4063.4023053661354
2026-02-25 13:00:00+00:00,3565.84475,3847.0986,3544.36450357413,4149.832640130808
2026-02-25 14:00:00+00:00,3723.63225,4343.7837,4041.049707189697,4646.517843746375
2026-02-25 15:00:00+00:00,3891.1040000000003,3887.1597,3584.4254551672693,4189.893591723947
2026-02-25 16:00:00+00:00,3972.152,3950.8398,3648.1056803788942,4253.573816935572
2026-02-25 17:00:00+00:00,4352.7555,4130.7534,3828.0195343228797,4433.487670879557
2026-02-25 18:00:00+00:00,5000.13875,4703.801,4401.066442991791,5006.534579548468
2026-02-25 19:00:00+00:00,5661.68825,4769.963,4467.228784742405,5072.6969212990825
2026-02-25 20:00:00+00:00,5625.595499999999,4641.595,4338.861042713297,4944.329179269975
2026-02-25 21:00:00+00:00,5099.0675,4421.2886,4118.554366739646,4724.022503296323
2026-02-25 22:00:00+00:00,5057.146,4629.0244,4326.290043472179,4931.758180028855
2026-02-25 23:00:00+00:00,5393.27375,4058.103,3755.3689487263564,4360.837085283034
2026-02-26 00:00:00+00:00,5393.27475,4071.8513,3769.11708608347,4374.585222640148
2026-02-26 01:00:00+00:00,5581.03575,4996.7686,4694.034206112749,5299.502342669426
2026-02-26 02:00:00+00:00,5271.082,4888.7266,4585.992537103057,5191.460673659734
2026-02-26 03:00:00+00:00,5387.495,5013.4326,4710.698238351461,5316.166374908139
2026-02-26 04:00:00+00:00,4217.66125,5283.155,4980.420497334917,5585.8886338915945
2026-02-26 05:00:00+00:00,4027.433,5276.5884,4973.854027651532,5579.32216420821
2026-02-26 06:00:00+00:00,4460.9905,5158.8516,4856.117498411493,5461.585634968171
2026-02-26 07:00:00+00:00,5149.3682499999995,5033.6387,4730.904293647627,5336.372430204305
2026-02-26 08:00:00+00:00,5683.1095000000005,5037.251,4734.51682711749,5339.984963674167
2026-02-26 09:00:00+00:00,5593.73575,4953.7007,4650.966274758759,5256.434411315437
2026-02-26 10:00:00+00:00,5255.34475,4849.533,4546.799035036453,5152.26717159313
2026-02-26 11:00:00+00:00,4978.28325,4821.7046,4518.970354092292,5124.4384906489695
2026-02-26 12:00:00+00:00,4677.0872500000005,5368.101,5065.366898678532,5670.83503523521
2026-02-26 13:00:00+00:00,5137.63825,5020.8643,4718.12990722907,5323.598043785747
2026-02-26 14:00:00+00:00,6012.347,5962.1865,5659.452485598664,6264.920622155341
2026-02-26 15:00:00+00:00,5708.96925,5528.4775,5225.743581816117,5831.211718372794
2026-02-26 16:00:00+00:00,5286.221,5987.761,5685.026976519331,6290.495113076007
2026-02-26 17:00:00+00:00,4831.0225,5650.699,5347.964916193219,5953.433052749897
2026-02-26 18:00:00+00:00,5092.793250000001,5622.5703,5319.8361909409305,5925.304327497608
2026-02-26 19:00:00+00:00,5191.14025,5700.514,5397.77998676756,6003.248123324238
2026-02-26 20:00:00+00:00,5107.1565,5936.8066,5634.072380526191,6239.540517082869
2026-02-26 21:00:00+00:00,4999.92175,5906.6094,5603.875064086722,6209.343200643399
2026-02-26 22:00:00+00:00,5313.38025,5857.0996,5554.365395754582,6159.83353231126
2026-02-26 23:00:00+00:00,5386.684499999999,5073.0596,4770.325400753682,5375.793537310359
2026-02-27 00:00:00+00:00,5650.6295,5308.7163,5005.982129213808,5611.450265770484
2026-02-27 01:00:00+00:00,5627.943499999999,5125.2666,4822.532467415893,5428.00060397257
2026-02-27 02:00:00+00:00,5671.587750000001,5172.8857,4870.1514279721,5475.619564528777
2026-02-27 03:00:00+00:00,5653.44725,5174.187,4871.452977317287,5476.921113873965
2026-02-27 04:00:00+00:00,5421.70575,4782.3267,4479.592539093552,5085.060675650229
2026-02-27 05:00:00+00:00,5096.5375,5148.6294,4845.8949888335665,5451.363125390244
2026-02-27 06:00:00+00:00,4615.6335,4809.684,4506.949721839226,5112.417858395904
2026-02-27 07:00:00+00:00,5612.1900000000005,4807.2075,4504.473284710353,5109.941421267031
2026-02-27 08:00:00+00:00,5629.60225,5162.4634,4859.728960294542,5465.19709685122
2026-02-27 09:00:00+00:00,5294.2135,4856.3516,4553.617541938665,5159.085678495343
2026-02-27 10:00:00+00:00,4637.812,4924.604,4621.869692295393,5227.337828852071
2026-02-27 11:00:00+00:00,4217.14525,4564.5283,4261.794233535853,4867.26237009253
2026-02-27 12:00:00+00:00,3735.63775,4290.17,3987.435647039728,4592.903783596405
2026-02-27 13:00:00+00:00,4330.456,4402.766,4100.032202964168,4705.500339520846
2026-02-27 14:00:00+00:00,4655.8635,5015.8647,4713.130740420929,5318.598876977607
2026-02-27 15:00:00+00:00,4280.9665,4693.1357,4390.401796694101,4995.869933250779
2026-02-27 16:00:00+00:00,3637.83625,4565.5557,4262.821456656466,4868.289593213143
2026-02-27 17:00:00+00:00,3439.16425,3372.1519,3069.417831558493,3674.8859681151707
2026-02-27 18:00:00+00:00,3268.2174999999997,3526.4707,3223.736620114969,3829.2047566716465
2026-02-27 19:00:00+00:00,3251.52725,2854.1653,2551.4310894460486,3156.899226002726
2026-02-27 20:00:00+00:00,3246.16525,2758.8818,2456.1477866320324,3061.61592318871
2026-02-27 21:00:00+00:00,3305.4285,2342.707,2039.9729297256704,2645.4410662823475
2026-02-27 22:00:00+00:00,3647.0730000000003,2859.7341,2557.0000725429295,3162.468209099607
2026-02-27 23:00:00+00:00,3749.2005,3412.072,3109.3378694854932,3714.8060060421703
