date,wind_onshore_tenn_actual,wind_onshore_tenn_fitted,wind_onshore_tenn_lower,wind_onshore_tenn_upper
2026-01-24 00:00:00+00:00,11227.58075,10711.252,10120.376059245133,11302.127046206711
2026-01-24 01:00:00+00:00,10589.34475,9729.583,9138.707527115788,10320.458514077363
2026-01-24 02:00:00+00:00,9855.24925,9683.685,9092.809166460167,10274.560153421744
2026-01-24 03:00:00+00:00,9349.25425,9629.883,9039.007484121967,10220.758471083544
2026-01-24 04:00:00+00:00,8979.3665,9809.64,9218.764227823955,10400.515214785533
2026-01-24 05:00:00+00:00,9183.65625,10095.839,9504.96279869587,10686.713785657446
2026-01-24 06:00:00+00:00,8571.08225,9760.611,9169.735824028825,10351.486810990402
2026-01-24 07:00:00+00:00,8077.121,10371.271,9780.395669865826,10962.146656827403
2026-01-24 08:00:00+00:00,7718.3715,9994.646,9403.770485412628,10585.521472374203
2026-01-24 09:00:00+00:00,7178.78175,10248.979,9658.103002307193,10839.85398926877
2026-01-24 10:00:00+00:00,6698.17175,7276.068,6685.192572251671,7866.943559213248
2026-01-24 11:00:00+00:00,5602.26875,6228.5996,5637.724293603967,6819.475280565544
2026-01-24 12:00:00+00:00,5037.46025,5850.4385,5259.563138433569,6441.314125395146
2026-01-24 13:00:00+00:00,5043.33275,6191.3945,5600.519214352358,6782.270201313935
2026-01-24 14:00:00+00:00,4845.08375,6726.7583,6135.88291275765,7317.633899719227
2026-01-24 15:00:00+00:00,5064.4805,5775.9575,5185.0821839958635,6366.83317095744
2026-01-24 16:00:00+00:00,5475.2294999999995,6239.0283,5648.153053075851,6829.904040037428
2026-01-24 17:00:00+00:00,5530.74025,5666.634,5075.758301199166,6257.509288160743
2026-01-24 18:00:00+00:00,5395.535,5495.504,4904.628651996193,6086.37963895777
2026-01-24 19:00:00+00:00,5123.242,5484.1216,4893.246001883554,6074.9969888451305
2026-01-24 20:00:00+00:00,5178.651,6133.5273,5542.652026592551,6724.403013554128
2026-01-24 21:00:00+00:00,5137.999,5613.4155,5022.5401964840285,6204.291183445605
2026-01-24 22:00:00+00:00,5076.775,6285.196,5694.320196192087,6876.071183153664
2026-01-24 23:00:00+00:00,5324.9425,6343.8296,5752.9540036721255,6934.704990633702
2026-01-25 00:00:00+00:00,5673.937,6795.6,6204.724370442896,7386.475357404473
2026-01-25 01:00:00+00:00,5403.31525,6465.8516,5874.976088610477,7056.727075572054
2026-01-25 02:00:00+00:00,5100.572,4967.876,4377.0004103845395,5558.751397346116
2026-01-25 03:00:00+00:00,4539.90075,4997.532,4406.65655111007,5588.407538071647
2026-01-25 04:00:00+00:00,4242.052,5224.4663,4633.59059131795,5815.341578279527
2026-01-25 05:00:00+00:00,4345.53175,5335.064,4744.188339256548,5925.939326218125
2026-01-25 06:00:00+00:00,4648.529,4809.3545,4218.479157081905,5400.230144043482
2026-01-25 07:00:00+00:00,4978.3324999999995,5792.519,5201.6436839689495,6383.394670930526
2026-01-25 08:00:00+00:00,5560.2652499999995,7189.9214,6599.04574516683,7780.796732128407
2026-01-25 09:00:00+00:00,6113.04925,10494.015,9903.139246383793,11084.89023334537
2026-01-25 10:00:00+00:00,6443.58275,9273.482,8682.606907303427,9864.357894265006
2026-01-25 11:00:00+00:00,6487.99675,10055.281,9464.405822144417,10646.156809105994
2026-01-25 12:00:00+00:00,6684.3765,9963.655,9372.779929778124,10554.5309167397
2026-01-25 13:00:00+00:00,6742.1849999999995,9739.411,9148.535157407856,10330.286144369433
2026-01-25 14:00:00+00:00,6762.47025,9853.294,9262.418472194084,10444.169459155662
2026-01-25 15:00:00+00:00,6879.1205,10128.176,9537.299625463358,10719.050612424937
2026-01-25 16:00:00+00:00,7196.8057499999995,10392.87,9801.994606294487,10983.745593256066
2026-01-25 17:00:00+00:00,6911.47575,9400.888,8810.012276614058,9991.763263575634
2026-01-25 18:00:00+00:00,6312.38275,9179.926,8589.049753986863,9770.80074094844
2026-01-25 19:00:00+00:00,6185.5525,8377.263,7786.387361052863,8968.13834801444
2026-01-25 20:00:00+00:00,5881.70375,9485.883,8895.006877363114,10076.75786432469
2026-01-25 21:00:00+00:00,5379.03825,9556.571,8965.696043760294,10147.447030721873
2026-01-25 22:00:00+00:00,5403.0485,8874.635,8283.758813836323,9465.5098007979
2026-01-25 23:00:00+00:00,5811.001,8072.6147,7481.739015828949,8663.490002790526
2026-01-26 00:00:00+00:00,5930.989,7857.7427,7266.867240323139,8448.618227284716
2026-01-26 01:00:00+00:00,6343.5615,8227.796,7636.920228055754,8818.67121501733
2026-01-26 02:00:00+00:00,6371.37475,7762.6797,7171.803912035587,8353.554898997165
2026-01-26 03:00:00+00:00,6588.82725,8860.044,8269.168830108127,9450.919817069705
2026-01-26 04:00:00+00:00,7127.63,9569.745,8978.869736351906,10160.620723313485
2026-01-26 05:00:00+00:00,8394.768,9852.29,9261.41435554676,10443.165342508337
2026-01-26 06:00:00+00:00,8621.521499999999,11769.924,11179.047724691747,12360.798711653324
2026-01-26 07:00:00+00:00,8416.90075,10043.785,9452.90963006451,10634.660617026086
2026-01-26 08:00:00+00:00,8400.06025,12386.3,11795.42438103518,12977.175367996757
2026-01-26 09:00:00+00:00,8686.1675,11763.718,11172.841767351678,12354.592754313253
2026-01-26 10:00:00+00:00,8413.374749999999,12001.376,11410.50008807056,12592.251075032134
2026-01-26 11:00:00+00:00,7940.969,12862.97,12272.094245946711,13453.845232908288
2026-01-26 12:00:00+00:00,7381.3535,10979.773,10388.89731048558,11570.648297447156
2026-01-26 13:00:00+00:00,6971.568,10653.767,10062.89062948366,11244.641616445238
2026-01-26 14:00:00+00:00,6835.20425,10635.758,10044.882080473475,11226.633067435052
2026-01-26 15:00:00+00:00,6788.52975,9257.53,8666.654761377602,9848.405748339177
2026-01-26 16:00:00+00:00,6572.498750000001,8567.887,7977.010861696043,9158.761848657621
2026-01-26 17:00:00+00:00,6211.69275,8361.1,7770.223665328935,8951.974652290512
2026-01-26 18:00:00+00:00,5957.31575,6514.728,5923.852658248871,7105.603645210448
2026-01-26 19:00:00+00:00,5640.109,6563.5894,5972.714081716274,7154.465068677851
2026-01-26 20:00:00+00:00,5482.06725,6751.2935,6160.417723379678,7342.168710341255
2026-01-26 21:00:00+00:00,5084.5824999999995,5746.2607,5155.385229305471,6337.1362162670475
2026-01-26 22:00:00+00:00,5125.049499999999,6038.3394,5447.463804468796,6629.214791430373
2026-01-26 23:00:00+00:00,4999.84225,6988.605,6397.729544399909,7579.480531361486
2026-01-27 00:00:00+00:00,4526.0765,6649.904,6059.028509873555,7240.779496835132
2026-01-27 01:00:00+00:00,3498.2207500000004,6313.173,5722.297346618603,6904.04833358018
2026-01-27 02:00:00+00:00,3093.60925,4412.2095,3821.3339525852534,5003.08493954683
2026-01-27 03:00:00+00:00,2887.0345,4413.674,3822.7984755860166,5004.549462547593
2026-01-27 04:00:00+00:00,2163.3505,4881.0684,4290.192831590224,5471.943818551801
2026-01-27 05:00:00+00:00,2376.483,7302.5493,6711.674038292846,7893.4250252544225
2026-01-27 06:00:00+00:00,2815.79525,7902.131,7311.255453241611,8493.006440203188
2026-01-27 07:00:00+00:00,2658.7129999999997,8729.496,8138.6210027637335,9320.37198972531
2026-01-27 08:00:00+00:00,2914.83125,6051.1113,5460.23562693338,6641.986613894957
2026-01-27 09:00:00+00:00,3198.19025,6630.1553,6039.279889284622,7221.030876246199
2026-01-27 10:00:00+00:00,3720.4115,8056.768,7465.892644802172,8647.643631763749
2026-01-27 11:00:00+00:00,4210.64025,8101.236,7510.360064745988,8692.111051707565
2026-01-27 12:00:00+00:00,5069.327,7924.285,7333.409583741346,8515.160570702923
2026-01-27 13:00:00+00:00,6259.59675,10688.917,10098.04166448082,11279.792651442396
2026-01-27 14:00:00+00:00,7971.11,10937.009,10346.132965735631,11527.883952697208
2026-01-27 15:00:00+00:00,9899.898,10127.624,9536.748404158448,10718.499391120025
2026-01-27 16:00:00+00:00,11126.491750000001,9807.04,9216.164052371238,10397.915039332816
2026-01-27 17:00:00+00:00,11313.39575,9255.379,8664.503011905366,9846.253998866941
2026-01-27 18:00:00+00:00,11440.1405,11961.795,11370.9194188033,12552.670405764879
2026-01-27 19:00:00+00:00,10806.20625,12005.494,11414.618853388518,12596.369840350095
2026-01-27 20:00:00+00:00,10218.24,14551.866,13960.99063738429,15142.741624345865
2026-01-27 21:00:00+00:00,9419.49675,14170.514,13579.637861198877,14761.388848160452
2026-01-27 22:00:00+00:00,9408.44675,11183.794,10592.918716710612,11774.669703672189
2026-01-27 23:00:00+00:00,10097.419,11349.449,10758.573630326504,11940.32461728808
2026-01-28 00:00:00+00:00,10247.97625,12126.404,11535.52850172717,12717.279488688748
2026-01-28 01:00:00+00:00,10257.202000000001,11909.401,11318.52608206936,12500.277069030937
2026-01-28 02:00:00+00:00,10198.97,11392.149,10801.273914222096,11983.024901183675
2026-01-28 03:00:00+00:00,9998.542,11209.907,10619.031708690305,11800.782695651882
2026-01-28 04:00:00+00:00,9390.47725,10080.219,9489.34337193607,10671.094358897648
2026-01-28 05:00:00+00:00,9781.422,10319.848,9728.971688075297,10910.722675036874
2026-01-28 06:00:00+00:00,9666.895,10498.485,9907.610098102818,11089.361085064393
2026-01-28 07:00:00+00:00,9291.189999999999,9740.102,9149.22542552842,10330.976412489998
2026-01-28 08:00:00+00:00,9744.143250000001,10358.416,9767.540791758676,10949.291778720253
2026-01-28 09:00:00+00:00,9747.49925,9774.507,9183.631566870294,10365.38255383187
2026-01-28 10:00:00+00:00,8947.34975,10648.362,10057.486177716677,11239.237164678256
2026-01-28 11:00:00+00:00,8511.53925,10251.42,9660.543770517677,10842.294757479256
2026-01-28 12:00:00+00:00,8005.29925,10604.486,10013.610948228814,11195.36193519039
2026-01-28 13:00:00+00:00,7702.477,10602.447,10011.571429400641,11193.322416362218
2026-01-28 14:00:00+00:00,8454.34825,10458.563,9867.688267541438,11049.439254503017
2026-01-28 15:00:00+00:00,9595.91625,10459.593,9868.717213977274,11050.468200938849
2026-01-28 16:00:00+00:00,10374.0735,11410.301,10819.425482814098,12001.176469775673
2026-01-28 17:00:00+00:00,10532.70625,10813.494,10222.618672582328,11404.369659543907
2026-01-28 18:00:00+00:00,10578.28775,10372.258,9781.381909065425,10963.132896027
2026-01-28 19:00:00+00:00,10770.747,9987.406,9396.530615679021,10578.281602640598
2026-01-28 20:00:00+00:00,10659.390749999999,10400.062,9809.185809642615,10990.936796604194
2026-01-28 21:00:00+00:00,9852.76025,10641.292,10050.416640332247,11232.167627293824
2026-01-28 22:00:00+00:00,9154.0555,11407.236,10816.360493720484,11998.111480682059
2026-01-28 23:00:00+00:00,8325.381,10796.032,10205.156378919353,11386.907365880928
2026-01-29 00:00:00+00:00,7706.09275,9176.361,8585.485934442091,9767.236921403668
2026-01-29 01:00:00+00:00,7331.91,9615.588,9024.712478281264,10206.463465242843
2026-01-29 02:00:00+00:00,7209.4875,10401.51,9810.634379504261,10992.385366465838
2026-01-29 03:00:00+00:00,7959.9795,9286.465,8695.589658821402,9877.340645782977
2026-01-29 04:00:00+00:00,8475.94225,10644.238,10053.362446441017,11235.113433402594
2026-01-29 05:00:00+00:00,8607.89575,10714.489,10123.613863666775,11305.364850628352
2026-01-29 06:00:00+00:00,8004.52225,9430.75,8839.874566658687,10021.625553620266
2026-01-29 07:00:00+00:00,7724.039,10522.154,9931.278349105862,11113.02933606744
2026-01-29 08:00:00+00:00,7452.1505,9753.648,9162.773054734986,10344.524041696563
2026-01-29 09:00:00+00:00,7955.63775,9585.086,8994.210572884629,10175.961559846206
2026-01-29 10:00:00+00:00,8437.6675,9757.083,9166.207014485852,10347.958001447429
2026-01-29 11:00:00+00:00,8843.55375,10006.124,9415.248800044808,10596.999787006385
2026-01-29 12:00:00+00:00,8592.127499999999,9730.893,9140.016553566009,10321.767540527586
2026-01-29 13:00:00+00:00,8283.67325,9540.186,8949.309873131322,10131.060860092897
2026-01-29 14:00:00+00:00,7788.215,8379.017,7788.14108901529,8969.892075976866
2026-01-29 15:00:00+00:00,7722.17925,7495.258,6904.382372128228,8086.133359089805
2026-01-29 16:00:00+00:00,7480.8189999999995,7819.1,7228.224640465773,8409.97562742735
2026-01-29 17:00:00+00:00,7428.22575,8557.455,7966.579619245308,9148.330606206884
2026-01-29 18:00:00+00:00,8117.085499999999,9256.199,8665.323636415606,9847.074623377182
2026-01-29 19:00:00+00:00,8074.3695,10549.402,9958.527055611981,11140.278042573558
2026-01-29 20:00:00+00:00,7811.28525,10342.611,9751.735638180826,10933.486625142403
2026-01-29 21:00:00+00:00,7303.76625,10078.63,9487.753768875691,10669.504755837268
2026-01-29 22:00:00+00:00,7506.842000000001,9956.135,9365.25948343436,10547.010470395937
2026-01-29 23:00:00+00:00,7696.5395,9925.663,9334.787373783935,10516.538360745511
2026-01-30 00:00:00+00:00,7688.24425,9023.925,8433.04891044136,9614.799897402936
2026-01-30 01:00:00+00:00,7650.10625,9664.504,9073.628651432333,10255.379638393908
2026-01-30 02:00:00+00:00,7561.49025,9563.508,8972.631996882545,10154.382983844122
2026-01-30 03:00:00+00:00,7389.915,9175.62,8584.744268659311,9766.495255620888
2026-01-30 04:00:00+00:00,7301.885249999999,9170.49,8579.614930949016,9761.365917910593
2026-01-30 05:00:00+00:00,7790.932,9894.429,9303.553486222037,10485.304473183616
2026-01-30 06:00:00+00:00,7950.406,9699.978,9109.101480488574,10290.852467450151
2026-01-30 07:00:00+00:00,8323.82025,8769.507,8178.630979074321,9360.381966035897
2026-01-30 08:00:00+00:00,8014.446,8955.331,8364.455378194381,9546.206365155958
2026-01-30 09:00:00+00:00,7840.97775,9579.194,8988.318464071319,10170.069451032898
2026-01-30 10:00:00+00:00,8100.971,9255.801,8664.925118310028,9846.676105271605
2026-01-30 11:00:00+00:00,8543.187249999999,9788.897,9198.021422503101,10379.772409464678
2026-01-30 12:00:00+00:00,9037.34525,8670.41,8079.5342999412815,9261.285286902857
2026-01-30 13:00:00+00:00,9327.69625,8982.555,8391.679503209874,9573.430490171453
2026-01-30 14:00:00+00:00,9586.0555,8837.7,8246.82500002418,9428.575986985757
2026-01-30 15:00:00+00:00,10394.159,8551.556,7960.680558091217,9142.431545052794
2026-01-30 16:00:00+00:00,10744.32375,9546.282,8955.40657940195,10137.157566363527
2026-01-30 17:00:00+00:00,11564.6685,10105.102,9514.226296193003,10695.977283154578
2026-01-30 18:00:00+00:00,12069.62625,9740.735,9149.859578326954,10331.61056528853
2026-01-30 19:00:00+00:00,12388.19275,9952.186,9361.310057274035,10543.061044235612
2026-01-30 20:00:00+00:00,12722.967499999999,9720.388,9129.511566643401,10311.262553604978
2026-01-30 21:00:00+00:00,11873.33675,9722.599,9131.722907608058,10313.473894569635
2026-01-30 22:00:00+00:00,11543.9475,9712.257,9121.381300693844,10303.13228765542
2026-01-30 23:00:00+00:00,11313.83625,9273.978,8683.101516690538,9864.852503652113
2026-01-31 00:00:00+00:00,11076.4485,9962.118,9406.117618367485,10518.11930033286
2026-01-31 01:00:00+00:00,10873.77675,10003.9375,9447.93644477099,10559.938126736366
2026-01-31 02:00:00+00:00,10727.0595,10145.171,9589.169771600456,10701.171453565832
2026-01-31 03:00:00+00:00,10608.98625,9638.789,9082.787588566891,10194.789270532268
2026-01-31 04:00:00+00:00,11074.625,9439.698,8883.697130041965,9995.69881200734
2026-01-31 05:00:00+00:00,12203.682499999999,9839.362,9283.361626955262,10395.36330892064
2026-01-31 06:00:00+00:00,12520.66375,11133.592,10577.590516417082,11689.59219838246
2026-01-31 07:00:00+00:00,12649.796,12032.084,11476.083229805694,12588.084911771071
2026-01-31 08:00:00+00:00,12466.828249999999,12115.657,11559.656325162581,12671.658007127957
2026-01-31 09:00:00+00:00,11705.02625,10887.766,10331.764685065878,11443.766367031254
2026-01-31 10:00:00+00:00,10730.8085,10127.072,9571.071338755868,10683.073020721244
2026-01-31 11:00:00+00:00,9993.693,10368.67,9812.66915371967,10924.670835685045
2026-01-31 12:00:00+00:00,9763.136,10153.652,9597.65162735531,10709.653309320685
2026-01-31 13:00:00+00:00,10030.171,8331.699,7775.698110146566,8887.699792111942
2026-01-31 14:00:00+00:00,10361.0995,8047.5586,7491.5579287420915,8603.559610707467
2026-01-31 15:00:00+00:00,10448.83125,8612.369,8056.367832011066,9168.369513976442
2026-01-31 16:00:00+00:00,10683.28525,9481.717,8925.715836242973,10037.717518208348
2026-01-31 17:00:00+00:00,10431.1285,10714.485,10158.484543398714,11270.48622536409
2026-01-31 18:00:00+00:00,10420.443,9314.514,8758.512785313513,9870.514467278888
2026-01-31 19:00:00+00:00,10185.11425,10300.702,9744.701083845246,10856.702765810624
2026-01-31 20:00:00+00:00,9666.98025,10202.696,9646.695425619317,10758.697107584692
2026-01-31 21:00:00+00:00,9110.93025,10167.914,9611.913361279407,10723.915043244784
2026-01-31 22:00:00+00:00,9239.66425,8421.693,7865.692188812015,8977.693870777392
2026-01-31 23:00:00+00:00,8976.29825,7947.7183,7391.717349145307,8503.719031110682
2026-02-01 00:00:00+00:00,8597.598750000001,8432.966,7876.965161093223,8988.966843058599
2026-02-01 01:00:00+00:00,8626.858250000001,8309.502,7753.50152070848,8865.503202673855
2026-02-01 02:00:00+00:00,8364.38975,8625.461,8069.459586300596,9181.461268265972
2026-02-01 03:00:00+00:00,8232.95875,8481.141,7925.13966846151,9037.141350426886
2026-02-01 04:00:00+00:00,8211.97825,9107.466,8551.46512446494,9663.466806430315
2026-02-01 05:00:00+00:00,8390.44875,8622.882,8066.881012763883,9178.882694729258
2026-02-01 06:00:00+00:00,8426.357,8512.74,7956.739050510268,9068.740732475644
2026-02-01 07:00:00+00:00,8573.81875,8070.612,7514.6108975858715,8626.612579551247
2026-02-01 08:00:00+00:00,8628.68525,8586.934,8030.932941555568,9142.934623520943
2026-02-01 09:00:00+00:00,8774.8155,9071.265,8515.263541115943,9627.265223081318
2026-02-01 10:00:00+00:00,8396.63475,9889.371,9333.37031080075,10445.371992766126
2026-02-01 11:00:00+00:00,8393.6815,9583.713,9027.712138078154,10139.71382004353
2026-02-01 12:00:00+00:00,8674.093,8891.666,8335.664714868873,9447.66639683425
2026-02-01 13:00:00+00:00,9000.37425,8381.439,7825.438880574035,8937.44056253941
2026-02-01 14:00:00+00:00,9822.20925,8792.487,8236.486345731639,9348.488027697014
2026-02-01 15:00:00+00:00,10596.22025,8350.403,7794.402141532903,8906.40382349828
2026-02-01 16:00:00+00:00,10821.43075,9401.954,8845.95336852864,9957.955050494018
2026-02-01 17:00:00+00:00,11092.205,9426.045,8870.04422253212,9982.045904497496
2026-02-01 18:00:00+00:00,11407.835500000001,9864.85,9308.848908264517,10420.850590229893
2026-02-01 19:00:00+00:00,11488.04175,9326.93,8770.929169355582,9882.930851320958
2026-02-01 20:00:00+00:00,11488.6665,10107.555,9551.553635200073,10663.55531716545
2026-02-01 21:00:00+00:00,11303.49375,8546.349,7990.34741074733,9102.349092712706
2026-02-01 22:00:00+00:00,11754.06725,8751.618,8195.61725873862,9307.618940703998
2026-02-01 23:00:00+00:00,12155.484250000001,9899.1,9343.09862193878,10455.100303904155
2026-02-02 00:00:00+00:00,12347.42725,9968.981,9412.980075315747,10524.981757281123
2026-02-02 01:00:00+00:00,12336.23925,10429.972,9873.970425379284,10985.972107344662
2026-02-02 02:00:00+00:00,12270.96075,9751.068,9195.067395611177,10307.069077576552
2026-02-02 03:00:00+00:00,12303.44375,9820.922,9264.921039625013,10376.922721590388
2026-02-02 04:00:00+00:00,12243.71725,8872.325,8316.324544300922,9428.326226266297
2026-02-02 05:00:00+00:00,12766.38975,9892.352,9336.350878613432,10448.352560578809
2026-02-02 06:00:00+00:00,12439.16275,10375.81,9819.808711107697,10931.810393073072
2026-02-02 07:00:00+00:00,12496.402,10492.39,9936.389037521829,11048.390719487206
2026-02-02 08:00:00+00:00,12756.78225,9320.312,8764.3102926326,9876.311974597975
2026-02-02 09:00:00+00:00,12624.15575,9266.843,8710.842074354083,9822.843756319458
2026-02-02 10:00:00+00:00,12105.1645,9844.466,9288.46514168551,10400.466823650886
2026-02-02 11:00:00+00:00,11600.64475,9742.562,9186.560710067813,10298.56239203319
2026-02-02 12:00:00+00:00,11532.7535,9665.538,9109.53721632397,10221.538898289346
2026-02-02 13:00:00+00:00,11844.364250000002,9882.432,9326.430881508108,10438.432563473485
2026-02-02 14:00:00+00:00,12574.47675,9882.211,9326.209896390374,10438.21157835575
2026-02-02 15:00:00+00:00,13277.63675,9961.713,9405.711899623238,10517.713581588614
2026-02-02 16:00:00+00:00,13860.09475,10399.27,9843.268888483031,10955.270570448409
2026-02-02 17:00:00+00:00,14068.111499999999,11829.198,11273.197041511317,12385.198723476693
2026-02-02 18:00:00+00:00,13668.6555,11362.374,10806.37268433958,11918.374366304957
2026-02-02 19:00:00+00:00,13402.117,10974.262,10418.260246530335,11530.26192849571
2026-02-02 20:00:00+00:00,13449.3305,10421.538,9865.536739414141,10977.538421379519
2026-02-02 21:00:00+00:00,12629.789499999999,10281.712,9725.711261593166,10837.712943558541
2026-02-02 22:00:00+00:00,12999.148000000001,10332.94,9776.939584650238,10888.941266615613
2026-02-02 23:00:00+00:00,13262.2105,10106.195,9550.193955981293,10662.195637946668
2026-02-03 00:00:00+00:00,13473.51675,10606.88,10050.87869574346,11162.880377708838
2026-02-03 01:00:00+00:00,13676.17225,10730.354,10174.352268043607,11286.353950008985
2026-02-03 02:00:00+00:00,14001.99125,9757.552,9201.550453391012,10313.552135356389
2026-02-03 03:00:00+00:00,14864.177749999999,10745.888,10189.886776926705,11301.888458892081
2026-02-03 04:00:00+00:00,15384.476750000002,9998.578,9442.577183219095,10554.57886518447
2026-02-03 05:00:00+00:00,16406.733,12786.632,12230.63070686383,13342.632388829206
2026-02-03 06:00:00+00:00,17074.28275,14537.989,13981.988417680186,15093.990099645562
2026-02-03 07:00:00+00:00,16853.86225,12628.793,12072.792210670736,13184.793892636111
2026-02-03 08:00:00+00:00,16441.281750000002,12386.67,11830.668500786302,12942.670182751677
2026-02-03 09:00:00+00:00,16635.69025,12706.108,12150.107206131683,13262.108888097058
2026-02-03 10:00:00+00:00,16381.937249999999,14178.126,13622.124333662454,14734.126015627833
2026-02-03 11:00:00+00:00,15947.907750000002,13944.705,13388.703464650609,14500.705146615986
2026-02-03 12:00:00+00:00,15307.228750000002,14891.966,14335.964862246543,15447.966544211919
2026-02-03 13:00:00+00:00,15368.002250000001,14550.278,13994.277176609321,15106.278858574697
2026-02-03 14:00:00+00:00,15205.050750000002,14410.468,13854.466596661448,14966.468278626824
2026-02-03 15:00:00+00:00,15514.68375,14502.523,13946.522540964728,15058.524222930104
2026-02-03 16:00:00+00:00,16563.414,14207.241,13651.23974366872,14763.241425634096
2026-02-03 17:00:00+00:00,16493.08825,15798.569,15242.567977753904,16354.56965971928
2026-02-03 18:00:00+00:00,16486.4035,15565.396,15009.39540662715,16121.397088592526
2026-02-03 19:00:00+00:00,16042.454000000002,14987.665,14431.66383311994,15543.665515085315
2026-02-03 20:00:00+00:00,15264.655499999997,14685.71,14129.708775055653,15241.710457021029
2026-02-03 21:00:00+00:00,13066.6395,13805.161,13249.1600532271,14361.161735192476
2026-02-03 22:00:00+00:00,12745.80275,13803.868,13247.866917841524,14359.868599806901
2026-02-03 23:00:00+00:00,12522.402250000001,13932.001,13375.999551657598,14488.001233622974
2026-02-04 00:00:00+00:00,11812.23375,15151.676,14595.674518140728,15707.676200106103
2026-02-04 01:00:00+00:00,11172.89875,14395.875,13839.873633358631,14951.875315324007
2026-02-04 02:00:00+00:00,10511.54875,14753.263,14197.261690866195,15309.26337283157
2026-02-04 03:00:00+00:00,10060.26225,13906.606,13350.60563035314,14462.607312318516
2026-02-04 04:00:00+00:00,9620.32325,12179.562,11623.560255253764,12735.561937219141
2026-02-04 05:00:00+00:00,9973.6365,12230.92,11674.9191829984,12786.920864963775
2026-02-04 06:00:00+00:00,9639.395,12332.783,11776.7819005714,12888.783582536775
2026-02-04 07:00:00+00:00,9206.115249999999,12160.997,11604.996512172507,12716.998194137883
2026-02-04 08:00:00+00:00,9148.22875,11604.432,11048.430346986577,12160.432028951955
2026-02-04 09:00:00+00:00,8895.36625,9882.434,9326.43237129542,10438.434053260795
2026-02-04 10:00:00+00:00,8674.778,11090.26,10534.259059297576,11646.260741262951
2026-02-04 11:00:00+00:00,8375.9155,10867.17,10311.16936868877,11423.171050654148
2026-02-04 12:00:00+00:00,8578.3865,10468.913,9912.912472486078,11024.914154451453
2026-02-04 13:00:00+00:00,8622.088,9887.717,9331.715653694475,10443.71733565985
2026-02-04 14:00:00+00:00,9259.159,9110.946,8554.945267622432,9666.94694958781
2026-02-04 15:00:00+00:00,10170.81825,10959.2295,10403.228292566673,11515.229974532049
2026-02-04 16:00:00+00:00,10548.4345,11695.31,11139.308862718735,12251.310544684111
2026-02-04 17:00:00+00:00,10696.021,10826.674,10270.672480225512,11382.674162190888
2026-02-04 18:00:00+00:00,10647.77925,11364.376,10808.374958484987,11920.376640450364
2026-02-04 19:00:00+00:00,10285.387,11486.927,10930.925855844122,12042.927537809497
2026-02-04 20:00:00+00:00,9918.613,11586.738,11030.737136290463,12142.738818255839
2026-02-04 21:00:00+00:00,9112.87025,10682.394,10126.392538345928,11238.394220311304
2026-02-04 22:00:00+00:00,8867.22475,10216.255,9660.253483337056,10772.255165302431
2026-02-04 23:00:00+00:00,8675.6835,8966.999,8410.998293206761,9522.999975172137
2026-02-05 00:00:00+00:00,8828.38575,10035.344,9479.343147660913,10591.34482962629
2026-02-05 01:00:00+00:00,8942.404,9940.174,9384.172554687,10496.174236652376
2026-02-05 02:00:00+00:00,8463.723,9113.471,8557.469960518081,9669.471642483457
2026-02-05 03:00:00+00:00,8145.55625,10674.213,10118.211619627811,11230.213301593187
2026-02-05 04:00:00+00:00,7883.3634999999995,9759.773,9203.772719462613,10315.77440142799
2026-02-05 05:00:00+00:00,8109.31525,10233.603,9677.601559972885,10789.603241938263
2026-02-05 06:00:00+00:00,7760.156999999999,11254.546,10698.545354970822,11810.5470369362
2026-02-05 07:00:00+00:00,7251.241,11429.604,10873.60231630373,11985.603998269105
2026-02-05 08:00:00+00:00,6952.82975,10665.226,10109.224229378906,11221.225911344281
2026-02-05 09:00:00+00:00,6633.5515,9858.267,9302.265538139101,10414.267220104477
2026-02-05 10:00:00+00:00,6271.445,10075.4,9519.399059080242,10631.400741045618
2026-02-05 11:00:00+00:00,6597.8205,8584.228,8028.2264946080295,9140.228176573406
2026-02-05 12:00:00+00:00,6430.191,8519.442,7963.441355322642,9075.443037288018
2026-02-05 13:00:00+00:00,6237.4482499999995,7244.818,6688.816825378515,7800.818507343892
2026-02-05 14:00:00+00:00,5901.59525,6859.7627,6303.761927726335,7415.76360969171
2026-02-05 15:00:00+00:00,5764.59125,8327.271,7771.270462259548,8883.272144224924
2026-02-05 16:00:00+00:00,5790.58725,8696.832,8140.8315718817885,9252.833253847166
2026-02-05 17:00:00+00:00,5705.547500000001,9092.55,8536.549373911499,9648.551055876875
2026-02-05 18:00:00+00:00,5026.2652499999995,9239.361,8683.36021613386,9795.361898099236
2026-02-05 19:00:00+00:00,4394.932,8066.5303,7510.529376950675,8622.531058916053
2026-02-05 20:00:00+00:00,4029.055,6113.277,5557.2758760291135,6669.27755799449
2026-02-05 21:00:00+00:00,3797.9895,5618.945,5062.944179066697,6174.945861032073
2026-02-05 22:00:00+00:00,3555.2025000000003,4959.278,4403.276910605856,5515.278592571232
2026-02-05 23:00:00+00:00,3243.04975,5108.321,4552.32018359449,5664.321865559866
2026-02-06 00:00:00+00:00,2887.899,4753.7393,4197.738497414598,5309.7401793799745
2026-02-06 01:00:00+00:00,2216.1932500000003,5469.0137,4913.012651431371,6025.014333396746
2026-02-06 02:00:00+00:00,1702.7397499999997,5380.461,4824.460167008858,5936.461848974234
2026-02-06 03:00:00+00:00,1874.8447500000002,4833.734,4277.732937428079,5389.7346193934545
2026-02-06 04:00:00+00:00,2062.36575,5003.9897,4447.9889350037265,5559.990616969103
2026-02-06 05:00:00+00:00,2283.344,5777.2437,5221.242616054694,6333.24429802007
2026-02-06 06:00:00+00:00,2110.32625,5529.1577,4973.156761834736,6085.158443800112
2026-02-06 07:00:00+00:00,2024.02875,5747.0845,5191.083547962903,6303.085229928279
2026-02-06 08:00:00+00:00,1982.9317499999997,5103.528,4547.5267774041085,5659.528459369485
2026-02-06 09:00:00+00:00,1922.172,4907.285,4351.284264583988,5463.285946549364
2026-02-06 10:00:00+00:00,1866.353,4603.6943,4047.6937614622866,5159.695443427662
2026-02-06 11:00:00+00:00,1818.973,4007.9766,3451.975675382189,4563.977357347565
2026-02-06 12:00:00+00:00,1954.1115,4622.1885,4066.187732837833,5178.189414803209
2026-02-06 13:00:00+00:00,2186.58475,4237.0127,3681.011852041139,4793.013534006515
2026-02-06 14:00:00+00:00,2401.162,4546.434,3990.433413733652,5102.435095699028
2026-02-06 15:00:00+00:00,2832.3047499999993,5043.4062,4487.405200033815,5599.406881999192
2026-02-06 16:00:00+00:00,3218.9120000000003,6167.533,5611.532315943867,6723.533997909242
2026-02-06 17:00:00+00:00,3497.89075,5807.0957,5251.094974183921,6363.096656149297
2026-02-06 18:00:00+00:00,3620.717,5713.089,5157.088091322978,6269.089773288353
2026-02-06 19:00:00+00:00,3694.29875,6217.6196,5661.618903250801,6773.6205852161775
2026-02-06 20:00:00+00:00,3813.4900000000002,5854.808,5298.80730607634,6410.808988041716
2026-02-06 21:00:00+00:00,3702.94675,5949.926,5393.924794340079,6505.926476305454
2026-02-06 22:00:00+00:00,3517.32325,6197.36,5641.358851093043,6753.36053305842
2026-02-06 23:00:00+00:00,3584.60275,5561.66,5005.659249847438,6117.660931812814
2026-02-07 00:00:00+00:00,3466.13425,4309.0454,3738.6868154211197,4879.404231431283
2026-02-07 01:00:00+00:00,3263.89175,4226.1313,3655.7727026512757,4796.490118661439
2026-02-07 02:00:00+00:00,3073.0085,3997.6653,3427.3064937875615,4568.023909797725
2026-02-07 03:00:00+00:00,3110.458,4256.582,3686.223458683582,4826.940874693745
2026-02-07 04:00:00+00:00,3120.4492499999997,3894.2952,3323.9364839030914,4464.6538999132545
2026-02-07 05:00:00+00:00,3206.5895,3972.9807,3402.6220836897637,4543.339499699927
2026-02-07 06:00:00+00:00,3103.88825,4133.029,3562.67018276232,4703.387598772483
2026-02-07 07:00:00+00:00,2809.49175,4258.698,3688.3394532603634,4829.0568692705265
2026-02-07 08:00:00+00:00,2472.93375,3055.7478,2485.3890874235904,3626.1065034337535
2026-02-07 09:00:00+00:00,2271.91025,3067.429,2497.070261427895,3637.787677438058
2026-02-07 10:00:00+00:00,1967.68325,2654.7612,2084.402652570045,3225.120068580208
2026-02-07 11:00:00+00:00,1800.7745,2828.5134,2258.1548085167765,3398.872224526939
2026-02-07 12:00:00+00:00,1814.973,2377.682,1807.3233181240225,2948.0407341341856
2026-02-07 13:00:00+00:00,1935.7655,1416.5886,846.2299902430905,1986.947406253254
2026-02-07 14:00:00+00:00,2196.8635,2490.8328,1920.4741541492208,3061.191570159384
2026-02-07 15:00:00+00:00,2475.59575,3684.3174,3113.958659712509,4254.676075722672
2026-02-07 16:00:00+00:00,2860.989,3517.2168,2946.8581558095934,4087.5755718197565
2026-02-07 17:00:00+00:00,3285.2535,6293.762,5723.403693224877,6864.12110923504
2026-02-07 18:00:00+00:00,3536.21875,6838.2275,6267.868936831748,7408.586352841911
2026-02-07 19:00:00+00:00,3692.8165,6945.2056,6374.846839135595,7515.564255145757
2026-02-07 20:00:00+00:00,3948.12925,6146.241,5575.882346604317,6716.59976261448
2026-02-07 21:00:00+00:00,3769.8247499999998,7244.9873,6674.628794109527,7815.346210119691
2026-02-07 22:00:00+00:00,3708.9525000000003,6050.92,5480.561347186507,6621.27876319667
2026-02-07 23:00:00+00:00,3758.56625,6213.693,5643.334143101156,6784.051559111319
2026-02-08 00:00:00+00:00,3625.3885,4700.3384,4129.979638766076,5270.697054776239
2026-02-08 01:00:00+00:00,3430.151,5331.6323,4761.273486954579,5901.990902964742
2026-02-08 02:00:00+00:00,3470.77425,5636.7197,5066.360809260551,6207.078225270714
2026-02-08 03:00:00+00:00,3664.2262499999997,5847.4536,5277.094948809133,6417.812364819296
2026-02-08 04:00:00+00:00,3606.5567499999997,5457.1416,4886.783026259244,6027.500442269407
2026-02-08 05:00:00+00:00,3737.48425,6311.4956,5741.13675573155,6881.854171741713
2026-02-08 06:00:00+00:00,4069.50425,5832.9277,5262.568932823586,6403.286348833749
2026-02-08 07:00:00+00:00,4541.505,5584.344,5013.985567234987,6154.70298324515
2026-02-08 08:00:00+00:00,4764.576,4844.8604,4274.501826269808,5415.219242279971
2026-02-08 09:00:00+00:00,4600.74475,4776.945,4206.586178286376,5347.303594296539
2026-02-08 10:00:00+00:00,4048.7532499999998,4513.7173,3943.358762105102,5084.076178115265
2026-02-08 11:00:00+00:00,3597.69275,4054.6367,3484.277946926887,4624.99536293705
2026-02-08 12:00:00+00:00,3399.7315,3792.459,3222.1003342037966,4362.81775021396
2026-02-08 13:00:00+00:00,3367.9922500000002,3668.5068,3098.1480435811864,4238.8654595913495
2026-02-08 14:00:00+00:00,3638.7465,3256.6963,2686.337559022685,3827.0549750328482
2026-02-08 15:00:00+00:00,3965.85525,2713.9202,2143.56161007706,3284.279026087223
2026-02-08 16:00:00+00:00,4351.3935,3214.621,2644.2624892017616,3784.9799052119242
2026-02-08 17:00:00+00:00,5043.8727499999995,5036.056,4465.697467314719,5606.414883324882
2026-02-08 18:00:00+00:00,5856.31625,4536.574,3966.2155756196566,5106.932991629819
2026-02-08 19:00:00+00:00,5849.651,5174.64,4604.281517784691,5744.998933794854
2026-02-08 20:00:00+00:00,5538.7215,5221.4297,4651.070864363739,5791.788280373902
2026-02-08 21:00:00+00:00,4928.7335,5280.22,4709.861433161671,5850.578849171834
2026-02-08 22:00:00+00:00,4309.90325,5192.728,4622.369397969164,5763.086813979327
2026-02-08 23:00:00+00:00,3954.7685,5374.4683,4804.109711032522,5944.827127042685
2026-02-09 00:00:00+00:00,3445.246,5161.405,4591.04621628034,5731.763632290503
2026-02-09 01:00:00+00:00,3148.322,4974.148,4403.789448735637,5544.506864745799
2026-02-09 02:00:00+00:00,2860.7515000000003,4923.6714,4353.312723376746,5494.0301393869095
2026-02-09 03:00:00+00:00,2705.97375,4974.4062,4404.047616461665,5544.765032471827
2026-02-09 04:00:00+00:00,2666.8715,4955.766,4385.407211408383,5526.124627418546
2026-02-09 05:00:00+00:00,2565.09125,5219.7695,4649.410713666757,5790.12812967692
2026-02-09 06:00:00+00:00,2448.75025,5676.0234,5105.664688460398,6246.382104470561
2026-02-09 07:00:00+00:00,2655.8590000000004,4748.364,4178.005229477778,5318.722645487942
2026-02-09 08:00:00+00:00,2825.8395,5231.6157,4661.257083357738,5801.974499367901
2026-02-09 09:00:00+00:00,2799.91325,4143.345,3572.9867115901407,4713.704127600304
2026-02-09 10:00:00+00:00,2667.67825,4169.454,3599.0956066547296,4739.813022664893
2026-02-09 11:00:00+00:00,2283.36,4221.8784,3651.519484028537,4792.236900038701
2026-02-09 12:00:00+00:00,2015.54225,3221.6968,2651.3382340333196,3792.0556500434827
2026-02-09 13:00:00+00:00,2037.99575,3108.1946,2537.8358082028267,3678.5532242129893
2026-02-09 14:00:00+00:00,2421.3615,3775.2583,3204.8994982138256,4345.616914223989
2026-02-09 15:00:00+00:00,2866.33375,4348.3877,3778.028994569743,4918.746410579906
2026-02-09 16:00:00+00:00,3355.782,4385.598,3815.239598449295,4955.957014459458
2026-02-09 17:00:00+00:00,3965.6189999999997,4480.8574,3910.4985233958314,5051.2159394059945
2026-02-09 18:00:00+00:00,4429.128,4202.6553,3632.2966342112936,4773.014050221456
2026-02-09 19:00:00+00:00,4460.606,4750.4316,4180.07299219038,5320.790408200543
2026-02-09 20:00:00+00:00,4293.76225,5356.486,4786.127110121242,5926.844526131405
2026-02-09 21:00:00+00:00,4063.97425,5320.8843,4750.525495935379,5891.242911945542
2026-02-09 22:00:00+00:00,3877.247,4818.649,4248.290291066967,5389.00770707713
2026-02-09 23:00:00+00:00,3787.62175,4393.2,3822.8417347972554,4963.5591508074185
2026-02-10 00:00:00+00:00,3746.78875,3918.1748,3347.816036406353,4488.5334524165155
2026-02-10 01:00:00+00:00,3839.5609999999997,3734.1045,3163.7457376955476,4304.46315370571
2026-02-10 02:00:00+00:00,3952.8825,3119.5215,2549.162909422985,3689.880325433148
2026-02-10 03:00:00+00:00,3971.01975,3375.9707,2805.611917490102,3946.3293335002645
2026-02-10 04:00:00+00:00,4089.914,3862.3132,3291.9544748134026,4432.671890823565
2026-02-10 05:00:00+00:00,4423.122,3801.6746,3231.3159102091054,4372.033326219268
2026-02-10 06:00:00+00:00,4697.6095000000005,3960.1685,3389.8096645209653,4530.527080531128
2026-02-10 07:00:00+00:00,4757.8544999999995,3261.7705,2691.4117746024913,3832.1291906126544
2026-02-10 08:00:00+00:00,4457.6095000000005,4144.2954,3573.936699298515,4714.654115308678
2026-02-10 09:00:00+00:00,4215.72125,3489.314,2918.955184376249,4059.672600386412
2026-02-10 10:00:00+00:00,3847.27275,3962.7383,3392.3796717806435,4533.097087790807
2026-02-10 11:00:00+00:00,3809.768,3253.7454,2683.3867869562137,3824.1042029663768
2026-02-10 12:00:00+00:00,4103.8005,3983.7573,3413.3987084986657,4554.116124508829
2026-02-10 13:00:00+00:00,4402.70475,4529.658,3959.299548402686,5100.016964412849
2026-02-10 14:00:00+00:00,4874.37775,4753.4185,4183.059891599133,5323.777307609296
2026-02-10 15:00:00+00:00,5638.941,4484.651,3914.292018484316,5055.009434494479
2026-02-10 16:00:00+00:00,6285.97225,4799.5845,4229.225669077001,5369.943085087163
2026-02-10 17:00:00+00:00,6621.71175,4535.197,3964.8378948042055,5105.555310814369
2026-02-10 18:00:00+00:00,6516.518,5451.6113,4881.25267970521,6021.970095715373
2026-02-10 19:00:00+00:00,6345.041,5038.7617,4468.402890033481,5609.120306043644
2026-02-10 20:00:00+00:00,6077.3775000000005,4699.4434,4129.084524890308,5269.801940900471
2026-02-10 21:00:00+00:00,5621.51425,6104.454,5534.095302330104,6674.812718340267
2026-02-10 22:00:00+00:00,5286.56325,3303.052,2732.6932843826507,3873.410700392814
2026-02-10 23:00:00+00:00,5060.43525,2948.8442,2378.4856744852727,3519.203090495436
2026-02-11 00:00:00+00:00,4994.69175,2989.4924,2419.1337763605547,3559.8511923707174
2026-02-11 01:00:00+00:00,4995.3285,3068.2305,2497.8717670009823,3638.589183011145
2026-02-11 02:00:00+00:00,5026.49175,3331.3281,2760.969323388351,3901.686739398514
2026-02-11 03:00:00+00:00,5057.41375,3687.781,3117.422415209587,4258.139831219751
2026-02-11 04:00:00+00:00,4848.46525,5513.9517,4943.5931323291115,6084.310548339276
2026-02-11 05:00:00+00:00,4775.53425,3763.7307,3193.371896451453,4334.089312461616
2026-02-11 06:00:00+00:00,4888.02325,3580.875,3010.5162709945334,4151.233687004697
2026-02-11 07:00:00+00:00,4819.0925,4447.21,3876.851056241867,5017.56847225203
2026-02-11 08:00:00+00:00,4877.72625,3973.9214,3403.5627602274467,4544.280176237609
2026-02-11 09:00:00+00:00,5024.76675,4266.0586,3695.6998716171834,4836.417287627346
2026-02-11 10:00:00+00:00,5123.717,4941.5435,4371.1847085501295,5511.902124560293
2026-02-11 11:00:00+00:00,5129.8965,6015.0396,5444.680750928467,6585.39816693863
2026-02-11 12:00:00+00:00,5166.385,3662.8618,3092.5029911635465,4233.22040717371
2026-02-11 13:00:00+00:00,4987.3955,3652.6558,3082.2970790435356,4223.014495053699
2026-02-11 14:00:00+00:00,5138.9005,3805.1338,3234.7750721953093,4375.492488205472
2026-02-11 15:00:00+00:00,5598.71175,3327.3013,2756.9425524368194,3897.659968446982
2026-02-11 16:00:00+00:00,6466.44525,3853.148,3282.789303278768,4423.506719288931
2026-02-11 17:00:00+00:00,7133.39075,4744.2603,4173.901796554223,5314.6192125643865
2026-02-11 18:00:00+00:00,7764.148,8075.025,7504.666028875275,8645.383444885438
2026-02-11 19:00:00+00:00,8270.3665,9520.635,8950.276179730401,10090.993595740565
2026-02-11 20:00:00+00:00,8785.25,10044.99,9474.631156878699,10615.348572888863
2026-02-11 21:00:00+00:00,8683.82925,10121.686,9551.326400818447,10692.043816828611
2026-02-11 22:00:00+00:00,8048.23775,8591.329,8020.970443695129,9161.687859705293
2026-02-11 23:00:00+00:00,7225.10275,8134.9585,7564.599675783787,8705.31709179395
2026-02-12 00:00:00+00:00,6731.9532500000005,7864.7505,7294.391737009889,8435.109153020052
2026-02-12 01:00:00+00:00,6551.16825,8344.111,7773.752406102198,8914.46982211236
2026-02-12 02:00:00+00:00,7238.302,8851.307,8280.948013007335,9421.665429017497
2026-02-12 03:00:00+00:00,7847.04,9611.943,9041.584747399545,10182.302163409708
2026-02-12 04:00:00+00:00,8027.974,5578.3604,5008.00152612972,6148.718942139883
2026-02-12 05:00:00+00:00,8666.12525,6510.5874,5940.2284557459025,7080.945871756066
2026-02-12 06:00:00+00:00,9007.250250000001,7489.571,6919.21189454583,8059.929310555992
2026-02-12 07:00:00+00:00,8958.92175,10749.562,10179.20222881641,11319.919644826574
2026-02-12 08:00:00+00:00,8426.19475,8930.419,8360.060436858486,9500.777852868649
2026-02-12 09:00:00+00:00,7903.36375,9053.898,8483.539968307874,9624.257384318038
2026-02-12 10:00:00+00:00,7434.04875,5860.397,5290.038034739962,6430.755450750125
2026-02-12 11:00:00+00:00,7368.359,5646.624,5076.265411896999,6216.982827907162
2026-02-12 12:00:00+00:00,7831.0285,2994.7793,2424.420534930002,3565.137950940165
2026-02-12 13:00:00+00:00,8427.647,4042.545,3472.1862123695782,4612.903628379741
2026-02-12 14:00:00+00:00,8757.306,3991.8237,3421.4650377428115,4562.182453752975
2026-02-12 15:00:00+00:00,9330.594000000001,3218.181,2647.8223359803715,3788.5397519905346
2026-02-12 16:00:00+00:00,9015.156,3068.8245,2498.4656955421297,3639.1831115522928
2026-02-12 17:00:00+00:00,8192.26275,3421.9094,2851.55062655205,3992.268042562213
2026-02-12 18:00:00+00:00,7912.273,5105.5317,4535.17298468679,5675.890400696953
2026-02-12 19:00:00+00:00,7901.213,6443.963,5873.604298174558,7014.321714184721
2026-02-12 20:00:00+00:00,7871.069,5024.745,4454.386660643269,5595.1040766534325
2026-02-12 21:00:00+00:00,7854.3795,4365.3276,3794.968745333536,4935.6861613436995
2026-02-12 22:00:00+00:00,8151.69125,7872.806,7302.447513593917,8443.164929604081
2026-02-12 23:00:00+00:00,7995.6915,3587.1694,3016.81074653064,4157.528162540802
2026-02-13 00:00:00+00:00,7691.81125,3103.0193,2532.660535383787,3673.37795139395
2026-02-13 01:00:00+00:00,7348.46675,3929.2913,3358.932456871008,4499.649872881171
2026-02-13 02:00:00+00:00,7655.246,2174.7922,1604.4336536592532,2745.1510696694163
2026-02-13 03:00:00+00:00,8245.72775,2941.4653,2371.1067579360133,3511.8241739461764
2026-02-13 04:00:00+00:00,8323.66275,3184.0098,2613.6510844377985,3754.368500447961
2026-02-13 05:00:00+00:00,8685.409749999999,3131.7156,2561.3568185600107,3702.0742345701738
2026-02-13 06:00:00+00:00,8394.7725,3152.5771,2582.2185585678253,3722.9359745779884
2026-02-13 07:00:00+00:00,7610.92575,2469.8083,1899.4497790266691,3040.167195036832
2026-02-13 08:00:00+00:00,7407.42825,3312.7156,2742.3570380705564,3883.074454080719
2026-02-13 09:00:00+00:00,6812.74475,2470.4631,1900.1045405496652,3040.821956559828
2026-02-13 10:00:00+00:00,5880.345,4278.2324,3707.873544476574,4848.5909604867375
2026-02-13 11:00:00+00:00,5308.7245,4204.3857,3634.027146321465,4774.744562331628
2026-02-13 12:00:00+00:00,4493.707,3431.695,2861.3364186504796,4002.0538346606427
2026-02-13 13:00:00+00:00,3840.434,3330.9578,2760.5989870927315,3901.3164031028946
2026-02-13 14:00:00+00:00,3554.674,3079.278,2508.9195331004084,3649.6369491105715
2026-02-13 15:00:00+00:00,3315.45375,1697.2812,1126.9225555130188,2267.6399715231823
2026-02-13 16:00:00+00:00,3268.66875,2309.4194,1739.0607669578767,2879.77818296804
2026-02-13 17:00:00+00:00,3082.4305,3139.6873,2569.3286704588777,3710.046086469041
2026-02-13 18:00:00+00:00,3203.44425,2571.7107,2001.3519759633987,3142.069391973562
2026-02-13 19:00:00+00:00,3435.98825,2665.6074,2095.248800786774,3235.9662167969373
2026-02-13 20:00:00+00:00,3586.6530000000002,2409.002,1838.6433650520476,2979.3607810622107
2026-02-13 21:00:00+00:00,3620.3137500000003,3004.6301,2434.2715052232693,3574.9889212334324
2026-02-13 22:00:00+00:00,3259.58525,2780.2021,2209.843489013801,3350.560905023964
2026-02-13 23:00:00+00:00,3227.1155,2860.3108,2289.9520839799543,3430.6694999901174
2026-02-14 00:00:00+00:00,3607.54025,2827.7742,2231.6144452963463,3423.9342221395127
2026-02-14 01:00:00+00:00,3956.52325,3123.9988,2527.83903647052,3720.1588133136866
2026-02-14 02:00:00+00:00,4089.3345,3027.1868,2431.026946178242,3623.3467230214083
2026-02-14 03:00:00+00:00,4291.8947499999995,3047.5925,2451.432811269022,3643.7525881121883
2026-02-14 04:00:00+00:00,4455.11425,3525.1663,2929.0063563333574,4121.326133176524
2026-02-14 05:00:00+00:00,4561.05625,3326.0664,2729.906586637739,3922.2263634809055
2026-02-14 06:00:00+00:00,4508.6447499999995,3782.7256,3186.56575254262,4378.885529385787
2026-02-14 07:00:00+00:00,4340.20025,3925.2485,3329.088738587271,4521.408515430438
2026-02-14 08:00:00+00:00,3945.1845000000003,3970.1614,3374.0014807880057,4566.321257631173
2026-02-14 09:00:00+00:00,3490.2465,4852.11,4255.949857794839,5448.269634638005
2026-02-14 10:00:00+00:00,3271.438,5649.08,5052.920207936445,6245.239984779611
2026-02-14 11:00:00+00:00,2888.06925,3574.7263,2978.5663659004763,4170.886142743643
2026-02-14 12:00:00+00:00,2543.24375,3266.4348,2670.2748699575027,3862.5946468006696
2026-02-14 13:00:00+00:00,2379.95575,2894.9893,2298.8294276852753,3491.1492045284417
2026-02-14 14:00:00+00:00,2321.70925,2477.1594,1880.999705796296,3073.3194826394624
2026-02-14 15:00:00+00:00,2296.0585,2169.2012,1573.0413014661776,2765.361078309344
2026-02-14 16:00:00+00:00,2339.182,1977.9087,1381.7488863205504,2574.0686631637172
2026-02-14 17:00:00+00:00,2213.16025,1949.7568,1353.5971204063408,2545.916897249507
2026-02-14 18:00:00+00:00,1907.62325,1681.2131,1085.0532740583512,2277.3730509015177
2026-02-14 19:00:00+00:00,1509.15675,1656.0396,1059.8798412758579,2252.1996181190248
2026-02-14 20:00:00+00:00,1147.3672500000002,1121.6187,525.458867865802,1717.778644708968
2026-02-14 21:00:00+00:00,959.6792500000001,1834.291,1238.131154900515,2430.450931743681
2026-02-14 22:00:00+00:00,868.7317499999999,3156.0142,2559.8543174768115,3752.1740943199784
2026-02-14 23:00:00+00:00,758.3820000000005,3553.3464,2957.186428206468,4149.506205049634
2026-02-15 00:00:00+00:00,796.1525000000001,2723.3635,2127.2036948264995,3319.523471669666
2026-02-15 01:00:00+00:00,915.3902500000004,3044.7434,2448.5835930375542,3640.9033698807207
2026-02-15 02:00:00+00:00,1058.20525,3164.3967,2568.236854077626,3760.5566309207925
2026-02-15 03:00:00+00:00,1378.1014999999998,2501.3652,1905.205521720573,3097.5252985637394
2026-02-15 04:00:00+00:00,1701.2435,4434.854,3838.694014392786,5031.013791235952
2026-02-15 05:00:00+00:00,2174.0045,5319.792,4723.6323091795375,5915.952086022704
2026-02-15 06:00:00+00:00,3019.17175,4910.2246,4314.064815806735,5506.384592649902
2026-02-15 07:00:00+00:00,3770.8092500000002,5113.403,4517.242769634718,5709.562546477884
2026-02-15 08:00:00+00:00,4098.65725,5671.6514,5075.491509920375,6267.811286763543
2026-02-15 09:00:00+00:00,3851.83675,6949.7524,6353.592489590956,7545.912266434123
2026-02-15 10:00:00+00:00,4043.8355,6117.079,5520.919386551509,6713.239163394675
2026-02-15 11:00:00+00:00,4432.89625,4866.707,4270.54725942235,5462.867036265517
2026-02-15 12:00:00+00:00,5011.68825,5679.781,5083.620906827336,6275.940683670502
2026-02-15 13:00:00+00:00,6265.2605,5959.154,5362.993986098632,6555.313762941799
2026-02-15 14:00:00+00:00,8231.18125,7686.211,7090.05121742202,8282.370994265188
2026-02-15 15:00:00+00:00,10273.89575,9524.307,8928.146580140803,10120.466356983969
2026-02-15 16:00:00+00:00,12714.431250000001,10948.787,10352.626829272212,11544.94660611538
2026-02-15 17:00:00+00:00,15197.551,12329.973,11733.812617668995,12926.132394512162
2026-02-15 18:00:00+00:00,17153.83775,13849.05,13252.889146766094,14445.208923609262
2026-02-15 19:00:00+00:00,17759.842,14540.007,13943.846542259806,15136.166319102973
2026-02-15 20:00:00+00:00,16643.32225,14590.458,13994.297692936532,15186.617469779696
2026-02-15 21:00:00+00:00,14116.697500000002,14065.862,13469.701866839692,14662.02164368286
2026-02-15 22:00:00+00:00,13948.86475,14346.061,13749.900071020395,14942.219847863562
2026-02-15 23:00:00+00:00,13983.961,14426.164,13830.003948326732,15022.3237251699
2026-02-16 00:00:00+00:00,13492.87075,13639.389,13043.228398974778,14235.548175817945
2026-02-16 01:00:00+00:00,13045.8905,11807.135,11210.97424400286,12403.294020846028
2026-02-16 02:00:00+00:00,12602.5925,11571.492,10975.332598706722,12167.65237554989
2026-02-16 03:00:00+00:00,11751.402750000001,11198.755,10602.595262538343,11794.91503938151
2026-02-16 04:00:00+00:00,10519.896499999999,10650.133,10053.973139888152,11246.29291673132
2026-02-16 05:00:00+00:00,9957.27425,11412.233,10816.072845419343,12008.39262226251
2026-02-16 06:00:00+00:00,9720.69975,7802.3047,7206.144631683482,8398.464408526648
2026-02-16 07:00:00+00:00,9862.24125,8829.994,8233.83443192157,9426.154208764736
2026-02-16 08:00:00+00:00,9363.47875,6871.9575,6275.797534318121,7468.117311161286
2026-02-16 09:00:00+00:00,8360.229500000001,5823.2676,5227.107723187455,6419.427500030622
2026-02-16 10:00:00+00:00,7701.3125,5844.1187,5247.958662237268,6440.2784390804345
2026-02-16 11:00:00+00:00,7108.01725,5281.3926,4685.2327463958245,5877.552523238991
2026-02-16 12:00:00+00:00,6196.2305,6524.6523,5928.492481477447,7120.812258320613
2026-02-16 13:00:00+00:00,5414.54275,6450.681,5854.521189486135,7046.8409663293005
2026-02-16 14:00:00+00:00,5196.9455,5198.4883,4602.328418114515,5794.648194957682
2026-02-16 15:00:00+00:00,5280.5782500000005,5622.668,5026.508203228626,6218.827980071793
2026-02-16 16:00:00+00:00,5611.0869999999995,6221.2295,5625.0697346143625,6817.389511457529
2026-02-16 17:00:00+00:00,5783.31575,5332.982,4736.821855979078,5929.141632822244
2026-02-16 18:00:00+00:00,5891.28875,5150.2153,4554.05536752308,5746.375144366247
2026-02-16 19:00:00+00:00,5839.8555,5643.1445,5046.9848332166575,6239.304610059824
2026-02-16 20:00:00+00:00,5354.68975,4929.829,4333.669392585077,5525.989169428243
2026-02-16 21:00:00+00:00,4773.319750000001,3272.0237,2675.863807053111,3868.1835838962775
2026-02-16 22:00:00+00:00,4185.89875,2014.4744,1418.3144743690968,2610.6342512122633
2026-02-16 23:00:00+00:00,3717.0775,2366.7097,1770.5498541651637,2962.86963100833
2026-02-17 00:00:00+00:00,3486.728,871.3194,275.1597018167231,1467.4794786598895
2026-02-17 01:00:00+00:00,3667.876,2141.5042,1545.344417277462,2737.6641941206285
2026-02-17 02:00:00+00:00,4223.45375,1734.7205,1138.5607234027138,2330.8805002458803
2026-02-17 03:00:00+00:00,4694.517,1220.0884,623.9283465410899,1816.2481233842568
2026-02-17 04:00:00+00:00,4890.3495,1064.4204,468.2604704594987,1660.5802473026652
2026-02-17 05:00:00+00:00,5150.344999999999,1456.7878,860.627989125619,2052.9477659687855
2026-02-17 06:00:00+00:00,4880.45175,3365.6736,2769.5135754808166,3961.833352323983
2026-02-17 07:00:00+00:00,4511.913500000001,3933.3704,3337.2105624087353,4529.530339251902
2026-02-17 08:00:00+00:00,4203.6767500000005,3268.863,2672.7032232737342,3865.0230001169007
2026-02-17 09:00:00+00:00,3909.4215,1959.0198,1362.8598730098174,2555.179649852984
2026-02-17 10:00:00+00:00,3500.5057500000003,1601.6833,1005.523461462355,2197.8432383055215
2026-02-17 11:00:00+00:00,3794.27225,696.3448,100.18467878589763,1292.5044556290645
2026-02-17 12:00:00+00:00,3959.23175,1283.9946,687.8347596111253,1880.1545364542922
2026-02-17 13:00:00+00:00,4162.02525,1396.3733,800.213389213678,1992.533166056844
2026-02-17 14:00:00+00:00,4315.76775,1469.8125,873.6527029861736,2065.97247982934
2026-02-17 15:00:00+00:00,4767.9555,2136.3772,1540.217314248131,2732.5370910912975
2026-02-17 16:00:00+00:00,5633.69275,1467.2539,871.0939932802676,2063.4137701234336
2026-02-17 17:00:00+00:00,6602.068499999999,2910.4211,2314.2613895418276,3506.581166384994
2026-02-17 18:00:00+00:00,6946.23325,3429.906,2833.7461278229243,4026.065904666091
2026-02-17 19:00:00+00:00,6982.077,3605.9646,3009.804722824305,4202.124499667471
2026-02-17 20:00:00+00:00,6919.292,2383.3887,1787.2287680006639,2979.5485448438308
2026-02-17 21:00:00+00:00,6671.36525,2735.9329,2139.773030365789,3332.0928072089555
2026-02-17 22:00:00+00:00,6500.472,3272.1538,2675.9939151449007,3868.313691988067
2026-02-17 23:00:00+00:00,6188.79975,3681.93,3085.770095130817,4278.0898719739835
2026-02-18 00:00:00+00:00,5845.398,3975.2593,3379.0994088158377,4571.419185659004
2026-02-18 01:00:00+00:00,5870.51425,4640.19,4044.0302199938697,5236.349996837036
2026-02-18 02:00:00+00:00,5451.3755,2666.3245,2070.1647046624275,3262.484481505594
2026-02-18 03:00:00+00:00,4711.23125,3051.1846,2455.024688474809,3647.344465317976
2026-02-18 04:00:00+00:00,3743.1504999999997,4222.1387,3625.9787680935005,4818.298544936667
2026-02-18 05:00:00+00:00,3067.3627500000002,3913.4414,3317.281553406281,4509.6013302494475
2026-02-18 06:00:00+00:00,2301.3285,1991.5593,1395.39955914943,2587.7193359925964
2026-02-18 07:00:00+00:00,1636.79675,2810.3396,2214.1797126986157,3406.499489541782
2026-02-18 08:00:00+00:00,989.2987499999999,2235.3684,1639.208466780005,2831.5282436231714
2026-02-18 09:00:00+00:00,565.5212499999998,2254.5935,1658.4336754271567,2850.7534522703236
2026-02-18 10:00:00+00:00,344.94375000000036,3112.9565,2516.7967329245657,3709.116509767732
2026-02-18 11:00:00+00:00,234.13274999999976,3067.4053,2471.245492712309,3663.5652695554754
2026-02-18 12:00:00+00:00,254.11849999999959,1704.2524,1108.0925865184508,2300.4123633616173
2026-02-18 13:00:00+00:00,412.19325000000026,1430.0588,833.8989700930042,2026.218746936171
2026-02-18 14:00:00+00:00,879.0727500000003,1664.9653,1068.805405351376,2261.125182194542
2026-02-18 15:00:00+00:00,1587.6109999999999,2296.765,1700.6050848274976,2892.924861670664
2026-02-18 16:00:00+00:00,2665.3225,3501.31,2905.150267980237,4097.470044823403
2026-02-18 17:00:00+00:00,3986.9757499999996,5436.2217,4840.061755831931,6032.381532675097
2026-02-18 18:00:00+00:00,5411.69875,4903.851,4307.690978059105,5500.010754902271
2026-02-18 19:00:00+00:00,6882.868,6223.868,5627.708210015856,6820.027986859022
2026-02-18 20:00:00+00:00,8293.33825,5854.888,5258.728303668152,6451.048080511318
2026-02-18 21:00:00+00:00,9063.489249999999,6567.601,5971.441063258136,7163.760840101302
2026-02-18 22:00:00+00:00,9425.6955,8231.435,7635.274142025259,8827.593918868426
2026-02-18 23:00:00+00:00,9555.65625,7782.186,7186.026295543643,8378.346072386808
2026-02-19 00:00:00+00:00,10099.90925,7236.789,6640.62918997401,7832.9489668171755
2026-02-19 01:00:00+00:00,10513.9955,7552.481,6956.320956084361,8148.640732927527
2026-02-19 02:00:00+00:00,11102.0845,7509.4214,6913.261385149034,8105.581161992201
2026-02-19 03:00:00+00:00,11763.381000000001,8431.497,7835.337431663989,9027.657208507157
2026-02-19 04:00:00+00:00,12153.89025,10726.48,10130.32076678877,11322.640543631935
2026-02-19 05:00:00+00:00,12518.7165,11333.474,10737.313252862914,11929.63302970608
2026-02-19 06:00:00+00:00,12379.9515,10460.38,9864.219426736461,11056.539203579627
2026-02-19 07:00:00+00:00,12052.90875,10198.49,9602.330212006907,10794.649988850073
2026-02-19 08:00:00+00:00,11197.08575,10404.887,9808.72683580076,11001.046612643928
2026-02-19 09:00:00+00:00,10308.03175,9886.47,9290.30965427663,10482.629431119798
2026-02-19 10:00:00+00:00,9909.206,8740.202,8144.041722840933,9336.3614996841
2026-02-19 11:00:00+00:00,10072.2055,8914.877,8318.717050324449,9511.036827167616
2026-02-19 12:00:00+00:00,11274.14725,9614.653,9018.493490100973,10210.813266944138
2026-02-19 13:00:00+00:00,11483.04075,9737.531,9141.37114747689,10333.690924320057
2026-02-19 14:00:00+00:00,11340.128499999999,9917.547,9321.386617575148,10513.706394418314
2026-02-19 15:00:00+00:00,11093.3105,8820.126,8223.966329074232,9416.286105917397
2026-02-19 16:00:00+00:00,11835.483,10020.407,9424.24699605046,10616.566772893628
2026-02-19 17:00:00+00:00,12354.19875,10899.581,10303.420644191354,11495.740421034521
2026-02-19 18:00:00+00:00,12730.36925,10898.114,10301.953700286213,11494.273477129378
2026-02-19 19:00:00+00:00,12289.764500000001,10931.328,10335.168508375398,11527.488285218566
2026-02-19 20:00:00+00:00,11477.5235,10030.7,9434.539936579196,10626.859713422364
2026-02-19 21:00:00+00:00,11196.84275,8825.472,8229.31218254033,9421.631959383498
2026-02-19 22:00:00+00:00,11415.7655,7979.856,7383.695993570055,8576.015770413222
2026-02-19 23:00:00+00:00,11563.74325,9874.685,9278.524940054242,10470.844716897409
2026-02-20 00:00:00+00:00,10499.883249999999,9773.227,9177.066451438177,10369.386228281344
2026-02-20 01:00:00+00:00,9339.72825,9175.228,8579.067314762182,9771.38709160535
2026-02-20 02:00:00+00:00,8875.0395,8834.566,8238.406092581943,9430.72586942511
2026-02-20 03:00:00+00:00,9220.809,8929.3,8333.139929575975,9525.45970641914
2026-02-20 04:00:00+00:00,9881.175,8722.487,8126.327655122472,9318.647431965637
2026-02-20 05:00:00+00:00,11153.4025,8540.26,7944.099354272244,9136.419131115412
2026-02-20 06:00:00+00:00,11524.13075,10097.3955,9501.235728090393,10693.55550493356
2026-02-20 07:00:00+00:00,11274.57975,11878.343,11282.182601277775,12474.502378120942
2026-02-20 08:00:00+00:00,10951.859,10637.4375,10041.277172427464,11233.596949270632
2026-02-20 09:00:00+00:00,10749.013500000001,9536.273,8940.113793308738,10132.433570151903
2026-02-20 10:00:00+00:00,10496.26825,8766.664,8170.504318242841,9362.824095086007
2026-02-20 11:00:00+00:00,9319.8525,8874.965,8278.804406784819,9471.124183627986
2026-02-20 12:00:00+00:00,8937.526249999999,6388.9824,5792.822641210366,6985.142418053532
2026-02-20 13:00:00+00:00,8384.96,6628.3247,6032.16479403702,7224.484570880187
2026-02-20 14:00:00+00:00,8704.85325,6269.014,5672.854538451993,6865.17431529516
2026-02-20 15:00:00+00:00,9117.417,7698.1875,7102.027369313818,8294.347146156984
2026-02-20 16:00:00+00:00,9550.57775,8031.938,7435.777964756086,8628.097741599253
2026-02-20 17:00:00+00:00,10704.6835,10202.747,9606.58703094898,10798.906807792147
2026-02-20 18:00:00+00:00,12104.43825,10598.888,10002.727932574893,11195.047709418059
2026-02-20 19:00:00+00:00,13201.703000000001,11115.684,10519.523232313579,11711.843009156746
2026-02-20 20:00:00+00:00,14275.199250000001,11298.851,10702.690595765236,11895.010372608403
2026-02-20 21:00:00+00:00,14499.288500000002,13103.833,12507.672704229837,13699.992481073004
2026-02-20 22:00:00+00:00,15878.87425,14013.736,13417.576195225884,14609.895972069051
2026-02-20 23:00:00+00:00,16726.63175,14182.29,13586.129738352378,14778.449515195545
2026-02-21 00:00:00+00:00,16900.110500000003,15701.622,15149.939436824334,16253.303375369542
2026-02-21 01:00:00+00:00,16978.025749999997,15043.832,14492.14967282164,15595.513611366849
2026-02-21 02:00:00+00:00,16784.8015,14620.264,14068.58129021234,15171.945228757548
2026-02-21 03:00:00+00:00,16805.0815,12379.716,11828.033541926408,12931.397480471616
2026-02-21 04:00:00+00:00,17262.39275,13254.848,12703.165397093722,13806.52933563893
2026-02-21 05:00:00+00:00,17409.64575,13143.585,12591.903114782559,13695.267053327767
2026-02-21 06:00:00+00:00,16968.665,13163.04,12611.35775067554,13714.721689220747
2026-02-21 07:00:00+00:00,16719.629,11882.051,11330.369097638537,12433.733036183745
2026-02-21 08:00:00+00:00,16220.055250000001,12953.774,12402.092293117295,13505.456231662503
2026-02-21 09:00:00+00:00,15150.53225,11083.255,10531.572454477584,11634.936393022792
2026-02-21 10:00:00+00:00,14738.8285,11560.381,11008.699187497692,12112.0631260429
2026-02-21 11:00:00+00:00,14216.9765,14334.963,13783.280067897158,14886.644006442366
2026-02-21 12:00:00+00:00,13563.036,14455.571,13903.889275794849,15007.253214340057
2026-02-21 13:00:00+00:00,12987.849,12253.403,11701.721428203855,12805.085366749063
2026-02-21 14:00:00+00:00,11453.60575,9567.581,9015.898599597831,10119.262538143039
2026-02-21 15:00:00+00:00,10464.259750000001,8825.122,8273.440498267097,9376.804436812305
2026-02-21 16:00:00+00:00,9298.331,9904.885,9353.202337775812,10456.56627632102
2026-02-21 17:00:00+00:00,8291.753499999999,8703.64,8151.958026707529,9255.321965252737
2026-02-21 18:00:00+00:00,7973.7485,5339.1616,4787.479709685872,5890.84364823108
2026-02-21 19:00:00+00:00,8315.48425,4870.0654,4318.3836557651275,5421.747594310335
2026-02-21 20:00:00+00:00,8819.37525,5036.0776,4484.395807963199,5587.759746508407
2026-02-21 21:00:00+00:00,8611.787499999999,5185.63,4633.948091616278,5737.312030161486
2026-02-21 22:00:00+00:00,8295.81525,5918.24,5366.558435007634,6469.922373552842
2026-02-21 23:00:00+00:00,8284.119,7312.439,6760.75714311543,7864.121081660638
2026-02-22 00:00:00+00:00,8863.48675,7208.6978,6657.015555445914,7760.379493991122
2026-02-22 01:00:00+00:00,9763.9395,8513.811,7962.128086105112,9065.49202465032
2026-02-22 02:00:00+00:00,10449.61625,8420.018,7868.3352980955915,8971.6992366408
2026-02-22 03:00:00+00:00,11524.35,7736.466,7184.783883620616,8288.147822165822
2026-02-22 04:00:00+00:00,12838.52025,8342.666,7790.983554547651,8894.347493092859
2026-02-22 05:00:00+00:00,14009.929250000001,9926.386,9374.703444837747,10478.067383382953
2026-02-22 06:00:00+00:00,14987.46675,10901.716,10350.033925152153,11453.39786369736
2026-02-22 07:00:00+00:00,15212.13175,10383.211,9831.528349580929,10934.892288126135
2026-02-22 08:00:00+00:00,14628.210750000002,10025.451,9473.769335033034,10577.133273578242
2026-02-22 09:00:00+00:00,13756.392,10200.963,9649.281178091434,10752.645116636642
2026-02-22 10:00:00+00:00,14376.806500000002,7887.6445,7335.962533939685,8439.326472484892
2026-02-22 11:00:00+00:00,14985.39775,9643.032,9091.349871133254,10194.713809678462
2026-02-22 12:00:00+00:00,14957.7935,10284.631,9732.949123240429,10836.313061785637
2026-02-22 13:00:00+00:00,15716.85025,9924.394,9372.711599203512,10476.07553774872
2026-02-22 14:00:00+00:00,16877.93525,10336.007,9784.32493524125,10887.688873786456
2026-02-22 15:00:00+00:00,17016.033583333334,15602.722,15051.039409616289,16154.403348161497
2026-02-22 16:00:00+00:00,17154.131916666665,14641.264,14089.581332142152,15192.94527068736
2026-02-22 17:00:00+00:00,17292.23025,14901.132,14349.4498986828,15452.813837228008
2026-02-22 18:00:00+00:00,15366.921000000002,13425.541,12873.858771393967,13977.222709939175
2026-02-22 19:00:00+00:00,14647.476750000002,9756.466,9204.78376674746,10308.147705292668
2026-02-22 20:00:00+00:00,14413.80875,10204.318,9652.636179114841,10756.000117660049
2026-02-22 21:00:00+00:00,12883.80175,9027.623,8475.941328243807,9579.305266789015
2026-02-22 22:00:00+00:00,12271.7655,8599.442,8047.760067525208,9151.124006070415
2026-02-22 23:00:00+00:00,12743.60675,9438.266,8886.58332295505,9989.947261500256
2026-02-23 00:00:00+00:00,13632.32675,10372.303,9820.620623488696,10923.984562033904
2026-02-23 01:00:00+00:00,14022.305,12688.079,12136.396671809234,13239.76061035444
2026-02-23 02:00:00+00:00,13926.147,10973.065,10421.382819030032,11524.746757575238
2026-02-23 03:00:00+00:00,13972.156000000003,10381.395,9829.712298849343,10933.07623739455
2026-02-23 04:00:00+00:00,14948.085500000001,11254.728,10703.044987541256,11806.408926086464
2026-02-23 05:00:00+00:00,16357.298999999999,12752.337,12200.654674684563,13304.018613229771
2026-02-23 06:00:00+00:00,16015.52275,13715.259,13163.57621989345,14266.940158438658
2026-02-23 07:00:00+00:00,15356.085750000002,13053.871,12502.189116131498,13605.553054676704
2026-02-23 08:00:00+00:00,15621.54275,11562.162,11010.479483333824,12113.843421879032
2026-02-23 09:00:00+00:00,16015.63275,12162.656,11610.974013755027,12714.337952300235
2026-02-23 10:00:00+00:00,16118.564750000001,10911.364,10359.681787775411,11463.045726320619
2026-02-23 11:00:00+00:00,16178.655000000002,11260.951,10709.269318924824,11812.633257470032
2026-02-23 12:00:00+00:00,16907.66325,11725.148,11173.466187876482,12276.83012642169
2026-02-23 13:00:00+00:00,17246.07125,13821.741,13270.059264512303,14373.423203057511
2026-02-23 14:00:00+00:00,16999.566,14159.416,13607.733463134846,14711.097401680054
2026-02-23 15:00:00+00:00,17023.08775,14179.109,13627.427458189057,14730.791396734265
2026-02-23 16:00:00+00:00,16345.95625,14527.417,13975.734765442918,15079.098703988126
2026-02-23 17:00:00+00:00,16293.704000000002,10885.793,10334.110581780997,11437.474520326205
2026-02-23 18:00:00+00:00,15658.19325,12387.061,11835.378689963296,12938.742628508504
2026-02-23 19:00:00+00:00,13977.104749999999,11390.984,10839.301928157645,11942.665866702853
2026-02-23 20:00:00+00:00,12399.901,11199.603,10647.92037407127,11751.284312616477
2026-02-23 21:00:00+00:00,11010.68675,9510.769,8959.08630540285,10062.450243948058
2026-02-23 22:00:00+00:00,10634.75525,8921.284,8369.602544696196,9472.966483241402
2026-02-23 23:00:00+00:00,9614.78725,8356.541,7804.858936962541,8908.222875507749
2026-02-24 00:00:00+00:00,7984.01425,8188.5093,7636.827067692633,8740.191006237841
2026-02-24 01:00:00+00:00,6469.075,7641.5503,7089.868292574694,8193.232231119902
2026-02-24 02:00:00+00:00,5205.40725,5945.9307,5394.248925525809,6497.612864071016
2026-02-24 03:00:00+00:00,3806.9065,2786.8408,2235.1589683000693,3338.5229068452772
2026-02-24 04:00:00+00:00,3161.9155,2564.6794,2012.9974151857505,3116.361353730958
2026-02-24 05:00:00+00:00,2580.1717500000004,2763.0134,2211.331558352678,3314.6954968978853
2026-02-24 06:00:00+00:00,1791.12925,2277.4353,1725.7535102175852,2829.1174487627927
2026-02-24 07:00:00+00:00,1029.1194999999998,1869.5693,1317.8874858617069,2421.2514244069143
2026-02-24 08:00:00+00:00,565.93725,1750.3989,1198.7169159102605,2302.080854455468
2026-02-24 09:00:00+00:00,360.22000000000025,1011.58453,459.90258604329756,1563.2665245885055
2026-02-24 10:00:00+00:00,312.87774999999965,769.59235,217.91047403796438,1321.2744125831723
2026-02-24 11:00:00+00:00,387.53600000000006,578.5484,26.86660507531724,1130.2305436205252
2026-02-24 12:00:00+00:00,447.6220000000003,1884.4502,1332.7682264133477,2436.1321649585557
2026-02-24 13:00:00+00:00,431.6800000000003,777.18024,225.4984574064738,1328.8623959516817
2026-02-24 14:00:00+00:00,316.11874999999964,694.0147,142.33257058114395,1245.6965091263519
2026-02-24 15:00:00+00:00,247.23675000000003,814.7242,263.0420908244105,1366.4060293696184
2026-02-24 16:00:00+00:00,336.07175000000007,1272.0918,720.4097747444102,1823.7737132896182
2026-02-24 17:00:00+00:00,744.0057500000003,1738.8057,1187.12363935728,2290.4875779024874
2026-02-24 18:00:00+00:00,1187.23625,2510.2417,1958.5598419638209,3061.923780509029
2026-02-24 19:00:00+00:00,1688.7737500000003,3365.5571,2813.875167070629,3917.2391056158367
2026-02-24 20:00:00+00:00,2023.83025,3258.0247,2706.342691440422,3809.70662998563
2026-02-24 21:00:00+00:00,2028.8184999999999,2626.0742,2074.3922951480477,3177.756233693255
2026-02-24 22:00:00+00:00,2312.89525,2778.9104,2227.2285821480136,3330.5925206932216
2026-02-24 23:00:00+00:00,2238.79025,3315.8892,2764.2071479234933,3867.571086468701
2026-02-25 00:00:00+00:00,2041.09425,2789.6216,2237.939656315251,3341.3035948604584
2026-02-25 01:00:00+00:00,1794.36175,1716.3181,1164.6362930957466,2268.0002316409546
2026-02-25 02:00:00+00:00,1639.705,1604.8552,1053.1733860934255,2156.5373246386334
2026-02-25 03:00:00+00:00,1627.9382500000002,1883.873,1332.1911821283866,2435.555120673594
2026-02-25 04:00:00+00:00,1704.176,1485.8997,934.2178421104718,2037.5817806556793
2026-02-25 05:00:00+00:00,1911.7939999999999,2439.5156,1887.8336791817605,2991.1976177269685
2026-02-25 06:00:00+00:00,2313.8775,2890.2246,2338.5427587171625,3441.9066972623705
2026-02-25 07:00:00+00:00,2738.893,2127.0144,1575.3324167459405,2678.696355291148
2026-02-25 08:00:00+00:00,2661.74275,2773.2676,2221.58576441134,3324.9497029565473
2026-02-25 09:00:00+00:00,2194.08375,2368.2512,1816.5692065848139,2919.933145130022
2026-02-25 10:00:00+00:00,1955.4472500000002,700.81305,149.13096667505033,1252.4949052202583
2026-02-25 11:00:00+00:00,2247.623,2138.6318,1586.95002649166,2690.313965036868
2026-02-25 12:00:00+00:00,2457.76125,1732.3723,1180.6904894523477,2284.0544279975556
2026-02-25 13:00:00+00:00,2640.87475,2493.0327,1941.350812143642,3044.71475068885
2026-02-25 14:00:00+00:00,2763.2345,2879.893,2328.211083718351,3431.575022263559
2026-02-25 15:00:00+00:00,2660.51,2582.9146,2031.232660165028,3134.5965987102354
2026-02-25 16:00:00+00:00,3261.67725,2706.3127,2154.6307499081054,3257.9946884533133
2026-02-25 17:00:00+00:00,5152.61225,3821.2097,3269.5277333493336,4372.891671894542
2026-02-25 18:00:00+00:00,6720.90575,5639.6084,5087.92621455099,6191.290153096198
2026-02-25 19:00:00+00:00,7880.28075,8353.809,7802.1269153328385,8905.490853878047
2026-02-25 20:00:00+00:00,8977.955750000001,8566.018,8014.3359443188865,9117.699882864094
2026-02-25 21:00:00+00:00,9143.50875,9519.341,8967.658541587878,10071.022480133086
2026-02-25 22:00:00+00:00,9465.248,9415.167,8863.484915598297,9966.848854143504
2026-02-25 23:00:00+00:00,9972.8745,9722.883,9171.200484596793,10274.564423142001
2026-02-26 00:00:00+00:00,10117.519,10181.471,9629.788304324149,10733.152242869357
2026-02-26 01:00:00+00:00,10167.1325,9737.147,9185.465198095513,10288.829136640721
2026-02-26 02:00:00+00:00,10239.760750000001,10586.308,10034.625591077638,11137.989529622846
2026-02-26 03:00:00+00:00,10340.97725,10028.723,9477.04090796705,10580.404846512256
2026-02-26 04:00:00+00:00,10285.54275,10186.532,9634.849608413931,10738.213546959138
2026-02-26 05:00:00+00:00,10659.248749999999,10651.308,10099.625011437862,11202.98894998307
2026-02-26 06:00:00+00:00,10593.06625,10387.583,9835.900378741684,10939.264317286892
2026-02-26 07:00:00+00:00,9485.58625,10952.261,10400.578435833675,11503.942374378883
2026-02-26 08:00:00+00:00,8645.82425,8549.82,7998.138480082585,9101.502418627793
2026-02-26 09:00:00+00:00,7238.2495,7897.1606,7345.478550385959,8448.842488931168
2026-02-26 10:00:00+00:00,6042.29825,6763.29,6211.608256502008,7314.972195047216
2026-02-26 11:00:00+00:00,5118.97325,6407.5103,5855.828176098323,6959.19211464353
2026-02-26 12:00:00+00:00,5154.151,4686.0293,4134.347218678402,5237.71115722361
2026-02-26 13:00:00+00:00,6061.41175,6502.149,5950.467163300247,7053.831101845455
2026-02-26 14:00:00+00:00,7072.18275,9888.163,9336.48096500196,10439.844903547168
2026-02-26 15:00:00+00:00,6888.778249999999,9997.825,9446.1427191458,10549.506657691009
2026-02-26 16:00:00+00:00,7329.6810000000005,9133.096,8581.41380047032,9684.777739015528
2026-02-26 17:00:00+00:00,8198.89425,8427.623,7875.940910613943,8979.30484915915
2026-02-26 18:00:00+00:00,9328.49125,5208.888,4657.206138994529,5760.570077539737
2026-02-26 19:00:00+00:00,10505.229749999999,8873.992,8322.310488011535,9425.674426556743
2026-02-26 20:00:00+00:00,11373.87925,9491.183,8939.50007163077,10042.864010175977
2026-02-26 21:00:00+00:00,11940.5075,11555.478,11003.79530426706,12107.159242812268
2026-02-26 22:00:00+00:00,12253.2055,10861.1875,10309.505751155371,11412.86968970058
2026-02-26 23:00:00+00:00,11877.749749999999,13588.94,13037.257650425883,14140.621588971091
2026-02-27 00:00:00+00:00,11197.3405,11998.857,11447.175375128107,12550.539313673315
2026-02-27 01:00:00+00:00,10981.65775,10949.753,10398.070627194213,11501.43456573942
2026-02-27 02:00:00+00:00,11295.01175,9209.878,8658.195452074084,9761.559390619292
2026-02-27 03:00:00+00:00,11802.768,9688.892,9137.209497318798,10240.573435864006
2026-02-27 04:00:00+00:00,12039.282500000001,10047.41,9495.727806799314,10599.091745344522
2026-02-27 05:00:00+00:00,12916.651,9927.532,9375.850084471116,10479.214023016324
2026-02-27 06:00:00+00:00,12452.820749999999,9805.726,9254.043087575728,10357.407026120936
2026-02-27 07:00:00+00:00,11767.057,9692.539,9140.856993250847,10244.220931796055
2026-02-27 08:00:00+00:00,10520.009,8993.158,8441.476340303165,9544.840278848373
2026-02-27 09:00:00+00:00,8703.883249999999,7917.1553,7365.473482476907,8468.837421022114
2026-02-27 10:00:00+00:00,7646.8910000000005,9175.101,8623.418601989762,9726.78254053497
2026-02-27 11:00:00+00:00,6212.86675,8652.635,8100.95317174704,9204.317110292248
2026-02-27 12:00:00+00:00,5158.03,5512.2085,4960.526664722043,6063.890603267251
2026-02-27 13:00:00+00:00,5344.78425,6925.321,6373.638890038107,7477.002828583315
2026-02-27 14:00:00+00:00,5251.75725,6212.082,5660.3998630806645,6763.763801625872
2026-02-27 15:00:00+00:00,4751.94075,3157.7424,2606.0606382039387,3709.4245767491466
2026-02-27 16:00:00+00:00,4611.382,2110.9556,1559.2737510274073,2662.6376895726153
2026-02-27 17:00:00+00:00,5772.78725,2446.374,1894.6921633638603,2998.0561019090683
2026-02-27 18:00:00+00:00,5770.764,5185.0635,4633.381724140377,5736.745662685584
2026-02-27 19:00:00+00:00,5731.06125,8216.147,7664.465105282581,8767.829043827789
2026-02-27 20:00:00+00:00,5588.2345000000005,7106.1255,6554.4433266662545,7657.807265211462
2026-02-27 21:00:00+00:00,5424.82675,5470.412,4918.730293758521,6022.094232303729
2026-02-27 22:00:00+00:00,4883.01125,4824.001,4272.318966563729,5375.682905108937
2026-02-27 23:00:00+00:00,4858.38525,3903.525,3351.842827471385,4455.206766016593
