date,biomass_rte_actual,gas_rte_actual,hard_coal_rte_actual,nuclear_rte_actual,oil_rte_actual,renewables_rte_actual,waste_rte_actual,biomass_rte_fitted,gas_rte_fitted,hard_coal_rte_fitted,nuclear_rte_fitted,oil_rte_fitted,renewables_rte_fitted,waste_rte_fitted,biomass_rte_lower,gas_rte_lower,hard_coal_rte_lower,nuclear_rte_lower,oil_rte_lower,renewables_rte_lower,waste_rte_lower,biomass_rte_upper,gas_rte_upper,hard_coal_rte_upper,nuclear_rte_upper,oil_rte_upper,renewables_rte_upper,waste_rte_upper
2026-02-28 00:00:00+00:00,,,,,,,,348.03308844420155,1415.5561534093035,42.95967437567449,48426.435884274324,126.95950040689789,8912.662892454337,113.00648114026153,359.21792410714284,2305.4280927579366,62.79329631376507,39566.12500992063,147.7467361111111,7679.840427295919,170.51812996031745,359.21792410714284,2305.4280927579366,62.79329631376507,39566.12500992063,147.7467361111111,7679.840427295919,170.51812996031745
2026-02-28 01:00:00+00:00,,,,,,,,349.2662891954902,1430.940736980399,33.410194885945494,48050.132747514916,129.11315310434907,8292.259625322244,117.07246762438065,359.21792410714284,2305.4280927579366,62.79329631376507,39566.12500992063,147.7467361111111,7679.840427295919,170.51812996031745,359.21792410714284,2305.4280927579366,62.79329631376507,39566.12500992063,147.7467361111111,7679.840427295919,170.51812996031745
2026-02-28 02:00:00+00:00,,,,,,,,331.0656262437527,1257.683530757962,16.746017228449283,47420.37137002571,117.46809141914076,6198.2560902646655,124.00210050065436,359.21792410714284,2305.4280927579366,62.79329631376507,39566.12500992063,147.7467361111111,7679.840427295919,170.51812996031745,359.21792410714284,2305.4280927579366,62.79329631376507,39566.12500992063,147.7467361111111,7679.840427295919,170.51812996031745
2026-02-28 03:00:00+00:00,,,,,,,,339.659103835159,1365.6529260150023,35.50747918705492,47528.043752599086,116.89933028003722,6339.824809014931,128.19707725942476,359.21792410714284,2305.4280927579366,62.79329631376507,39566.12500992063,147.7467361111111,7679.840427295919,170.51812996031745,359.21792410714284,2305.4280927579366,62.79329631376507,39566.12500992063,147.7467361111111,7679.840427295919,170.51812996031745
2026-02-28 04:00:00+00:00,,,,,,,,343.5695011934841,1416.094189205136,35.29185662926747,47992.96900338965,115.12120833758871,6718.617479087873,120.24933732470114,359.21792410714284,2305.4280927579366,62.79329631376507,39566.12500992063,147.7467361111111,7679.840427295919,170.51812996031745,359.21792410714284,2305.4280927579366,62.79329631376507,39566.12500992063,147.7467361111111,7679.840427295919,170.51812996031745
2026-02-28 05:00:00+00:00,,,,,,,,341.467517381382,1573.450660795931,33.48665606396806,48058.14251105128,131.77267079347334,7043.644963582943,127.82269216212566,359.21792410714284,2305.4280927579366,62.79329631376507,39566.12500992063,147.7467361111111,7679.840427295919,170.51812996031745,359.21792410714284,2305.4280927579366,62.79329631376507,39566.12500992063,147.7467361111111,7679.840427295919,170.51812996031745
2026-02-28 06:00:00+00:00,,,,,,,,357.2470425162241,1485.970877666246,27.600777242924508,45260.594457583466,130.60262190149737,7018.476182239853,157.39183150477572,359.21792410714284,2305.4280927579366,62.79329631376507,39566.12500992063,147.7467361111111,7679.840427295919,170.51812996031745,359.21792410714284,2305.4280927579366,62.79329631376507,39566.12500992063,147.7467361111111,7679.840427295919,170.51812996031745
2026-02-28 07:00:00+00:00,,,,,,,,339.78706963557215,1679.2167115794364,27.236380974192606,47817.92596193074,131.84919193171248,7184.437152909993,144.6951488872328,359.21792410714284,2305.4280927579366,62.79329631376507,39566.12500992063,147.7467361111111,7679.840427295919,170.51812996031745,359.21792410714284,2305.4280927579366,62.79329631376507,39566.12500992063,147.7467361111111,7679.840427295919,170.51812996031745
2026-02-28 08:00:00+00:00,,,,,,,,391.0375147077007,1459.0941810112759,25.26085877461388,42156.096037058574,137.6979360892112,8358.441180835485,191.38873144194594,359.21792410714284,2305.4280927579366,62.79329631376507,39566.12500992063,147.7467361111111,7679.840427295919,170.51812996031745,359.21792410714284,2305.4280927579366,62.79329631376507,39566.12500992063,147.7467361111111,7679.840427295919,170.51812996031745
2026-02-28 09:00:00+00:00,,,,,,,,391.3586876291042,1464.7266266257773,18.288297492730038,41568.49455242859,134.5675855102533,7977.115099278147,165.81559264295498,359.21792410714284,2305.4280927579366,62.79329631376507,39566.12500992063,147.7467361111111,7679.840427295919,170.51812996031745,359.21792410714284,2305.4280927579366,62.79329631376507,39566.12500992063,147.7467361111111,7679.840427295919,170.51812996031745
2026-02-28 10:00:00+00:00,,,,,,,,379.20601101602483,1530.8961636910622,31.310643081963942,42536.060437040476,131.1681212117079,7957.086948924744,154.79750495193267,359.21792410714284,2305.4280927579366,62.79329631376507,39566.12500992063,147.7467361111111,7679.840427295919,170.51812996031745,359.21792410714284,2305.4280927579366,62.79329631376507,39566.12500992063,147.7467361111111,7679.840427295919,170.51812996031745
2026-02-28 11:00:00+00:00,,,,,,,,383.6175751874689,1504.8000623850667,20.37978752404279,42773.069674001614,130.33478107039738,7708.238095687054,148.6878875204614,359.21792410714284,2305.4280927579366,62.79329631376507,39566.12500992063,147.7467361111111,7679.840427295919,170.51812996031745,359.21792410714284,2305.4280927579366,62.79329631376507,39566.12500992063,147.7467361111111,7679.840427295919,170.51812996031745
2026-02-28 12:00:00+00:00,,,,,,,,373.19752357396754,1491.1657864594913,25.76785302588111,43068.86408414903,117.13393426200514,7163.771270187548,148.07880705082863,359.21792410714284,2305.4280927579366,62.79329631376507,39566.12500992063,147.7467361111111,7679.840427295919,170.51812996031745,359.21792410714284,2305.4280927579366,62.79329631376507,39566.12500992063,147.7467361111111,7679.840427295919,170.51812996031745
2026-02-28 13:00:00+00:00,,,,,,,,364.7779675356725,2167.4637606031674,26.681838048349185,36114.92490980881,115.48292907805751,6884.477461983304,157.48678456808383,359.21792410714284,2305.4280927579366,62.79329631376507,39566.12500992063,147.7467361111111,7679.840427295919,170.51812996031745,359.21792410714284,2305.4280927579366,62.79329631376507,39566.12500992063,147.7467361111111,7679.840427295919,170.51812996031745
2026-02-28 14:00:00+00:00,,,,,,,,359.67155608049694,1990.4960622882513,48.74993096912962,36401.1298322276,116.1245974965569,6776.227610246386,170.42604367170452,359.21792410714284,2305.4280927579366,62.79329631376507,39566.12500992063,147.7467361111111,7679.840427295919,170.51812996031745,359.21792410714284,2305.4280927579366,62.79329631376507,39566.12500992063,147.7467361111111,7679.840427295919,170.51812996031745
2026-02-28 15:00:00+00:00,,,,,,,,368.01574137072623,1954.7722324168124,61.63342596616686,36386.315591405975,127.47277737436019,7272.371390474479,161.08565435467017,359.21792410714284,2305.4280927579366,62.79329631376507,39566.12500992063,147.7467361111111,7679.840427295919,170.51812996031745,359.21792410714284,2305.4280927579366,62.79329631376507,39566.12500992063,147.7467361111111,7679.840427295919,170.51812996031745
2026-02-28 16:00:00+00:00,,,,,,,,362.0078227218665,1569.8846560831296,61.66848334602855,38168.08272969797,140.21089322408753,8030.71717839198,202.2541898231675,359.21792410714284,2305.4280927579366,62.79329631376507,39566.12500992063,147.7467361111111,7679.840427295919,170.51812996031745,359.21792410714284,2305.4280927579366,62.79329631376507,39566.12500992063,147.7467361111111,7679.840427295919,170.51812996031745
2026-02-28 17:00:00+00:00,,,,,,,,377.3220478747196,1508.6513234775348,57.812288236637706,38012.941061252866,153.56265767349578,8524.195165735295,264.68605185705536,359.21792410714284,2305.4280927579366,62.79329631376507,39566.12500992063,147.7467361111111,7679.840427295919,170.51812996031745,359.21792410714284,2305.4280927579366,62.79329631376507,39566.12500992063,147.7467361111111,7679.840427295919,170.51812996031745
2026-02-28 18:00:00+00:00,,,,,,,,364.48906405702945,1522.6261588755726,52.31669651977293,37496.11349997168,153.64766569257822,8517.046947820752,296.702846616575,359.21792410714284,2305.4280927579366,62.79329631376507,39566.12500992063,147.7467361111111,7679.840427295919,170.51812996031745,359.21792410714284,2305.4280927579366,62.79329631376507,39566.12500992063,147.7467361111111,7679.840427295919,170.51812996031745
2026-02-28 19:00:00+00:00,,,,,,,,351.51573040575414,1477.4883924978121,64.00307848977931,42513.72531058152,142.60592445556318,8904.476570886545,282.76160480990825,359.21792410714284,2305.4280927579366,62.79329631376507,39566.12500992063,147.7467361111111,7679.840427295919,170.51812996031745,359.21792410714284,2305.4280927579366,62.79329631376507,39566.12500992063,147.7467361111111,7679.840427295919,170.51812996031745
2026-02-28 20:00:00+00:00,,,,,,,,346.74003996807124,1534.3811860942792,53.6200348056719,45282.4784367533,142.66043018526784,8670.173673622356,270.2402073852544,359.21792410714284,2305.4280927579366,62.79329631376507,39566.12500992063,147.7467361111111,7679.840427295919,170.51812996031745,359.21792410714284,2305.4280927579366,62.79329631376507,39566.12500992063,147.7467361111111,7679.840427295919,170.51812996031745
2026-02-28 21:00:00+00:00,,,,,,,,345.8236453355911,1450.5943121410128,73.94466598014962,45873.7795584377,139.66478885908487,8452.212667724407,232.5688303896131,359.21792410714284,2305.4280927579366,62.79329631376507,39566.12500992063,147.7467361111111,7679.840427295919,170.51812996031745,359.21792410714284,2305.4280927579366,62.79329631376507,39566.12500992063,147.7467361111111,7679.840427295919,170.51812996031745
2026-02-28 22:00:00+00:00,,,,,,,,338.72573101465514,1452.6374933660582,40.156717520079866,47080.4706540748,141.68335778453059,8812.707587611423,234.52293815578042,359.21792410714284,2305.4280927579366,62.79329631376507,39566.12500992063,147.7467361111111,7679.840427295919,170.51812996031745,359.21792410714284,2305.4280927579366,62.79329631376507,39566.12500992063,147.7467361111111,7679.840427295919,170.51812996031745
2026-02-28 23:00:00+00:00,,,,,,,,348.1905971206994,1366.9059854155062,46.35893530991802,47425.45524797028,132.35439036719595,8479.73644524163,187.43076415022713,359.21792410714284,2305.4280927579366,62.79329631376507,39566.12500992063,147.7467361111111,7679.840427295919,170.51812996031745,359.21792410714284,2305.4280927579366,62.79329631376507,39566.12500992063,147.7467361111111,7679.840427295919,170.51812996031745
2026-03-01 00:00:00+00:00,,,,,,,,341.07247703023785,1363.6989011921291,35.999550803610816,45336.832960012856,107.32236628628866,8223.404709538603,134.48401000734464,359.21792410714284,2305.4280927579366,62.79329631376507,39566.12500992063,147.7467361111111,7679.840427295919,170.51812996031745,359.21792410714284,2305.4280927579366,62.79329631376507,39566.12500992063,147.7467361111111,7679.840427295919,170.51812996031745
2026-03-01 01:00:00+00:00,,,,,,,,348.71067065704983,1742.3677858391356,37.79756467552582,46849.81068828626,102.66631857082587,7035.101093518795,121.64351990893113,359.21792410714284,2305.4280927579366,62.79329631376507,39566.12500992063,147.7467361111111,7679.840427295919,170.51812996031745,359.21792410714284,2305.4280927579366,62.79329631376507,39566.12500992063,147.7467361111111,7679.840427295919,170.51812996031745
2026-03-01 02:00:00+00:00,,,,,,,,331.20984573685223,1738.9265393687901,13.39723482490303,48421.6873251441,98.69948153152754,7194.62448359,117.98168358481537,359.21792410714284,2305.4280927579366,62.79329631376507,39566.12500992063,147.7467361111111,7679.840427295919,170.51812996031745,359.21792410714284,2305.4280927579366,62.79329631376507,39566.12500992063,147.7467361111111,7679.840427295919,170.51812996031745
2026-03-01 03:00:00+00:00,,,,,,,,328.57791477344466,2294.686416787731,0.7584358955266666,50140.87637947163,97.71600926453999,6437.039136766614,126.72836172773499,359.21792410714284,2305.4280927579366,62.79329631376507,39566.12500992063,147.7467361111111,7679.840427295919,170.51812996031745,359.21792410714284,2305.4280927579366,62.79329631376507,39566.12500992063,147.7467361111111,7679.840427295919,170.51812996031745
2026-03-01 04:00:00+00:00,,,,,,,,325.91778063022747,1791.1395488337253,-61.65150363740814,49461.05384698575,99.92815812268549,7091.846178027826,104.6693519639444,359.21792410714284,2305.4280927579366,62.79329631376507,39566.12500992063,147.7467361111111,7679.840427295919,170.51812996031745,359.21792410714284,2305.4280927579366,62.79329631376507,39566.12500992063,147.7467361111111,7679.840427295919,170.51812996031745
2026-03-01 05:00:00+00:00,,,,,,,,326.86973432323765,1557.15512433807,-65.11041079146469,49725.44622314497,104.84084787373862,6994.058263611632,108.69487144899762,359.21792410714284,2305.4280927579366,62.79329631376507,39566.12500992063,147.7467361111111,7679.840427295919,170.51812996031745,359.21792410714284,2305.4280927579366,62.79329631376507,39566.12500992063,147.7467361111111,7679.840427295919,170.51812996031745
2026-03-01 06:00:00+00:00,,,,,,,,331.5007378845295,1894.3810138101076,-38.082813680451224,48710.03833725311,113.38690958412977,7503.41833284991,124.59729182116085,359.21792410714284,2305.4280927579366,62.79329631376507,39566.12500992063,147.7467361111111,7679.840427295919,170.51812996031745,359.21792410714284,2305.4280927579366,62.79329631376507,39566.12500992063,147.7467361111111,7679.840427295919,170.51812996031745
2026-03-01 07:00:00+00:00,,,,,,,,330.3561626586474,2450.6823700439063,-17.91651503464209,48748.65585182406,108.77263605284375,5797.444949839672,111.56803923316018,359.21792410714284,2305.4280927579366,62.79329631376507,39566.12500992063,147.7467361111111,7679.840427295919,170.51812996031745,359.21792410714284,2305.4280927579366,62.79329631376507,39566.12500992063,147.7467361111111,7679.840427295919,170.51812996031745
2026-03-01 08:00:00+00:00,,,,,,,,330.8696091785452,1247.5103544789856,-19.98463037915245,50815.24419013238,120.45924376306836,8814.83904992611,106.60057752789812,359.21792410714284,2305.4280927579366,62.79329631376507,39566.12500992063,147.7467361111111,7679.840427295919,170.51812996031745,359.21792410714284,2305.4280927579366,62.79329631376507,39566.12500992063,147.7467361111111,7679.840427295919,170.51812996031745
2026-03-01 09:00:00+00:00,,,,,,,,335.7951339253699,1560.0930122029015,-30.613691581286105,49577.766323790485,118.63099327616088,8738.78492328186,84.936775707084,359.21792410714284,2305.4280927579366,62.79329631376507,39566.12500992063,147.7467361111111,7679.840427295919,170.51812996031745,359.21792410714284,2305.4280927579366,62.79329631376507,39566.12500992063,147.7467361111111,7679.840427295919,170.51812996031745
2026-03-01 10:00:00+00:00,,,,,,,,331.6690737781362,1422.2000509861268,-54.298003943157596,50879.01303828005,115.52439669047061,7145.721730332101,111.98956552415926,359.21792410714284,2305.4280927579366,62.79329631376507,39566.12500992063,147.7467361111111,7679.840427295919,170.51812996031745,359.21792410714284,2305.4280927579366,62.79329631376507,39566.12500992063,147.7467361111111,7679.840427295919,170.51812996031745
2026-03-01 11:00:00+00:00,,,,,,,,335.3523528245104,1368.9473856462562,-8.131978341542819,50757.010659447515,106.31977470224803,5610.949637519964,115.99418060319258,359.21792410714284,2305.4280927579366,62.79329631376507,39566.12500992063,147.7467361111111,7679.840427295919,170.51812996031745,359.21792410714284,2305.4280927579366,62.79329631376507,39566.12500992063,147.7467361111111,7679.840427295919,170.51812996031745
2026-03-01 12:00:00+00:00,,,,,,,,336.0081302731082,1399.4749698135597,38.19312865614555,49236.745272920976,107.32381948402444,4658.404045557528,127.32558396200518,359.21792410714284,2305.4280927579366,62.79329631376507,39566.12500992063,147.7467361111111,7679.840427295919,170.51812996031745,359.21792410714284,2305.4280927579366,62.79329631376507,39566.12500992063,147.7467361111111,7679.840427295919,170.51812996031745
2026-03-01 13:00:00+00:00,,,,,,,,329.3377932774789,1397.529267802955,-10.700844703445298,49350.31470774948,112.89206545648577,4989.599748772123,135.94018732792435,359.21792410714284,2305.4280927579366,62.79329631376507,39566.12500992063,147.7467361111111,7679.840427295919,170.51812996031745,359.21792410714284,2305.4280927579366,62.79329631376507,39566.12500992063,147.7467361111111,7679.840427295919,170.51812996031745
2026-03-01 14:00:00+00:00,,,,,,,,333.4323660237689,1387.403320025148,-7.275605070455455,46907.67719960327,101.98296352199347,4656.272599011298,136.35086524564883,359.21792410714284,2305.4280927579366,62.79329631376507,39566.12500992063,147.7467361111111,7679.840427295919,170.51812996031745,359.21792410714284,2305.4280927579366,62.79329631376507,39566.12500992063,147.7467361111111,7679.840427295919,170.51812996031745
2026-03-01 15:00:00+00:00,,,,,,,,334.43612431248397,1485.4450458919182,34.67137322991387,47203.1324689797,97.84226722367123,4684.381003991793,141.3565031796194,359.21792410714284,2305.4280927579366,62.79329631376507,39566.12500992063,147.7467361111111,7679.840427295919,170.51812996031745,359.21792410714284,2305.4280927579366,62.79329631376507,39566.12500992063,147.7467361111111,7679.840427295919,170.51812996031745
2026-03-01 16:00:00+00:00,,,,,,,,338.8502670523402,1431.7095821038588,20.230766562069803,47274.72442803606,109.17362984664746,6490.08830394437,150.05946476976925,359.21792410714284,2305.4280927579366,62.79329631376507,39566.12500992063,147.7467361111111,7679.840427295919,170.51812996031745,359.21792410714284,2305.4280927579366,62.79329631376507,39566.12500992063,147.7467361111111,7679.840427295919,170.51812996031745
2026-03-01 17:00:00+00:00,,,,,,,,357.2478532062264,1337.3712115745648,25.66552963704823,48371.576081209394,122.23904080658826,8335.937735984431,164.25678297157896,359.21792410714284,2305.4280927579366,62.79329631376507,39566.12500992063,147.7467361111111,7679.840427295919,170.51812996031745,359.21792410714284,2305.4280927579366,62.79329631376507,39566.12500992063,147.7467361111111,7679.840427295919,170.51812996031745
2026-03-01 18:00:00+00:00,,,,,,,,348.83142731609354,1400.2514082581285,-2.9173413067988747,49394.38608837095,125.17249134648699,8729.855486641958,181.04243639180206,359.21792410714284,2305.4280927579366,62.79329631376507,39566.12500992063,147.7467361111111,7679.840427295919,170.51812996031745,359.21792410714284,2305.4280927579366,62.79329631376507,39566.12500992063,147.7467361111111,7679.840427295919,170.51812996031745
2026-03-01 19:00:00+00:00,,,,,,,,353.64948924135206,1321.8295430782646,-24.116715857206543,48564.402486110856,118.20558026936831,8748.265352619275,176.29071785673,359.21792410714284,2305.4280927579366,62.79329631376507,39566.12500992063,147.7467361111111,7679.840427295919,170.51812996031745,359.21792410714284,2305.4280927579366,62.79329631376507,39566.12500992063,147.7467361111111,7679.840427295919,170.51812996031745
2026-03-01 20:00:00+00:00,,,,,,,,341.85647027548754,1329.5160160240005,-33.50135667125757,48226.105550622175,116.8370325070652,8640.382434202853,158.6968089065595,359.21792410714284,2305.4280927579366,62.79329631376507,39566.12500992063,147.7467361111111,7679.840427295919,170.51812996031745,359.21792410714284,2305.4280927579366,62.79329631376507,39566.12500992063,147.7467361111111,7679.840427295919,170.51812996031745
2026-03-01 21:00:00+00:00,,,,,,,,332.4199600698293,1273.1776526509827,-25.329409156789126,48728.69695317786,109.1211041133787,8532.736530040667,154.7685031476536,359.21792410714284,2305.4280927579366,62.79329631376507,39566.12500992063,147.7467361111111,7679.840427295919,170.51812996031745,359.21792410714284,2305.4280927579366,62.79329631376507,39566.12500992063,147.7467361111111,7679.840427295919,170.51812996031745
2026-03-01 22:00:00+00:00,,,,,,,,332.47916228009825,1306.2235108680557,-27.433883876522046,47666.672510453594,110.70355208112846,8577.926442949816,132.6259044194779,359.21792410714284,2305.4280927579366,62.79329631376507,39566.12500992063,147.7467361111111,7679.840427295919,170.51812996031745,359.21792410714284,2305.4280927579366,62.79329631376507,39566.12500992063,147.7467361111111,7679.840427295919,170.51812996031745
2026-03-01 23:00:00+00:00,,,,,,,,332.35149151940385,1292.1988361767058,-19.124523784538837,47608.21350880166,114.03360471239404,8503.16304730524,126.72101280031572,359.21792410714284,2305.4280927579366,62.79329631376507,39566.12500992063,147.7467361111111,7679.840427295919,170.51812996031745,359.21792410714284,2305.4280927579366,62.79329631376507,39566.12500992063,147.7467361111111,7679.840427295919,170.51812996031745
2026-03-02 00:00:00+00:00,,,,,,,,332.2272630484431,1435.4926059881004,17.82869883766388,45479.60932527899,113.68640660973688,7104.580332597103,113.49995241952831,359.21792410714284,2305.4280927579366,62.79329631376507,39566.12500992063,147.7467361111111,7679.840427295919,170.51812996031745,359.21792410714284,2305.4280927579366,62.79329631376507,39566.12500992063,147.7467361111111,7679.840427295919,170.51812996031745
2026-03-02 01:00:00+00:00,,,,,,,,326.7725898556929,1462.4229328813171,37.31337246596916,45768.99825724574,111.80636706025186,6759.633017633763,111.00341073819003,359.21792410714284,2305.4280927579366,62.79329631376507,39566.12500992063,147.7467361111111,7679.840427295919,170.51812996031745,359.21792410714284,2305.4280927579366,62.79329631376507,39566.12500992063,147.7467361111111,7679.840427295919,170.51812996031745
2026-03-02 02:00:00+00:00,,,,,,,,326.9787758732724,1222.5165498766603,100.71245257246918,45590.14203146291,109.7751864881796,6775.126910856971,97.13596645074674,359.21792410714284,2305.4280927579366,62.79329631376507,39566.12500992063,147.7467361111111,7679.840427295919,170.51812996031745,359.21792410714284,2305.4280927579366,62.79329631376507,39566.12500992063,147.7467361111111,7679.840427295919,170.51812996031745
2026-03-02 03:00:00+00:00,,,,,,,,324.33251393547505,1532.2895039966452,57.09978246055095,45882.88052658997,114.18174064194143,6867.971862953144,87.32204350204013,359.21792410714284,2305.4280927579366,62.79329631376507,39566.12500992063,147.7467361111111,7679.840427295919,170.51812996031745,359.21792410714284,2305.4280927579366,62.79329631376507,39566.12500992063,147.7467361111111,7679.840427295919,170.51812996031745
2026-03-02 04:00:00+00:00,,,,,,,,328.89466105254155,1830.593611616772,49.49052639137584,46219.22827064563,118.31422976743102,7598.644484254987,89.1624054130918,359.21792410714284,2305.4280927579366,62.79329631376507,39566.12500992063,147.7467361111111,7679.840427295919,170.51812996031745,359.21792410714284,2305.4280927579366,62.79329631376507,39566.12500992063,147.7467361111111,7679.840427295919,170.51812996031745
2026-03-02 05:00:00+00:00,,,,,,,,334.0040093487832,1334.4204986090463,42.20153977366493,47569.353167990324,133.2370235812089,9266.158135949316,89.80588367588983,359.21792410714284,2305.4280927579366,62.79329631376507,39566.12500992063,147.7467361111111,7679.840427295919,170.51812996031745,359.21792410714284,2305.4280927579366,62.79329631376507,39566.12500992063,147.7467361111111,7679.840427295919,170.51812996031745
2026-03-02 06:00:00+00:00,,,,,,,,329.4098257452328,1993.8901033178902,52.57999787230111,48841.459435326535,134.65181130590028,10935.479827777413,150.5713560017766,359.21792410714284,2305.4280927579366,62.79329631376507,39566.12500992063,147.7467361111111,7679.840427295919,170.51812996031745,359.21792410714284,2305.4280927579366,62.79329631376507,39566.12500992063,147.7467361111111,7679.840427295919,170.51812996031745
2026-03-02 07:00:00+00:00,,,,,,,,335.644056054891,1793.403294462304,69.4767592180591,48528.510442191735,147.9975360052874,11106.224827379192,168.92438572554082,359.21792410714284,2305.4280927579366,62.79329631376507,39566.12500992063,147.7467361111111,7679.840427295919,170.51812996031745,359.21792410714284,2305.4280927579366,62.79329631376507,39566.12500992063,147.7467361111111,7679.840427295919,170.51812996031745
2026-03-02 08:00:00+00:00,,,,,,,,329.5579822909742,2088.0571690357974,-53.163480882042776,49865.56498249133,143.94263170177354,11070.649779486661,137.15240596960984,359.21792410714284,2305.4280927579366,62.79329631376507,39566.12500992063,147.7467361111111,7679.840427295919,170.51812996031745,359.21792410714284,2305.4280927579366,62.79329631376507,39566.12500992063,147.7467361111111,7679.840427295919,170.51812996031745
2026-03-02 09:00:00+00:00,,,,,,,,332.43537410908385,1750.4241752618002,-93.77417337436026,49943.47520018887,129.03046789386934,10036.554905711693,129.27143081557526,359.21792410714284,2305.4280927579366,62.79329631376507,39566.12500992063,147.7467361111111,7679.840427295919,170.51812996031745,359.21792410714284,2305.4280927579366,62.79329631376507,39566.12500992063,147.7467361111111,7679.840427295919,170.51812996031745
2026-03-02 10:00:00+00:00,,,,,,,,325.7868035191667,2520.767641971632,-62.07298573977708,52570.520356620764,101.78252653110455,8798.098645372731,124.0819333734988,359.21792410714284,2305.4280927579366,62.79329631376507,39566.12500992063,147.7467361111111,7679.840427295919,170.51812996031745,359.21792410714284,2305.4280927579366,62.79329631376507,39566.12500992063,147.7467361111111,7679.840427295919,170.51812996031745
2026-03-02 11:00:00+00:00,,,,,,,,326.91110577848923,2139.272376693059,-37.864337932811296,51481.014480980404,93.89339147690401,7289.658904227207,119.82808874371565,359.21792410714284,2305.4280927579366,62.79329631376507,39566.12500992063,147.7467361111111,7679.840427295919,170.51812996031745,359.21792410714284,2305.4280927579366,62.79329631376507,39566.12500992063,147.7467361111111,7679.840427295919,170.51812996031745
2026-03-02 12:00:00+00:00,,,,,,,,328.1393395561911,2276.704196361043,-2.6120429046111724,49609.57659642119,92.4858568398632,6959.690203961631,128.38808434327515,359.21792410714284,2305.4280927579366,62.79329631376507,39566.12500992063,147.7467361111111,7679.840427295919,170.51812996031745,359.21792410714284,2305.4280927579366,62.79329631376507,39566.12500992063,147.7467361111111,7679.840427295919,170.51812996031745
2026-03-02 13:00:00+00:00,,,,,,,,333.32897403066886,1584.8128444554245,-2.818383197646412,46465.26767656564,94.53521301856087,5959.855422886313,124.57592865648547,359.21792410714284,2305.4280927579366,62.79329631376507,39566.12500992063,147.7467361111111,7679.840427295919,170.51812996031745,359.21792410714284,2305.4280927579366,62.79329631376507,39566.12500992063,147.7467361111111,7679.840427295919,170.51812996031745
2026-03-02 14:00:00+00:00,,,,,,,,339.56065125494285,2011.7804646157185,23.76179799419439,45753.60460426077,96.74376325922783,6400.065843955562,161.35320322204382,359.21792410714284,2305.4280927579366,62.79329631376507,39566.12500992063,147.7467361111111,7679.840427295919,170.51812996031745,359.21792410714284,2305.4280927579366,62.79329631376507,39566.12500992063,147.7467361111111,7679.840427295919,170.51812996031745
2026-03-02 15:00:00+00:00,,,,,,,,341.4562388284384,1799.729211950976,17.48035123095353,43390.08441702378,96.63029736104971,7349.0616688089685,160.26921567332724,359.21792410714284,2305.4280927579366,62.79329631376507,39566.12500992063,147.7467361111111,7679.840427295919,170.51812996031745,359.21792410714284,2305.4280927579366,62.79329631376507,39566.12500992063,147.7467361111111,7679.840427295919,170.51812996031745
2026-03-02 16:00:00+00:00,,,,,,,,353.0017467241744,1809.539611696438,25.728481904082088,44968.20847757855,113.15962467699788,7954.19577973543,220.28302187499142,359.21792410714284,2305.4280927579366,62.79329631376507,39566.12500992063,147.7467361111111,7679.840427295919,170.51812996031745,359.21792410714284,2305.4280927579366,62.79329631376507,39566.12500992063,147.7467361111111,7679.840427295919,170.51812996031745
2026-03-02 17:00:00+00:00,,,,,,,,363.82583877735897,1871.6242421056481,31.44390276345784,46085.36447307422,139.35105291349083,8591.899238575383,283.40020711763566,359.21792410714284,2305.4280927579366,62.79329631376507,39566.12500992063,147.7467361111111,7679.840427295919,170.51812996031745,359.21792410714284,2305.4280927579366,62.79329631376507,39566.12500992063,147.7467361111111,7679.840427295919,170.51812996031745
2026-03-02 18:00:00+00:00,,,,,,,,370.4034326839819,2425.0308557868716,84.95142768764826,42970.782320597405,179.2204406382471,9037.959049459454,321.8700996822787,359.21792410714284,2305.4280927579366,62.79329631376507,39566.12500992063,147.7467361111111,7679.840427295919,170.51812996031745,359.21792410714284,2305.4280927579366,62.79329631376507,39566.12500992063,147.7467361111111,7679.840427295919,170.51812996031745
2026-03-02 19:00:00+00:00,,,,,,,,368.7978445726605,2302.81476614319,31.585457450767663,43522.41201242973,175.47099587100968,9234.409008481525,313.3587658706218,359.21792410714284,2305.4280927579366,62.79329631376507,39566.12500992063,147.7467361111111,7679.840427295919,170.51812996031745,359.21792410714284,2305.4280927579366,62.79329631376507,39566.12500992063,147.7467361111111,7679.840427295919,170.51812996031745
2026-03-02 20:00:00+00:00,,,,,,,,355.92198616269917,1916.4492702411771,15.732896117771737,42084.121753062296,162.5659637195295,8817.661527425209,285.06730842412094,359.21792410714284,2305.4280927579366,62.79329631376507,39566.12500992063,147.7467361111111,7679.840427295919,170.51812996031745,359.21792410714284,2305.4280927579366,62.79329631376507,39566.12500992063,147.7467361111111,7679.840427295919,170.51812996031745
2026-03-02 21:00:00+00:00,,,,,,,,349.37409745036996,1814.145747865639,14.04464703693882,43810.48488184418,167.5989460619486,8812.048638126424,250.92885819701462,359.21792410714284,2305.4280927579366,62.79329631376507,39566.12500992063,147.7467361111111,7679.840427295919,170.51812996031745,359.21792410714284,2305.4280927579366,62.79329631376507,39566.12500992063,147.7467361111111,7679.840427295919,170.51812996031745
2026-03-02 22:00:00+00:00,,,,,,,,348.8839743752406,1798.0543790064035,10.590178293511357,41902.82212013533,169.31110335597646,8791.311458052553,207.4198458951539,359.21792410714284,2305.4280927579366,62.79329631376507,39566.12500992063,147.7467361111111,7679.840427295919,170.51812996031745,359.21792410714284,2305.4280927579366,62.79329631376507,39566.12500992063,147.7467361111111,7679.840427295919,170.51812996031745
2026-03-02 23:00:00+00:00,,,,,,,,343.24716740748926,2009.766682473114,67.44278386937616,42458.41880970269,143.19944087561439,7965.047775197296,187.60238117360768,359.21792410714284,2305.4280927579366,62.79329631376507,39566.12500992063,147.7467361111111,7679.840427295919,170.51812996031745,359.21792410714284,2305.4280927579366,62.79329631376507,39566.12500992063,147.7467361111111,7679.840427295919,170.51812996031745
2026-03-03 00:00:00+00:00,,,,,,,,350.14360307205436,2141.5792756708447,31.43399010797316,44348.22821253545,140.7343922626969,8178.103089528224,159.08917401667392,359.21792410714284,2305.4280927579366,62.79329631376507,39566.12500992063,147.7467361111111,7679.840427295919,170.51812996031745,359.21792410714284,2305.4280927579366,62.79329631376507,39566.12500992063,147.7467361111111,7679.840427295919,170.51812996031745
2026-03-03 01:00:00+00:00,,,,,,,,342.60828807267603,1969.7883776003696,85.29139723460389,43271.6081367719,127.32470005895264,8097.644065851879,151.9479994421692,359.21792410714284,2305.4280927579366,62.79329631376507,39566.12500992063,147.7467361111111,7679.840427295919,170.51812996031745,359.21792410714284,2305.4280927579366,62.79329631376507,39566.12500992063,147.7467361111111,7679.840427295919,170.51812996031745
2026-03-03 02:00:00+00:00,,,,,,,,339.41654788328464,2264.308649274012,29.381052969184978,44944.70396267167,126.80940053482404,8340.098612984697,141.55665654633464,359.21792410714284,2305.4280927579366,62.79329631376507,39566.12500992063,147.7467361111111,7679.840427295919,170.51812996031745,359.21792410714284,2305.4280927579366,62.79329631376507,39566.12500992063,147.7467361111111,7679.840427295919,170.51812996031745
2026-03-03 03:00:00+00:00,,,,,,,,343.18001991762236,2410.688205821673,56.80966041065851,45617.836934567546,128.5433303852996,8596.306367215115,154.9146287512242,359.21792410714284,2305.4280927579366,62.79329631376507,39566.12500992063,147.7467361111111,7679.840427295919,170.51812996031745,359.21792410714284,2305.4280927579366,62.79329631376507,39566.12500992063,147.7467361111111,7679.840427295919,170.51812996031745
2026-03-03 04:00:00+00:00,,,,,,,,341.17878481399646,2288.530046068076,64.244170352749,47667.16444878755,141.85938169625985,9351.86927756578,162.02891650936024,359.21792410714284,2305.4280927579366,62.79329631376507,39566.12500992063,147.7467361111111,7679.840427295919,170.51812996031745,359.21792410714284,2305.4280927579366,62.79329631376507,39566.12500992063,147.7467361111111,7679.840427295919,170.51812996031745
2026-03-03 05:00:00+00:00,,,,,,,,341.15461674224275,2336.281051428508,31.876931245060227,47467.26659663627,174.4779274601048,10057.143671303986,191.35097397771338,359.21792410714284,2305.4280927579366,62.79329631376507,39566.12500992063,147.7467361111111,7679.840427295919,170.51812996031745,359.21792410714284,2305.4280927579366,62.79329631376507,39566.12500992063,147.7467361111111,7679.840427295919,170.51812996031745
2026-03-03 06:00:00+00:00,,,,,,,,345.96797308747784,3972.8739941512576,39.36606217277853,49159.69875118857,227.29356909938417,10938.546682978258,270.6604660235652,359.21792410714284,2305.4280927579366,62.79329631376507,39566.12500992063,147.7467361111111,7679.840427295919,170.51812996031745,359.21792410714284,2305.4280927579366,62.79329631376507,39566.12500992063,147.7467361111111,7679.840427295919,170.51812996031745
2026-03-03 07:00:00+00:00,,,,,,,,345.8782632728119,3052.297443296733,12.98962010525576,47174.48397618983,232.77231944845528,11046.596656200834,298.38176997853486,359.21792410714284,2305.4280927579366,62.79329631376507,39566.12500992063,147.7467361111111,7679.840427295919,170.51812996031745,359.21792410714284,2305.4280927579366,62.79329631376507,39566.12500992063,147.7467361111111,7679.840427295919,170.51812996031745
2026-03-03 08:00:00+00:00,,,,,,,,349.88902413754744,3521.1288727198953,13.540930947496506,46577.9195067411,240.69564405358454,10835.734609880896,249.13963597483337,359.21792410714284,2305.4280927579366,62.79329631376507,39566.12500992063,147.7467361111111,7679.840427295919,170.51812996031745,359.21792410714284,2305.4280927579366,62.79329631376507,39566.12500992063,147.7467361111111,7679.840427295919,170.51812996031745
2026-03-03 09:00:00+00:00,,,,,,,,368.32230955585237,2179.9768626411005,31.652069132962755,45771.810007640954,194.256767692916,10320.936796817434,185.12728143289712,359.21792410714284,2305.4280927579366,62.79329631376507,39566.12500992063,147.7467361111111,7679.840427295919,170.51812996031745,359.21792410714284,2305.4280927579366,62.79329631376507,39566.12500992063,147.7467361111111,7679.840427295919,170.51812996031745
2026-03-03 10:00:00+00:00,,,,,,,,353.2967892924995,2938.7132268773184,-27.664942780948422,48894.31230782597,148.99069883215756,10238.158973191334,181.88601981223997,359.21792410714284,2305.4280927579366,62.79329631376507,39566.12500992063,147.7467361111111,7679.840427295919,170.51812996031745,359.21792410714284,2305.4280927579366,62.79329631376507,39566.12500992063,147.7467361111111,7679.840427295919,170.51812996031745
2026-03-03 11:00:00+00:00,,,,,,,,350.4494954366857,1728.3190603437147,35.37957723851711,46429.79920568406,116.77798471816665,8714.205262269315,190.08028262770452,359.21792410714284,2305.4280927579366,62.79329631376507,39566.12500992063,147.7467361111111,7679.840427295919,170.51812996031745,359.21792410714284,2305.4280927579366,62.79329631376507,39566.12500992063,147.7467361111111,7679.840427295919,170.51812996031745
2026-03-03 12:00:00+00:00,,,,,,,,357.00570478932366,1585.8751261878954,35.63061627157062,42992.18960897937,107.88449840656313,8306.825340910727,183.54758272914947,359.21792410714284,2305.4280927579366,62.79329631376507,39566.12500992063,147.7467361111111,7679.840427295919,170.51812996031745,359.21792410714284,2305.4280927579366,62.79329631376507,39566.12500992063,147.7467361111111,7679.840427295919,170.51812996031745
2026-03-03 13:00:00+00:00,,,,,,,,353.99779673638966,1619.1797964888829,44.270533637988514,41891.24921418919,114.23413613013497,7761.305494914342,173.7223078608783,359.21792410714284,2305.4280927579366,62.79329631376507,39566.12500992063,147.7467361111111,7679.840427295919,170.51812996031745,359.21792410714284,2305.4280927579366,62.79329631376507,39566.12500992063,147.7467361111111,7679.840427295919,170.51812996031745
2026-03-03 14:00:00+00:00,,,,,,,,344.5835555480772,1730.765775630081,43.051687585164686,39920.79362767219,101.79571678382803,7245.797385588339,182.6849581315114,359.21792410714284,2305.4280927579366,62.79329631376507,39566.12500992063,147.7467361111111,7679.840427295919,170.51812996031745,359.21792410714284,2305.4280927579366,62.79329631376507,39566.12500992063,147.7467361111111,7679.840427295919,170.51812996031745
2026-03-03 15:00:00+00:00,,,,,,,,342.84519100902486,1866.349293876496,68.01961255278425,42156.12595713484,104.97211044713112,7714.003093242045,173.06109396559117,359.21792410714284,2305.4280927579366,62.79329631376507,39566.12500992063,147.7467361111111,7679.840427295919,170.51812996031745,359.21792410714284,2305.4280927579366,62.79329631376507,39566.12500992063,147.7467361111111,7679.840427295919,170.51812996031745
2026-03-03 16:00:00+00:00,,,,,,,,338.053355599485,1852.4409150860351,77.43448882025491,40050.64161635702,118.79367216109446,8063.04890231536,248.82096521065904,359.21792410714284,2305.4280927579366,62.79329631376507,39566.12500992063,147.7467361111111,7679.840427295919,170.51812996031745,359.21792410714284,2305.4280927579366,62.79329631376507,39566.12500992063,147.7467361111111,7679.840427295919,170.51812996031745
2026-03-03 17:00:00+00:00,,,,,,,,377.41906213932674,2108.208330330689,22.00752873097865,45949.6925723248,178.0433275209051,8303.76998257495,307.97544102407824,359.21792410714284,2305.4280927579366,62.79329631376507,39566.12500992063,147.7467361111111,7679.840427295919,170.51812996031745,359.21792410714284,2305.4280927579366,62.79329631376507,39566.12500992063,147.7467361111111,7679.840427295919,170.51812996031745
2026-03-03 18:00:00+00:00,,,,,,,,366.24951496544315,2835.739767332639,26.41826433866794,42301.449727425315,192.49390773073407,9171.450944139175,322.1120794886273,359.21792410714284,2305.4280927579366,62.79329631376507,39566.12500992063,147.7467361111111,7679.840427295919,170.51812996031745,359.21792410714284,2305.4280927579366,62.79329631376507,39566.12500992063,147.7467361111111,7679.840427295919,170.51812996031745
2026-03-03 19:00:00+00:00,,,,,,,,370.6447038768749,2357.154121164307,42.53434588661407,44991.75859016582,151.00684848826054,8866.066806543648,299.5783562442681,359.21792410714284,2305.4280927579366,62.79329631376507,39566.12500992063,147.7467361111111,7679.840427295919,170.51812996031745,359.21792410714284,2305.4280927579366,62.79329631376507,39566.12500992063,147.7467361111111,7679.840427295919,170.51812996031745
2026-03-03 20:00:00+00:00,,,,,,,,342.8971614993229,2107.2879907260913,27.200789082771777,44837.7285331859,154.59145856334183,9332.099125651934,275.8259764816134,359.21792410714284,2305.4280927579366,62.79329631376507,39566.12500992063,147.7467361111111,7679.840427295919,170.51812996031745,359.21792410714284,2305.4280927579366,62.79329631376507,39566.12500992063,147.7467361111111,7679.840427295919,170.51812996031745
2026-03-03 21:00:00+00:00,,,,,,,,355.9669763104149,2168.1572152397275,33.485320561584885,45489.6669905915,157.69876233000286,9443.41684974345,251.20295546108827,359.21792410714284,2305.4280927579366,62.79329631376507,39566.12500992063,147.7467361111111,7679.840427295919,170.51812996031745,359.21792410714284,2305.4280927579366,62.79329631376507,39566.12500992063,147.7467361111111,7679.840427295919,170.51812996031745
2026-03-03 22:00:00+00:00,,,,,,,,349.3586524808743,1793.5232390802908,39.362474677006205,43868.02007160653,137.31442412754728,9151.61773781357,220.5640344463132,359.21792410714284,2305.4280927579366,62.79329631376507,39566.12500992063,147.7467361111111,7679.840427295919,170.51812996031745,359.21792410714284,2305.4280927579366,62.79329631376507,39566.12500992063,147.7467361111111,7679.840427295919,170.51812996031745
2026-03-03 23:00:00+00:00,,,,,,,,339.5769580252955,2161.208775220565,28.987274341299077,42326.57550232972,132.3537576325229,8264.84493546659,192.87586749518607,359.21792410714284,2305.4280927579366,62.79329631376507,39566.12500992063,147.7467361111111,7679.840427295919,170.51812996031745,359.21792410714284,2305.4280927579366,62.79329631376507,39566.12500992063,147.7467361111111,7679.840427295919,170.51812996031745
2026-03-04 00:00:00+00:00,,,,,,,,340.3214713372078,2000.4523577236284,35.898084388007774,43337.782635216616,120.01331000994512,8510.004555132373,165.12027592045703,359.21792410714284,2305.4280927579366,62.79329631376507,39566.12500992063,147.7467361111111,7679.840427295919,170.51812996031745,359.21792410714284,2305.4280927579366,62.79329631376507,39566.12500992063,147.7467361111111,7679.840427295919,170.51812996031745
2026-03-04 01:00:00+00:00,,,,,,,,349.22018778939645,1992.125937409876,78.4777407866664,42432.5371083197,108.08965334296775,8182.926788008096,176.7502603792152,359.21792410714284,2305.4280927579366,62.79329631376507,39566.12500992063,147.7467361111111,7679.840427295919,170.51812996031745,359.21792410714284,2305.4280927579366,62.79329631376507,39566.12500992063,147.7467361111111,7679.840427295919,170.51812996031745
2026-03-04 02:00:00+00:00,,,,,,,,339.5697322546488,2022.5071294154764,59.61044497167301,44982.29789386986,115.45625904792203,8259.789989477104,181.9536385409584,359.21792410714284,2305.4280927579366,62.79329631376507,39566.12500992063,147.7467361111111,7679.840427295919,170.51812996031745,359.21792410714284,2305.4280927579366,62.79329631376507,39566.12500992063,147.7467361111111,7679.840427295919,170.51812996031745
2026-03-04 03:00:00+00:00,,,,,,,,340.55159713398575,2141.9414368022817,64.56534198832709,45712.751403244445,116.53483002815604,8336.786729860663,187.10288795918382,359.21792410714284,2305.4280927579366,62.79329631376507,39566.12500992063,147.7467361111111,7679.840427295919,170.51812996031745,359.21792410714284,2305.4280927579366,62.79329631376507,39566.12500992063,147.7467361111111,7679.840427295919,170.51812996031745
2026-03-04 04:00:00+00:00,,,,,,,,347.1905054205294,2687.1785340770343,49.440221159291745,44884.661632050134,130.00994144598673,8790.960308160546,194.36556163192728,359.21792410714284,2305.4280927579366,62.79329631376507,39566.12500992063,147.7467361111111,7679.840427295919,170.51812996031745,359.21792410714284,2305.4280927579366,62.79329631376507,39566.12500992063,147.7467361111111,7679.840427295919,170.51812996031745
2026-03-04 05:00:00+00:00,,,,,,,,345.96320952448264,2836.6979398650647,62.331761327406134,45612.671452847724,159.10323664267747,10287.716471403619,203.13341401721618,359.21792410714284,2305.4280927579366,62.79329631376507,39566.12500992063,147.7467361111111,7679.840427295919,170.51812996031745,359.21792410714284,2305.4280927579366,62.79329631376507,39566.12500992063,147.7467361111111,7679.840427295919,170.51812996031745
2026-03-04 06:00:00+00:00,,,,,,,,350.3655989875135,3639.385545209908,55.098134655945756,42301.87483177436,201.76719303187593,10473.032089414519,288.4593566159008,359.21792410714284,2305.4280927579366,62.79329631376507,39566.12500992063,147.7467361111111,7679.840427295919,170.51812996031745,359.21792410714284,2305.4280927579366,62.79329631376507,39566.12500992063,147.7467361111111,7679.840427295919,170.51812996031745
2026-03-04 07:00:00+00:00,,,,,,,,348.07942886393494,3863.576663202204,70.1222081437125,41140.31437595573,222.7910547729971,10561.085543443747,303.32809456520454,359.21792410714284,2305.4280927579366,62.79329631376507,39566.12500992063,147.7467361111111,7679.840427295919,170.51812996031745,359.21792410714284,2305.4280927579366,62.79329631376507,39566.12500992063,147.7467361111111,7679.840427295919,170.51812996031745
2026-03-04 08:00:00+00:00,,,,,,,,344.56568695973573,2627.8115352201303,38.93131183572962,44301.502420606885,192.65611920158358,10646.78025019316,243.03413448475374,359.21792410714284,2305.4280927579366,62.79329631376507,39566.12500992063,147.7467361111111,7679.840427295919,170.51812996031745,359.21792410714284,2305.4280927579366,62.79329631376507,39566.12500992063,147.7467361111111,7679.840427295919,170.51812996031745
2026-03-04 09:00:00+00:00,,,,,,,,351.0561050104542,2561.1487259933333,38.4552845482941,44429.16289497886,170.83370338898942,10433.132868488521,202.86384829660958,359.21792410714284,2305.4280927579366,62.79329631376507,39566.12500992063,147.7467361111111,7679.840427295919,170.51812996031745,359.21792410714284,2305.4280927579366,62.79329631376507,39566.12500992063,147.7467361111111,7679.840427295919,170.51812996031745
2026-03-04 10:00:00+00:00,,,,,,,,347.2055436330399,3097.135677170867,-17.621417531276578,44630.30132912593,140.26740568196354,9849.765224398843,194.15263072133433,359.21792410714284,2305.4280927579366,62.79329631376507,39566.12500992063,147.7467361111111,7679.840427295919,170.51812996031745,359.21792410714284,2305.4280927579366,62.79329631376507,39566.12500992063,147.7467361111111,7679.840427295919,170.51812996031745
2026-03-04 11:00:00+00:00,,,,,,,,340.4275752943501,2635.417079464676,-14.690937947876506,45736.91760623294,115.64586410401728,8628.35889556064,194.61202895359253,359.21792410714284,2305.4280927579366,62.79329631376507,39566.12500992063,147.7467361111111,7679.840427295919,170.51812996031745,359.21792410714284,2305.4280927579366,62.79329631376507,39566.12500992063,147.7467361111111,7679.840427295919,170.51812996031745
2026-03-04 12:00:00+00:00,,,,,,,,337.93534548127667,1898.608508943054,7.318522447917459,43662.18530762535,111.2311794588573,8084.409212028557,187.7643006250686,359.21792410714284,2305.4280927579366,62.79329631376507,39566.12500992063,147.7467361111111,7679.840427295919,170.51812996031745,359.21792410714284,2305.4280927579366,62.79329631376507,39566.12500992063,147.7467361111111,7679.840427295919,170.51812996031745
2026-03-04 13:00:00+00:00,,,,,,,,340.4107528095921,1945.970968801412,18.330901275238084,44073.47451364295,109.48311566319279,8000.3312932852195,190.5437223463714,359.21792410714284,2305.4280927579366,62.79329631376507,39566.12500992063,147.7467361111111,7679.840427295919,170.51812996031745,359.21792410714284,2305.4280927579366,62.79329631376507,39566.12500992063,147.7467361111111,7679.840427295919,170.51812996031745
2026-03-04 14:00:00+00:00,,,,,,,,338.3124275947785,2542.2444269462694,37.52709797522088,43095.14948464911,98.28147039653308,6832.661513848545,168.0787317897335,359.21792410714284,2305.4280927579366,62.79329631376507,39566.12500992063,147.7467361111111,7679.840427295919,170.51812996031745,359.21792410714284,2305.4280927579366,62.79329631376507,39566.12500992063,147.7467361111111,7679.840427295919,170.51812996031745
2026-03-04 15:00:00+00:00,,,,,,,,338.7849892609447,2213.040850088833,56.66966253870339,42874.1124754419,105.98090858562722,6825.211005052454,162.9796831275669,359.21792410714284,2305.4280927579366,62.79329631376507,39566.12500992063,147.7467361111111,7679.840427295919,170.51812996031745,359.21792410714284,2305.4280927579366,62.79329631376507,39566.12500992063,147.7467361111111,7679.840427295919,170.51812996031745
2026-03-04 16:00:00+00:00,,,,,,,,342.92399013383874,2480.385226729027,48.775193096930664,42260.69912445655,113.51257601068409,7807.325808878803,233.19497412454893,359.21792410714284,2305.4280927579366,62.79329631376507,39566.12500992063,147.7467361111111,7679.840427295919,170.51812996031745,359.21792410714284,2305.4280927579366,62.79329631376507,39566.12500992063,147.7467361111111,7679.840427295919,170.51812996031745
2026-03-04 17:00:00+00:00,,,,,,,,360.6252989977934,2361.8483040572587,30.491219765730797,43377.79967818625,127.20559127019123,8217.312834188388,290.18447396076607,359.21792410714284,2305.4280927579366,62.79329631376507,39566.12500992063,147.7467361111111,7679.840427295919,170.51812996031745,359.21792410714284,2305.4280927579366,62.79329631376507,39566.12500992063,147.7467361111111,7679.840427295919,170.51812996031745
2026-03-04 18:00:00+00:00,,,,,,,,357.3275341417574,3041.0595819057303,29.834926970646208,42170.9431113239,141.5783771999246,8784.54158261917,300.0137815853575,359.21792410714284,2305.4280927579366,62.79329631376507,39566.12500992063,147.7467361111111,7679.840427295919,170.51812996031745,359.21792410714284,2305.4280927579366,62.79329631376507,39566.12500992063,147.7467361111111,7679.840427295919,170.51812996031745
2026-03-04 19:00:00+00:00,,,,,,,,353.5039922585897,2950.6947706904066,29.252394486169557,42976.96550258951,132.4276905376376,8828.946944383366,302.5047508325597,359.21792410714284,2305.4280927579366,62.79329631376507,39566.12500992063,147.7467361111111,7679.840427295919,170.51812996031745,359.21792410714284,2305.4280927579366,62.79329631376507,39566.12500992063,147.7467361111111,7679.840427295919,170.51812996031745
2026-03-04 20:00:00+00:00,,,,,,,,351.849755743327,2849.634603626967,43.38833187199013,41459.06775919709,135.2506605243403,9097.94039631822,300.49890060148834,359.21792410714284,2305.4280927579366,62.79329631376507,39566.12500992063,147.7467361111111,7679.840427295919,170.51812996031745,359.21792410714284,2305.4280927579366,62.79329631376507,39566.12500992063,147.7467361111111,7679.840427295919,170.51812996031745
2026-03-04 21:00:00+00:00,,,,,,,,352.0152782601351,2007.135368271684,41.361785404983905,40865.58040552063,139.71748229389922,9108.641996567489,242.3572093635496,359.21792410714284,2305.4280927579366,62.79329631376507,39566.12500992063,147.7467361111111,7679.840427295919,170.51812996031745,359.21792410714284,2305.4280927579366,62.79329631376507,39566.12500992063,147.7467361111111,7679.840427295919,170.51812996031745
2026-03-04 22:00:00+00:00,,,,,,,,339.8155870152309,1961.8975670307311,46.40656038834656,42463.32116144624,141.7457349698132,8847.716915318928,207.55942240988082,359.21792410714284,2305.4280927579366,62.79329631376507,39566.12500992063,147.7467361111111,7679.840427295919,170.51812996031745,359.21792410714284,2305.4280927579366,62.79329631376507,39566.12500992063,147.7467361111111,7679.840427295919,170.51812996031745
2026-03-04 23:00:00+00:00,,,,,,,,337.25203903846324,1655.561984114814,55.314862879577,43259.20867304001,111.96016940729027,8242.338984852144,179.49763366418404,359.21792410714284,2305.4280927579366,62.79329631376507,39566.12500992063,147.7467361111111,7679.840427295919,170.51812996031745,359.21792410714284,2305.4280927579366,62.79329631376507,39566.12500992063,147.7467361111111,7679.840427295919,170.51812996031745
2026-03-05 00:00:00+00:00,,,,,,,,329.85975682220516,2184.7633065927826,55.35387468394421,44136.40600480414,112.89992896377474,7711.077843011248,151.2447175818217,359.21792410714284,2305.4280927579366,62.79329631376507,39566.12500992063,147.7467361111111,7679.840427295919,170.51812996031745,359.21792410714284,2305.4280927579366,62.79329631376507,39566.12500992063,147.7467361111111,7679.840427295919,170.51812996031745
2026-03-05 01:00:00+00:00,,,,,,,,335.62225147129186,2206.588131010245,14.03392819544316,43828.739991360184,105.15486148836177,7646.330182066937,162.15538323430843,359.21792410714284,2305.4280927579366,62.79329631376507,39566.12500992063,147.7467361111111,7679.840427295919,170.51812996031745,359.21792410714284,2305.4280927579366,62.79329631376507,39566.12500992063,147.7467361111111,7679.840427295919,170.51812996031745
2026-03-05 02:00:00+00:00,,,,,,,,336.43777732401736,2829.9692765190125,14.03392819544316,44424.535838279335,108.98928875825395,7780.709387506373,178.92995764224426,359.21792410714284,2305.4280927579366,62.79329631376507,39566.12500992063,147.7467361111111,7679.840427295919,170.51812996031745,359.21792410714284,2305.4280927579366,62.79329631376507,39566.12500992063,147.7467361111111,7679.840427295919,170.51812996031745
2026-03-05 03:00:00+00:00,,,,,,,,340.0067005935241,2893.4873342486108,57.52486421769651,44311.7884056012,114.75788585207329,8170.420911981083,172.31540216425927,359.21792410714284,2305.4280927579366,62.79329631376507,39566.12500992063,147.7467361111111,7679.840427295919,170.51812996031745,359.21792410714284,2305.4280927579366,62.79329631376507,39566.12500992063,147.7467361111111,7679.840427295919,170.51812996031745
2026-03-05 04:00:00+00:00,,,,,,,,347.3579068034744,2938.1844627502383,-23.703192233505163,44140.14672001028,116.84437181757231,8555.022373650303,172.3526912823986,359.21792410714284,2305.4280927579366,62.79329631376507,39566.12500992063,147.7467361111111,7679.840427295919,170.51812996031745,359.21792410714284,2305.4280927579366,62.79329631376507,39566.12500992063,147.7467361111111,7679.840427295919,170.51812996031745
2026-03-05 05:00:00+00:00,,,,,,,,338.4898126366893,2144.1506757195275,17.204761344037344,44964.38510584889,138.2298690813446,10097.477357763413,166.95639005401927,359.21792410714284,2305.4280927579366,62.79329631376507,39566.12500992063,147.7467361111111,7679.840427295919,170.51812996031745,359.21792410714284,2305.4280927579366,62.79329631376507,39566.12500992063,147.7467361111111,7679.840427295919,170.51812996031745
2026-03-05 06:00:00+00:00,,,,,,,,336.85908009950964,3093.4099600595964,-85.91069450963656,47519.46169278781,129.70738217683004,10532.165180024911,209.15038582495632,359.21792410714284,2305.4280927579366,62.79329631376507,39566.12500992063,147.7467361111111,7679.840427295919,170.51812996031745,359.21792410714284,2305.4280927579366,62.79329631376507,39566.12500992063,147.7467361111111,7679.840427295919,170.51812996031745
2026-03-05 07:00:00+00:00,,,,,,,,332.1444719718454,3607.5871719969255,-8.386631405068854,49142.81895837083,163.49875690732776,10744.268674619323,197.09603272237032,359.21792410714284,2305.4280927579366,62.79329631376507,39566.12500992063,147.7467361111111,7679.840427295919,170.51812996031745,359.21792410714284,2305.4280927579366,62.79329631376507,39566.12500992063,147.7467361111111,7679.840427295919,170.51812996031745
2026-03-05 08:00:00+00:00,,,,,,,,338.97079327009004,3650.4241963680515,-1.5749685784806786,46473.709330554426,144.29670724076763,10329.881176252846,170.82614157771025,359.21792410714284,2305.4280927579366,62.79329631376507,39566.12500992063,147.7467361111111,7679.840427295919,170.51812996031745,359.21792410714284,2305.4280927579366,62.79329631376507,39566.12500992063,147.7467361111111,7679.840427295919,170.51812996031745
2026-03-05 09:00:00+00:00,,,,,,,,330.8409862797721,3379.103239991193,12.431022327151815,46907.79743569154,133.09417360333168,9417.65328990034,154.04322913455826,359.21792410714284,2305.4280927579366,62.79329631376507,39566.12500992063,147.7467361111111,7679.840427295919,170.51812996031745,359.21792410714284,2305.4280927579366,62.79329631376507,39566.12500992063,147.7467361111111,7679.840427295919,170.51812996031745
2026-03-05 10:00:00+00:00,,,,,,,,350.6511376567705,2988.4298335731523,-1.5981569484038403,46883.10425991988,142.59301178432602,9511.061304413575,148.87248782770877,359.21792410714284,2305.4280927579366,62.79329631376507,39566.12500992063,147.7467361111111,7679.840427295919,170.51812996031745,359.21792410714284,2305.4280927579366,62.79329631376507,39566.12500992063,147.7467361111111,7679.840427295919,170.51812996031745
2026-03-05 11:00:00+00:00,,,,,,,,334.10432414144793,3083.9985676274337,18.130637079836845,47693.873470785016,118.68013271383711,8404.31328992478,164.44231176492602,359.21792410714284,2305.4280927579366,62.79329631376507,39566.12500992063,147.7467361111111,7679.840427295919,170.51812996031745,359.21792410714284,2305.4280927579366,62.79329631376507,39566.12500992063,147.7467361111111,7679.840427295919,170.51812996031745
2026-03-05 12:00:00+00:00,,,,,,,,336.9183889984707,2612.5592523898977,17.205783530252667,45996.794201021185,111.9871583956103,8243.425513895887,152.8574356459228,359.21792410714284,2305.4280927579366,62.79329631376507,39566.12500992063,147.7467361111111,7679.840427295919,170.51812996031745,359.21792410714284,2305.4280927579366,62.79329631376507,39566.12500992063,147.7467361111111,7679.840427295919,170.51812996031745
2026-03-05 13:00:00+00:00,,,,,,,,349.27546615943083,2078.927475548221,17.591466924245715,41499.15591898902,106.72254470236635,7741.5492233677405,126.7764576207461,359.21792410714284,2305.4280927579366,62.79329631376507,39566.12500992063,147.7467361111111,7679.840427295919,170.51812996031745,359.21792410714284,2305.4280927579366,62.79329631376507,39566.12500992063,147.7467361111111,7679.840427295919,170.51812996031745
2026-03-05 14:00:00+00:00,,,,,,,,357.08685018438666,2404.449078700583,29.218582594977292,42155.001989153534,139.5684896239556,7993.117051176962,171.28293524468742,359.21792410714284,2305.4280927579366,62.79329631376507,39566.12500992063,147.7467361111111,7679.840427295919,170.51812996031745,359.21792410714284,2305.4280927579366,62.79329631376507,39566.12500992063,147.7467361111111,7679.840427295919,170.51812996031745
2026-03-05 15:00:00+00:00,,,,,,,,357.08685018438666,2814.7084357858494,7.5879331702455275,40835.23734385281,142.06558864962147,7977.877455175479,200.80159369888707,359.21792410714284,2305.4280927579366,62.79329631376507,39566.12500992063,147.7467361111111,7679.840427295919,170.51812996031745,359.21792410714284,2305.4280927579366,62.79329631376507,39566.12500992063,147.7467361111111,7679.840427295919,170.51812996031745
2026-03-05 16:00:00+00:00,,,,,,,,379.8688487399276,1775.129259802973,21.951711268154284,41040.60473785942,147.4666428672097,8833.277884503912,256.5621202865199,359.21792410714284,2305.4280927579366,62.79329631376507,39566.12500992063,147.7467361111111,7679.840427295919,170.51812996031745,359.21792410714284,2305.4280927579366,62.79329631376507,39566.12500992063,147.7467361111111,7679.840427295919,170.51812996031745
2026-03-05 17:00:00+00:00,,,,,,,,373.03688494919004,2823.7174905019297,28.362260699812154,42272.01113242175,150.22407924602473,8847.210564084957,279.2008061190226,359.21792410714284,2305.4280927579366,62.79329631376507,39566.12500992063,147.7467361111111,7679.840427295919,170.51812996031745,359.21792410714284,2305.4280927579366,62.79329631376507,39566.12500992063,147.7467361111111,7679.840427295919,170.51812996031745
2026-03-05 18:00:00+00:00,,,,,,,,372.73168244567256,2470.286311326696,66.45459381418289,40434.42207464759,167.57965326557448,8671.356193998929,322.0242800394441,359.21792410714284,2305.4280927579366,62.79329631376507,39566.12500992063,147.7467361111111,7679.840427295919,170.51812996031745,359.21792410714284,2305.4280927579366,62.79329631376507,39566.12500992063,147.7467361111111,7679.840427295919,170.51812996031745
2026-03-05 19:00:00+00:00,,,,,,,,388.7269615329107,1774.1703900590396,44.64841470576059,38810.2541119986,144.06890342200103,8826.973904999479,281.9727252739466,359.21792410714284,2305.4280927579366,62.79329631376507,39566.12500992063,147.7467361111111,7679.840427295919,170.51812996031745,359.21792410714284,2305.4280927579366,62.79329631376507,39566.12500992063,147.7467361111111,7679.840427295919,170.51812996031745
2026-03-05 20:00:00+00:00,,,,,,,,396.3849299732599,1872.412494873035,27.986792885044217,37451.8852779674,165.69268370101796,8838.756183174364,290.4049097023579,359.21792410714284,2305.4280927579366,62.79329631376507,39566.12500992063,147.7467361111111,7679.840427295919,170.51812996031745,359.21792410714284,2305.4280927579366,62.79329631376507,39566.12500992063,147.7467361111111,7679.840427295919,170.51812996031745
2026-03-05 21:00:00+00:00,,,,,,,,390.2744413924479,1935.7729435499962,29.35803464854007,38574.17042700716,182.4119005204555,9409.4571781416,251.86653570182654,359.21792410714284,2305.4280927579366,62.79329631376507,39566.12500992063,147.7467361111111,7679.840427295919,170.51812996031745,359.21792410714284,2305.4280927579366,62.79329631376507,39566.12500992063,147.7467361111111,7679.840427295919,170.51812996031745
2026-03-05 22:00:00+00:00,,,,,,,,375.97309899692794,2067.2809991237023,28.26946755954455,38849.05131495169,195.58429474180556,9318.527739897338,240.41687095741582,359.21792410714284,2305.4280927579366,62.79329631376507,39566.12500992063,147.7467361111111,7679.840427295919,170.51812996031745,359.21792410714284,2305.4280927579366,62.79329631376507,39566.12500992063,147.7467361111111,7679.840427295919,170.51812996031745
2026-03-05 23:00:00+00:00,,,,,,,,373.9467297383416,1827.8986412987506,26.087029488811417,37343.14563930292,173.49033773587,8806.690613941795,232.89540928305829,359.21792410714284,2305.4280927579366,62.79329631376507,39566.12500992063,147.7467361111111,7679.840427295919,170.51812996031745,359.21792410714284,2305.4280927579366,62.79329631376507,39566.12500992063,147.7467361111111,7679.840427295919,170.51812996031745
2026-03-06 00:00:00+00:00,,,,,,,,384.14664506180867,1753.5772687833053,25.841664720149772,38698.96535105949,184.15509321247987,8986.666851561344,204.2835254975748,359.21792410714284,2305.4280927579366,62.79329631376507,39566.12500992063,147.7467361111111,7679.840427295919,170.51812996031745,359.21792410714284,2305.4280927579366,62.79329631376507,39566.12500992063,147.7467361111111,7679.840427295919,170.51812996031745
2026-03-06 01:00:00+00:00,,,,,,,,363.3381835972909,1558.5279153973502,49.34190708459205,38695.448025709804,143.9230467785878,7566.701412740841,180.84945149746613,359.21792410714284,2305.4280927579366,62.79329631376507,39566.12500992063,147.7467361111111,7679.840427295919,170.51812996031745,359.21792410714284,2305.4280927579366,62.79329631376507,39566.12500992063,147.7467361111111,7679.840427295919,170.51812996031745
2026-03-06 02:00:00+00:00,,,,,,,,357.1364415419547,1653.1765035715825,46.96823283159505,38598.704959393006,132.20841862668627,7677.656109469643,168.2140920167088,359.21792410714284,2305.4280927579366,62.79329631376507,39566.12500992063,147.7467361111111,7679.840427295919,170.51812996031745,359.21792410714284,2305.4280927579366,62.79329631376507,39566.12500992063,147.7467361111111,7679.840427295919,170.51812996031745
2026-03-06 03:00:00+00:00,,,,,,,,352.0897210267922,1628.5639358049184,48.19722098304912,39375.75070235913,131.1618940506537,7434.9589902871685,164.67479584504338,359.21792410714284,2305.4280927579366,62.79329631376507,39566.12500992063,147.7467361111111,7679.840427295919,170.51812996031745,359.21792410714284,2305.4280927579366,62.79329631376507,39566.12500992063,147.7467361111111,7679.840427295919,170.51812996031745
2026-03-06 04:00:00+00:00,,,,,,,,359.6745699083062,1774.2032634387683,45.65924802740276,39660.49879904801,155.44418964253603,8172.326857921513,182.81284792763256,359.21792410714284,2305.4280927579366,62.79329631376507,39566.12500992063,147.7467361111111,7679.840427295919,170.51812996031745,359.21792410714284,2305.4280927579366,62.79329631376507,39566.12500992063,147.7467361111111,7679.840427295919,170.51812996031745
2026-03-06 05:00:00+00:00,,,,,,,,369.26744730575075,1414.216023365414,27.658615926494043,38696.617304583735,183.8503192558256,9012.782880815048,211.8916906063139,359.21792410714284,2305.4280927579366,62.79329631376507,39566.12500992063,147.7467361111111,7679.840427295919,170.51812996031745,359.21792410714284,2305.4280927579366,62.79329631376507,39566.12500992063,147.7467361111111,7679.840427295919,170.51812996031745
2026-03-06 06:00:00+00:00,,,,,,,,368.0439519137367,1959.9537125349611,65.32672599806124,38670.82393912855,200.12588830825177,9096.18554764203,289.5281723590344,359.21792410714284,2305.4280927579366,62.79329631376507,39566.12500992063,147.7467361111111,7679.840427295919,170.51812996031745,359.21792410714284,2305.4280927579366,62.79329631376507,39566.12500992063,147.7467361111111,7679.840427295919,170.51812996031745
2026-03-06 07:00:00+00:00,,,,,,,,366.3197714876507,3190.8817056549974,77.15404486019008,38705.27453583874,235.79684892410575,9602.319798004037,306.99939681996636,359.21792410714284,2305.4280927579366,62.79329631376507,39566.12500992063,147.7467361111111,7679.840427295919,170.51812996031745,359.21792410714284,2305.4280927579366,62.79329631376507,39566.12500992063,147.7467361111111,7679.840427295919,170.51812996031745
2026-03-06 08:00:00+00:00,,,,,,,,380.3709506588897,2752.450239186791,80.9742653895164,40479.14626830413,234.91559000028377,9309.264988867644,269.62399155339625,359.21792410714284,2305.4280927579366,62.79329631376507,39566.12500992063,147.7467361111111,7679.840427295919,170.51812996031745,359.21792410714284,2305.4280927579366,62.79329631376507,39566.12500992063,147.7467361111111,7679.840427295919,170.51812996031745
2026-03-06 09:00:00+00:00,,,,,,,,379.2693201098668,2960.2027092668277,76.51768960599891,41357.34237339265,205.01273707262783,9276.984180506162,230.5180258659207,359.21792410714284,2305.4280927579366,62.79329631376507,39566.12500992063,147.7467361111111,7679.840427295919,170.51812996031745,359.21792410714284,2305.4280927579366,62.79329631376507,39566.12500992063,147.7467361111111,7679.840427295919,170.51812996031745
2026-03-06 10:00:00+00:00,,,,,,,,372.790095864589,3355.7127951535817,80.46893540393313,41999.20149374306,197.07221853164532,8960.469680680511,211.69705319959007,359.21792410714284,2305.4280927579366,62.79329631376507,39566.12500992063,147.7467361111111,7679.840427295919,170.51812996031745,359.21792410714284,2305.4280927579366,62.79329631376507,39566.12500992063,147.7467361111111,7679.840427295919,170.51812996031745
2026-03-06 11:00:00+00:00,,,,,,,,365.0469076488286,3007.48879549792,58.969965642330095,42094.33441830528,162.9469918528098,8921.423788307708,201.50660907716562,359.21792410714284,2305.4280927579366,62.79329631376507,39566.12500992063,147.7467361111111,7679.840427295919,170.51812996031745,359.21792410714284,2305.4280927579366,62.79329631376507,39566.12500992063,147.7467361111111,7679.840427295919,170.51812996031745
2026-03-06 12:00:00+00:00,,,,,,,,367.43097679642375,2480.7870242798163,35.01450819699012,40891.62227169667,155.77282843896705,8557.285108460273,186.91923451756634,359.21792410714284,2305.4280927579366,62.79329631376507,39566.12500992063,147.7467361111111,7679.840427295919,170.51812996031745,359.21792410714284,2305.4280927579366,62.79329631376507,39566.12500992063,147.7467361111111,7679.840427295919,170.51812996031745
2026-03-06 13:00:00+00:00,,,,,,,,366.66854983409416,1661.0914267883734,38.078413158024915,40813.74363147406,129.7545183164479,8205.246060664947,180.6450716698908,359.21792410714284,2305.4280927579366,62.79329631376507,39566.12500992063,147.7467361111111,7679.840427295919,170.51812996031745,359.21792410714284,2305.4280927579366,62.79329631376507,39566.12500992063,147.7467361111111,7679.840427295919,170.51812996031745
2026-03-06 14:00:00+00:00,,,,,,,,366.40101110042883,2007.0000880124853,23.946851918266475,40643.465967774806,137.06526186101473,8152.163838993125,180.40415493508561,359.21792410714284,2305.4280927579366,62.79329631376507,39566.12500992063,147.7467361111111,7679.840427295919,170.51812996031745,359.21792410714284,2305.4280927579366,62.79329631376507,39566.12500992063,147.7467361111111,7679.840427295919,170.51812996031745
2026-03-06 15:00:00+00:00,,,,,,,,369.3492167750002,2650.193949491626,31.477965838172818,40473.72028018419,133.58372281065667,7976.953044749567,203.29396352933395,359.21792410714284,2305.4280927579366,62.79329631376507,39566.12500992063,147.7467361111111,7679.840427295919,170.51812996031745,359.21792410714284,2305.4280927579366,62.79329631376507,39566.12500992063,147.7467361111111,7679.840427295919,170.51812996031745
2026-03-06 16:00:00+00:00,,,,,,,,381.6486652965921,2810.873297195465,42.04764056742244,38578.527236746864,157.99994130322273,9253.321771005612,243.5131527197575,359.21792410714284,2305.4280927579366,62.79329631376507,39566.12500992063,147.7467361111111,7679.840427295919,170.51812996031745,359.21792410714284,2305.4280927579366,62.79329631376507,39566.12500992063,147.7467361111111,7679.840427295919,170.51812996031745
2026-03-06 17:00:00+00:00,,,,,,,,381.7854113187487,3064.2281799127295,46.75658352724717,42176.18894123879,207.46914173169324,10026.913621371461,298.8295251622284,359.21792410714284,2305.4280927579366,62.79329631376507,39566.12500992063,147.7467361111111,7679.840427295919,170.51812996031745,359.21792410714284,2305.4280927579366,62.79329631376507,39566.12500992063,147.7467361111111,7679.840427295919,170.51812996031745
2026-03-06 18:00:00+00:00,,,,,,,,375.167438919054,2764.287492367242,46.547847170865055,39950.33958546917,190.1816414704585,9358.000006975828,324.88980831693505,359.21792410714284,2305.4280927579366,62.79329631376507,39566.12500992063,147.7467361111111,7679.840427295919,170.51812996031745,359.21792410714284,2305.4280927579366,62.79329631376507,39566.12500992063,147.7467361111111,7679.840427295919,170.51812996031745
2026-03-06 19:00:00+00:00,,,,,,,,383.3455510596954,2889.8009688559514,26.496290929590216,41522.81376969127,191.62905815924208,9758.602494631137,312.9216842489259,359.21792410714284,2305.4280927579366,62.79329631376507,39566.12500992063,147.7467361111111,7679.840427295919,170.51812996031745,359.21792410714284,2305.4280927579366,62.79329631376507,39566.12500992063,147.7467361111111,7679.840427295919,170.51812996031745
2026-03-06 20:00:00+00:00,,,,,,,,370.0519968078699,3195.6519401223213,23.66369352574442,43145.73066663787,195.64242320695988,9672.13551797747,268.20764906548277,359.21792410714284,2305.4280927579366,62.79329631376507,39566.12500992063,147.7467361111111,7679.840427295919,170.51812996031745,359.21792410714284,2305.4280927579366,62.79329631376507,39566.12500992063,147.7467361111111,7679.840427295919,170.51812996031745
2026-03-06 21:00:00+00:00,,,,,,,,361.3938936623192,3822.0250472759753,47.29611790186654,50426.31474710605,180.5001925081051,9959.255785552352,204.31031293166006,359.21792410714284,2305.4280927579366,62.79329631376507,39566.12500992063,147.7467361111111,7679.840427295919,170.51812996031745,359.21792410714284,2305.4280927579366,62.79329631376507,39566.12500992063,147.7467361111111,7679.840427295919,170.51812996031745
2026-03-06 22:00:00+00:00,,,,,,,,360.22151622731417,3521.8149264895646,38.499118507394364,49308.92615635753,200.44586562292295,10027.819637280647,194.3565492514244,359.21792410714284,2305.4280927579366,62.79329631376507,39566.12500992063,147.7467361111111,7679.840427295919,170.51812996031745,359.21792410714284,2305.4280927579366,62.79329631376507,39566.12500992063,147.7467361111111,7679.840427295919,170.51812996031745
2026-03-06 23:00:00+00:00,,,,,,,,357.36100940667137,2930.83719355772,30.59741354356182,46650.11800965106,160.3228721395092,9294.759641447214,159.2807539925435,359.21792410714284,2305.4280927579366,62.79329631376507,39566.12500992063,147.7467361111111,7679.840427295919,170.51812996031745,359.21792410714284,2305.4280927579366,62.79329631376507,39566.12500992063,147.7467361111111,7679.840427295919,170.51812996031745
