date,solar_50hz_actual,solar_50hz_fitted,solar_50hz_lower,solar_50hz_upper
2026-01-24 00:00:00+00:00,0.0,-1.8798152,-177.3911199498275,173.63140323704442
2026-01-24 01:00:00+00:00,0.0,-1.8798152,-177.3911199498275,173.63140323704442
2026-01-24 02:00:00+00:00,0.0,-1.8798152,-177.3911199498275,173.63140323704442
2026-01-24 03:00:00+00:00,0.0,-2.3849423,-177.89630167900395,173.12622150786774
2026-01-24 04:00:00+00:00,0.0,-3.538751,-179.05012404945273,171.9723991374192
2026-01-24 05:00:00+00:00,0.0,16.778387,-158.73292924296584,192.28959394390586
2026-01-24 06:00:00+00:00,0.4074999999997999,19.367254,-156.14412090810038,194.87840227877155
2026-01-24 07:00:00+00:00,142.73250000000007,294.34735,118.83605663196158,469.85857981883373
2026-01-24 08:00:00+00:00,728.3824999999999,864.7601,689.2488309287983,1040.2713541156702
2026-01-24 09:00:00+00:00,1564.1775,1997.1414,1821.630034269803,2172.652557456675
2026-01-24 10:00:00+00:00,2238.985,1986.0634,1810.552037370881,2161.5745605577526
2026-01-24 11:00:00+00:00,2414.8875,2027.8274,1852.3161783179632,2203.338701504835
2026-01-24 12:00:00+00:00,1941.785,2207.4968,2031.9855280003908,2383.0080511872625
2026-01-24 13:00:00+00:00,1196.8500000000001,1289.6083,1114.097041712379,1465.1195648992507
2026-01-24 14:00:00+00:00,525.5225,540.74713,365.23586555536554,716.2583887422375
2026-01-24 15:00:00+00:00,85.01749999999993,43.917305,-131.59399529700795,219.42852788986374
2026-01-24 16:00:00+00:00,0.04750000000012733,-22.641047,-198.1523825920949,152.87014059477724
2026-01-24 17:00:00+00:00,0.0,-16.362482,-191.87372373257494,159.14879945429698
2026-01-24 18:00:00+00:00,0.0,-19.575129,-195.086369992237,155.93615319463493
2026-01-24 19:00:00+00:00,0.0,-14.684503,-190.1958695684284,160.82665361844374
2026-01-24 20:00:00+00:00,0.0,-14.684503,-190.1958695684284,160.82665361844374
2026-01-24 21:00:00+00:00,0.0,5.8543158,-169.65703768751473,181.3654854993572
2026-01-24 22:00:00+00:00,0.0,5.8543158,-169.65703768751473,181.3654854993572
2026-01-24 23:00:00+00:00,0.0,-4.353692,-179.86484368024594,171.15767950662598
2026-01-25 00:00:00+00:00,0.0,-3.2269833,-178.73820508705467,172.28431809981726
2026-01-25 01:00:00+00:00,0.0,-0.85955155,-176.37083540488402,174.65168778198813
2026-01-25 02:00:00+00:00,0.0,6.9807806,-168.53039909432346,182.49212409254847
2026-01-25 03:00:00+00:00,0.0,3.5264347,-171.98472302332448,179.03780016354744
2026-01-25 04:00:00+00:00,0.0,192.76215,17.250876286455423,368.27339947332734
2026-01-25 05:00:00+00:00,0.0,213.53485,38.02364738916731,389.04617057603946
2026-01-25 06:00:00+00:00,0.4299999999998363,222.05121,46.539908118257244,397.56243130512917
2026-01-25 07:00:00+00:00,131.84500000000003,424.58893,249.0777003282742,600.1002235151461
2026-01-25 08:00:00+00:00,577.1399999999999,803.7647,628.2533953066093,979.2759184934812
2026-01-25 09:00:00+00:00,1017.8050000000001,1318.5377,1143.0264341552831,1494.048957342155
2026-01-25 10:00:00+00:00,1333.9099999999999,1791.4056,1615.8944154232183,1966.9169386100903
2026-01-25 11:00:00+00:00,1390.475,2274.3599,2098.848582563646,2449.871105750518
2026-01-25 12:00:00+00:00,1136.1924999999999,1906.1224,1730.611195585042,2081.6337187719137
2026-01-25 13:00:00+00:00,686.6575,1453.4683,1277.95698179589,1628.979504982762
2026-01-25 14:00:00+00:00,261.6399999999999,547.2957,371.7844771810064,722.8070003678783
2026-01-25 15:00:00+00:00,23.882500000000164,236.78534,61.274110656934226,412.2966338438059
2026-01-25 16:00:00+00:00,0.06750000000010914,139.8841,-35.62712628757299,315.39539689929893
2026-01-25 17:00:00+00:00,0.0,183.81049,8.299278277784651,359.3218014646566
2026-01-25 18:00:00+00:00,0.0,183.20709,7.6958777913641825,358.7184009782361
2026-01-25 19:00:00+00:00,0.0,182.0722,6.560905485437161,357.5834286723091
2026-01-25 20:00:00+00:00,0.0,182.0722,6.560905485437161,357.5834286723091
2026-01-25 21:00:00+00:00,0.0,185.17255,9.661245044896987,360.68376823176914
2026-01-25 22:00:00+00:00,0.0,184.37762,8.866367587284458,359.8888907741564
2026-01-25 23:00:00+00:00,0.0,192.49664,16.98538800929964,368.0079111961718
2026-01-26 00:00:00+00:00,0.0,-5.2662897,-180.7775836465512,170.24493954032096
2026-01-26 01:00:00+00:00,0.0,-5.2662897,-180.7775836465512,170.24493954032096
2026-01-26 02:00:00+00:00,0.0,-3.9813778,-179.4926045113789,171.52991867549304
2026-01-26 03:00:00+00:00,0.0,-3.5013974,-179.01262234214164,172.00990084473028
2026-01-26 04:00:00+00:00,0.0,-8.622735,-184.13408566177168,166.88843752510002
2026-01-26 05:00:00+00:00,0.0,-11.094659,-186.60602359660425,164.4164995902679
2026-01-26 06:00:00+00:00,0.3674999999998363,-13.046319,-188.5576997506423,162.46482343622938
2026-01-26 07:00:00+00:00,44.934999999999945,238.86884,63.357538840891266,414.3800620277632
2026-01-26 08:00:00+00:00,206.8399999999997,854.3892,678.8779222725232,1029.900445459395
2026-01-26 09:00:00+00:00,370.2650000000001,1252.4432,1076.9319568691578,1427.9544800560298
2026-01-26 10:00:00+00:00,523.45,3136.1892,2960.6778357587236,3311.7003589455953
2026-01-26 11:00:00+00:00,537.0625,2395.9385,2220.427269864273,2571.449793051145
2026-01-26 12:00:00+00:00,409.8074999999999,1924.378,1748.8667885980701,2099.889311784942
2026-01-26 13:00:00+00:00,265.48,1203.3308,1027.8195027104673,1378.8420258973392
2026-01-26 14:00:00+00:00,136.4275,484.02435,308.51314429500894,659.5356674818809
2026-01-26 15:00:00+00:00,20.522500000000036,61.839912,-113.67135394994966,237.3511692369225
2026-01-26 16:00:00+00:00,0.06750000000010914,-28.111506,-203.62267131623912,147.3998518706328
2026-01-26 17:00:00+00:00,0.0,-18.152033,-193.66328933172827,157.35923385514366
2026-01-26 18:00:00+00:00,0.0,-17.704279,-193.21545148304358,157.80707170382834
2026-01-26 19:00:00+00:00,0.0,-9.491387,-185.00257758188445,166.0199456049877
2026-01-26 20:00:00+00:00,0.0,-10.342706,-185.85400523306134,165.16851795381035
2026-01-26 21:00:00+00:00,0.0,-17.133234,-192.64439373890718,158.3781294479645
2026-01-26 22:00:00+00:00,0.0,-15.436212,-190.94749108850738,160.07503209836477
2026-01-26 23:00:00+00:00,0.0,-20.455011,-195.96637037279424,155.05615281407768
2026-01-27 00:00:00+00:00,0.0,-22.0534,-197.56465742248702,153.4578657643849
2026-01-27 01:00:00+00:00,0.0,-70.59051,-246.10178776980774,104.9207354170644
2026-01-27 02:00:00+00:00,0.0,-13.431329,-188.94263791034518,162.07988527652697
2026-01-27 03:00:00+00:00,0.0,-10.227227,-185.73852378515085,165.2839994017213
2026-01-27 04:00:00+00:00,0.0,-9.530694,-185.0420635065134,165.9804596803583
2026-01-27 05:00:00+00:00,0.0,-27.758966,-203.27027432055274,147.7522488663194
2026-01-27 06:00:00+00:00,1.1399999999998727,3.447333,-172.06389329431477,178.95862989255716
2026-01-27 07:00:00+00:00,31.445000000000164,263.4278,87.91659342991488,438.9391166167866
2026-01-27 08:00:00+00:00,152.5424999999998,748.84625,573.3350220644254,924.3575452512973
2026-01-27 09:00:00+00:00,289.47749999999996,1869.8403,1694.3291122510716,2045.3516354379435
2026-01-27 10:00:00+00:00,380.1275000000003,2643.3845,2467.873257368621,2818.895780555493
2026-01-27 11:00:00+00:00,375.6424999999999,2786.4126,2610.901247067909,2961.923770254781
2026-01-27 12:00:00+00:00,327.7600000000002,2003.8304,1828.3191780869952,2179.3417012738673
2026-01-27 13:00:00+00:00,248.6949999999997,1511.3303,1335.8189910348406,1686.8415142217125
2026-01-27 14:00:00+00:00,110.33500000000004,590.7951,415.28387817951875,766.3064013663907
2026-01-27 15:00:00+00:00,21.71250000000009,81.32038,-94.19090358648646,256.83161960038547
2026-01-27 16:00:00+00:00,0.08249999999998181,131.60834,-43.90289987771439,307.11962330915753
2026-01-27 17:00:00+00:00,0.0,-5.360284,-180.87143712569514,170.151086061177
2026-01-27 18:00:00+00:00,0.0,-15.630303,-191.14154754221317,159.88097564465897
2026-01-27 19:00:00+00:00,0.0,-7.0057917,-182.5169485475576,168.50557463931432
2026-01-27 20:00:00+00:00,0.0,-2.115167,-177.62644812374856,173.39607506312313
2026-01-27 21:00:00+00:00,0.0,-2.7946103,-178.3058441334506,172.71667905342133
2026-01-27 22:00:00+00:00,0.0,1.7710637,-173.7401600846074,177.28236310226475
2026-01-27 23:00:00+00:00,0.0,-5.5245905,-181.0357303196297,169.986792867242
2026-01-28 00:00:00+00:00,0.0,-5.0387506,-180.54999392016998,170.4725292667017
2026-01-28 01:00:00+00:00,0.0,-5.0387506,-180.54999392016998,170.4725292667017
2026-01-28 02:00:00+00:00,0.0,-5.0387506,-180.54999392016998,170.4725292667017
2026-01-28 03:00:00+00:00,0.0,-5.0387506,-180.54999392016998,170.4725292667017
2026-01-28 04:00:00+00:00,0.0,-9.723077,-185.23433416463286,165.78818902223884
2026-01-28 05:00:00+00:00,0.0,16.855291,-158.65594161102536,192.36658157584634
2026-01-28 06:00:00+00:00,0.24749999999994543,32.130196,-143.38103985317866,207.64148333369303
2026-01-28 07:00:00+00:00,41.04750000000013,224.64459,49.133280152954285,400.1558033398262
2026-01-28 08:00:00+00:00,189.6824999999999,732.9615,557.4502711138746,908.4727943007465
2026-01-28 09:00:00+00:00,414.77250000000004,1426.6702,1251.158886779741,1602.1814099666128
2026-01-28 10:00:00+00:00,666.02,2510.156,2334.644696935292,2685.6672201221636
2026-01-28 11:00:00+00:00,842.925,2032.6976,1857.186390119695,2208.208913306567
2026-01-28 12:00:00+00:00,774.815,2104.784,1929.2726580465824,2280.2951812334545
2026-01-28 13:00:00+00:00,459.23749999999995,1797.7076,1622.1963640335086,1973.2188872203806
2026-01-28 14:00:00+00:00,177.32749999999987,573.6678,398.15651113353624,749.1790343204082
2026-01-28 15:00:00+00:00,22.9074999999998,69.60676,-105.90453210188889,245.1179910849828
2026-01-28 16:00:00+00:00,0.11999999999989086,-14.761407,-190.27265877863692,160.749864408235
2026-01-28 17:00:00+00:00,0.0,-10.82879,-186.340138475985,164.68238471088716
2026-01-28 18:00:00+00:00,0.0,-6.0944147,-181.6055975333752,169.41692565349672
2026-01-28 19:00:00+00:00,0.0,-2.0109189,-177.52227671455103,173.50024647232112
2026-01-28 20:00:00+00:00,0.0,-2.0109189,-177.52227671455103,173.50024647232112
2026-01-28 21:00:00+00:00,0.0,-2.0109189,-177.52227671455103,173.50024647232112
2026-01-28 22:00:00+00:00,0.0,-6.9342585,-182.44551672410762,168.5770064627643
2026-01-28 23:00:00+00:00,0.0,-2.0436337,-177.55501630029858,173.46750688657312
2026-01-29 00:00:00+00:00,0.0,-1.9755183,-177.48675922455777,173.53576396231415
2026-01-29 01:00:00+00:00,0.0,-6.865899,-182.37725964836636,168.64526353850556
2026-01-29 02:00:00+00:00,0.0,-0.80779374,-176.31904733288275,174.7034758539894
2026-01-29 03:00:00+00:00,0.0,-12.661798,-188.17296001267187,162.84956317420028
2026-01-29 04:00:00+00:00,0.0,-11.996026,-187.50725510246457,163.51526808440758
2026-01-29 05:00:00+00:00,0.0,8.776679,-166.73448399975223,184.28803918711947
2026-01-29 06:00:00+00:00,0.2600000000002183,17.293036,-158.21822327066275,192.80429991620917
2026-01-29 07:00:00+00:00,25.25,224.71063,49.199354589645736,400.22187777651743
2026-01-29 08:00:00+00:00,120.56500000000005,593.14667,417.6353741231451,768.657897310017
2026-01-29 09:00:00+00:00,242.42999999999984,999.46674,823.9554596450628,1174.9779828319347
2026-01-29 10:00:00+00:00,353.7350000000001,1548.9883,1373.4770050652992,1724.4995282521713
2026-01-29 11:00:00+00:00,404.79999999999995,1275.8082,1100.296909476176,1451.319432663048
2026-01-29 12:00:00+00:00,353.36249999999995,1596.6875,1421.1762004392058,1772.1987236260775
2026-01-29 13:00:00+00:00,238.4324999999999,1217.1134,1041.6020746234053,1392.624597810277
2026-01-29 14:00:00+00:00,97.76999999999998,258.07404,82.56277826234009,433.58530144921224
2026-01-29 15:00:00+00:00,11.707499999999982,119.39948,-56.11178903570362,294.9107341511685
2026-01-29 16:00:00+00:00,0.1449999999999818,-37.12127,-212.63260531406058,138.38991787281134
2026-01-29 17:00:00+00:00,0.0,-4.366143,-179.8773442493498,171.14517893752236
2026-01-29 18:00:00+00:00,0.0,-3.349786,-178.861028139042,172.1614950478297
2026-01-29 19:00:00+00:00,0.0,-0.9279109,-176.43909248062482,174.5834307062471
2026-01-29 20:00:00+00:00,0.0,31.593817,-143.91737379424876,207.10514939262293
2026-01-29 21:00:00+00:00,0.0,0.9016789,-174.60964411337864,176.4128790734933
2026-01-29 22:00:00+00:00,0.0,1.4895695,-174.02172052203923,177.0008026648327
2026-01-29 23:00:00+00:00,0.0,1.4895695,-174.02172052203923,177.0008026648327
2026-01-30 00:00:00+00:00,0.0,-1.6180965,-177.12940168557589,173.8931215012958
2026-01-30 01:00:00+00:00,0.0,-1.9254695,-177.43675694814283,173.58576623872932
2026-01-30 02:00:00+00:00,0.0,-2.469415,-177.98063091502127,173.04189227185043
2026-01-30 03:00:00+00:00,0.0,-14.674981,-190.18634532530177,160.83617786157038
2026-01-30 04:00:00+00:00,0.0,-14.009454,-189.52064041509448,161.50188277177767
2026-01-30 05:00:00+00:00,0.0,17.87531,-157.63585548781384,193.38666769905808
2026-01-30 06:00:00+00:00,1.0650000000000546,6.6538763,-168.85739810833866,182.16512507853304
2026-01-30 07:00:00+00:00,27.392499999999927,207.10956,31.59835486984366,382.6208780567156
2026-01-30 08:00:00+00:00,132.53250000000025,395.31427,219.80295486116233,570.8254780480343
2026-01-30 09:00:00+00:00,281.3325,749.6634,574.1521227560002,925.1746459428721
2026-01-30 10:00:00+00:00,423.2374999999997,1389.3463,1213.8350645510754,1564.8575877379474
2026-01-30 11:00:00+00:00,474.55500000000006,1546.6803,1371.1690626918044,1722.1915858786763
2026-01-30 12:00:00+00:00,439.3974999999998,1825.5244,1650.0131810234634,2001.0357042103353
2026-01-30 13:00:00+00:00,358.03499999999985,1171.7247,996.2135003163733,1347.2360235032452
2026-01-30 14:00:00+00:00,168.52999999999997,325.59235,150.08112989590154,501.10365308277346
2026-01-30 15:00:00+00:00,27.389999999999873,97.51447,-77.99671394518509,273.02580924168683
2026-01-30 16:00:00+00:00,0.15250000000014552,-12.262383,-187.7735370665473,163.24898612032462
2026-01-30 17:00:00+00:00,0.0,-7.046319,-182.55762500257742,168.46489818429427
2026-01-30 18:00:00+00:00,0.0,-4.652032,-180.16326996488124,170.85925322199068
2026-01-30 19:00:00+00:00,0.0,-7.831231,-183.34258137359984,167.67994181327208
2026-01-30 20:00:00+00:00,0.0,-7.831231,-183.34258137359984,167.67994181327208
2026-01-30 21:00:00+00:00,0.0,-6.815118,-182.3262652632925,168.69625792357942
2026-01-30 22:00:00+00:00,0.0,-7.230401,-182.74156194796115,168.28096123891055
2026-01-30 23:00:00+00:00,0.0,-5.996026,-181.5073787761312,169.5151444107405
2026-01-31 00:00:00+00:00,0.0,-11.081231,-166.66043228395984,144.49789363314903
2026-01-31 01:00:00+00:00,0.0,-19.417902,-174.99712134576566,136.1612045713432
2026-01-31 02:00:00+00:00,0.0,-7.682061,-163.26126959640078,147.8970563207081
2026-01-31 03:00:00+00:00,0.0,-9.420587,-164.99984081047978,146.15848510662863
2026-01-31 04:00:00+00:00,0.0,3.8401554,-151.7391180521904,159.41920786491846
2026-01-31 05:00:00+00:00,0.0,8.9146185,-146.66448226126613,164.49384365584274
2026-01-31 06:00:00+00:00,0.3524999999999636,1.7197942,-153.8594526782631,157.29887323884554
2026-01-31 07:00:00+00:00,56.07999999999993,185.69574,30.116581786549887,341.2749077036585
2026-01-31 08:00:00+00:00,244.84750000000008,408.51764,252.9384323738418,564.0967582909507
2026-01-31 09:00:00+00:00,510.6350000000002,664.3184,508.7392645284558,819.8975904455644
2026-01-31 10:00:00+00:00,777.2275,1945.1577,1789.578553490844,2100.7368794079525
2026-01-31 11:00:00+00:00,912.3499999999999,1515.3096,1359.7303878956473,1670.8887138127561
2026-01-31 12:00:00+00:00,796.19,1274.0377,1118.4584909981577,1429.6168169152666
2026-01-31 13:00:00+00:00,585.7275,920.3577,764.7785996046996,1075.9369255218085
2026-01-31 14:00:00+00:00,280.0799999999997,864.5998,709.0206048043813,1020.1789307214899
2026-01-31 15:00:00+00:00,46.83750000000009,293.09308,137.51393150010108,448.67225741720995
2026-01-31 16:00:00+00:00,0.4450000000001637,50.003487,-105.57570688245823,205.58261903465063
2026-01-31 17:00:00+00:00,0.0,17.131414,-138.44763992547087,172.710685991638
2026-01-31 18:00:00+00:00,0.0,4.557685,-151.02142664824987,160.13689926885877
2026-01-31 19:00:00+00:00,0.0,-6.702813,-162.2820583499406,148.87626756716782
2026-01-31 20:00:00+00:00,0.0,-4.7870417,-160.36629652935926,150.79202938774938
2026-01-31 21:00:00+00:00,0.0,-1.1327449,-156.71196349469847,154.4463624224104
2026-01-31 22:00:00+00:00,0.0,10.319892,-145.25925955661978,165.89906636048886
2026-01-31 23:00:00+00:00,0.0,8.683661,-146.89544515708758,164.26288076002106
2026-02-01 00:00:00+00:00,0.0,6.203681,-149.37551838292393,161.78280753418494
2026-02-01 01:00:00+00:00,0.0,2.2466495,-153.33244455858812,157.82588135852075
2026-02-01 02:00:00+00:00,0.0,4.4202337,-151.1589329083913,159.99939300871756
2026-02-01 03:00:00+00:00,0.0,7.686347,-147.89271278114165,163.265613135967
2026-02-01 04:00:00+00:00,0.0,15.240302,-140.33879745130844,170.8195284658002
2026-02-01 05:00:00+00:00,0.0,160.54852,4.969405184454899,316.12773110156354
2026-02-01 06:00:00+00:00,0.7899999999999636,-50.948174,-206.52732663830966,104.63099927879921
2026-02-01 07:00:00+00:00,79.63749999999982,312.8813,157.30213396959448,468.46045988670335
2026-02-01 08:00:00+00:00,304.9200000000001,404.42633,248.84717468574536,560.0055006028542
2026-02-01 09:00:00+00:00,559.615,1399.8014,1244.2222522619506,1555.3805781790593
2026-02-01 10:00:00+00:00,769.0275000000001,2196.1948,2040.6156550058959,2351.7739809230043
2026-02-01 11:00:00+00:00,885.8325,1712.3942,1556.8149556504554,1867.973281567564
2026-02-01 12:00:00+00:00,835.5475000000001,1509.7773,1354.1981915911797,1665.3565175082886
2026-02-01 13:00:00+00:00,598.1324999999999,1110.1146,954.5353535930667,1265.6936795101753
2026-02-01 14:00:00+00:00,277.50750000000016,426.23724,270.65808828926356,581.8164142063722
2026-02-01 15:00:00+00:00,45.32999999999993,214.09601,58.51688268159478,369.67520859870365
2026-02-01 16:00:00+00:00,0.40000000000009095,95.36872,-60.210546339779285,250.94777957732936
2026-02-01 17:00:00+00:00,0.0,-2.9445126,-158.52375232781378,152.63457358929486
2026-02-01 18:00:00+00:00,0.0,36.30378,-119.27533851150156,191.8829874056073
2026-02-01 19:00:00+00:00,0.0,36.30378,-119.27533851150156,191.8829874056073
2026-02-01 20:00:00+00:00,0.0,13.680488,-141.8985906850312,169.25973523207767
2026-02-01 21:00:00+00:00,0.0,8.206122,-147.37304626554305,163.78527965156536
2026-02-01 22:00:00+00:00,0.0,8.206122,-147.37304626554305,163.78527965156536
2026-02-01 23:00:00+00:00,0.0,10.948554,-144.6306595102601,166.52766640684854
2026-02-02 00:00:00+00:00,0.0,62.618477,-92.96064843946351,218.19767747764536
2026-02-02 01:00:00+00:00,0.0,62.618477,-92.96064843946351,218.19767747764536
2026-02-02 02:00:00+00:00,0.0,64.60725,-90.97186742157737,220.18645849553127
2026-02-02 03:00:00+00:00,0.0,95.575264,-60.00398931696964,251.15433660013878
2026-02-02 04:00:00+00:00,0.0,111.9903,-43.5889562881689,267.56936962893974
2026-02-02 05:00:00+00:00,0.0,107.62385,-47.95542491827973,263.20290099882914
2026-02-02 06:00:00+00:00,1.2950000000000728,-63.63079,-219.2100468918502,91.94827902525867
2026-02-02 07:00:00+00:00,165.5875000000001,349.86932,194.2901274171793,505.44845333428816
2026-02-02 08:00:00+00:00,587.9775,995.0124,839.4332880335098,1150.5916139506185
2026-02-02 09:00:00+00:00,1000.2225000000001,1655.8162,1500.2370326488838,1811.3953585659924
2026-02-02 10:00:00+00:00,1314.2725,1977.0786,1821.4994263705967,2132.657752287705
2026-02-02 11:00:00+00:00,1373.69,1936.246,1780.6668134475494,2091.8251393646583
2026-02-02 12:00:00+00:00,1181.51,1399.244,1243.6647864064435,1554.8231123235519
2026-02-02 13:00:00+00:00,849.345,1249.3414,1093.7622277815908,1404.9205536986995
2026-02-02 14:00:00+00:00,396.5149999999999,509.0999,353.5207892868036,664.6791152039123
2026-02-02 15:00:00+00:00,56.472499999999854,307.73187,152.15269318577975,463.3110191028884
2026-02-02 16:00:00+00:00,0.30999999999994543,56.659004,-98.92024515424009,212.23808076286878
2026-02-02 17:00:00+00:00,0.0,28.599432,-126.97965751404308,184.17866840306533
2026-02-02 18:00:00+00:00,0.0,2.8548038,-152.7242819506041,158.4340439665043
2026-02-02 19:00:00+00:00,0.0,-1.4310848,-157.0101913576018,154.14813455950684
2026-02-02 20:00:00+00:00,0.0,36.250313,-119.3289123790887,191.8294135380197
2026-02-02 21:00:00+00:00,0.0,33.776924,-121.80223926604367,189.35608665106497
2026-02-02 22:00:00+00:00,0.0,39.285225,-116.29385356939292,194.86447234771595
2026-02-02 23:00:00+00:00,0.0,32.943672,-122.63561053962667,188.52271537748197
2026-02-03 00:00:00+00:00,0.0,101.18928,-54.38984483726654,256.7684810798421
2026-02-03 01:00:00+00:00,0.0,131.97906,-23.60014944782006,287.55817646928836
2026-02-03 02:00:00+00:00,0.0,137.64398,-17.935209004774606,293.2231169123338
2026-02-03 03:00:00+00:00,0.0,116.17048,-39.40860724249205,271.7497186746168
2026-02-03 04:00:00+00:00,0.0,136.16193,-19.41722091962947,291.74110499747894
2026-02-03 05:00:00+00:00,0.0,147.89642,-7.68275812238744,303.4755677947212
2026-02-03 06:00:00+00:00,1.1449999999999818,61.008858,-94.57024552786925,216.58808038923962
2026-02-03 07:00:00+00:00,168.79250000000002,516.6418,361.0626008909967,672.2209268081053
2026-02-03 08:00:00+00:00,672.625,1006.8023,851.2232097047915,1162.3815356219002
2026-02-03 09:00:00+00:00,1149.405,1293.8378,1138.2585987715595,1449.4169246886681
2026-02-03 10:00:00+00:00,1505.8125,2178.89,2023.3106260049124,2334.468951922021
2026-02-03 11:00:00+00:00,1696.6375,2415.2676,2259.6884974893997,2570.8468234065085
2026-02-03 12:00:00+00:00,1634.71,1909.2189,1753.6397149501804,2064.7980408672893
2026-02-03 13:00:00+00:00,1289.9450000000002,1018.8038,863.224648942178,1174.3829748592866
2026-02-03 14:00:00+00:00,659.9575,976.0372,820.4580193992233,1131.616345316332
2026-02-03 15:00:00+00:00,116.57000000000016,604.67975,449.1006367083521,760.258962625461
2026-02-03 16:00:00+00:00,0.36000000000012733,199.30792,43.72870943186672,354.8870353489756
2026-02-03 17:00:00+00:00,0.0,60.16828,-95.41095840552862,215.7473675115798
2026-02-03 18:00:00+00:00,0.0,44.41999,-111.15929441546314,199.99903150164528
2026-02-03 19:00:00+00:00,0.0,24.406073,-131.17310239401968,179.9852235230892
2026-02-03 20:00:00+00:00,0.0,30.398993,-125.18017082829965,185.978155088809
2026-02-03 21:00:00+00:00,0.0,26.21906,-129.36012303051302,181.79820288659562
2026-02-03 22:00:00+00:00,0.0,-3.7518857,-159.3309319327982,151.82739398431022
2026-02-03 23:00:00+00:00,0.0,-3.7518857,-159.3309319327982,151.82739398431022
2026-02-04 00:00:00+00:00,0.0,44.718086,-110.8610665525598,200.29725936454884
2026-02-04 01:00:00+00:00,0.0,-7.9222956,-163.5013598918854,147.65696602522348
2026-02-04 02:00:00+00:00,0.0,0.1738957,-155.40515796902764,155.753167948081
2026-02-04 03:00:00+00:00,0.0,-5.480157,-161.05938363855557,150.09894227855307
2026-02-04 04:00:00+00:00,0.0,5.212714,-150.3664365115601,160.79188940554855
2026-02-04 05:00:00+00:00,0.0,15.919257,-139.65999670680185,171.4983292103068
2026-02-04 06:00:00+00:00,1.587500000000091,14.720283,-140.85886081037052,170.29946510673813
2026-02-04 07:00:00+00:00,104.34000000000015,329.0937,173.51457841022216,484.6729043273308
2026-02-04 08:00:00+00:00,401.9275,531.31586,375.73668164493665,686.8950075620453
2026-02-04 09:00:00+00:00,809.6925000000001,1527.8755,1372.2963369600202,1683.454662877129
2026-02-04 10:00:00+00:00,1326.6475,1557.4557,1401.8765526832465,1713.0348786003551
2026-02-04 11:00:00+00:00,1744.71,1338.4791,1182.8999168366122,1494.0582427537206
2026-02-04 12:00:00+00:00,1827.9125,1990.4817,1834.9024671160237,2146.0607930331325
2026-02-04 13:00:00+00:00,1295.9325,1297.1769,1141.5976396743815,1452.7559655914902
2026-02-04 14:00:00+00:00,570.5149999999999,554.555,398.97583487399015,710.134160791099
2026-02-04 15:00:00+00:00,111.91499999999996,55.293037,-100.28618035598856,210.87214556112008
2026-02-04 16:00:00+00:00,0.6374999999998181,27.316229,-128.26304927536103,182.89527664174784
2026-02-04 17:00:00+00:00,0.0,-11.129083,-166.70825192132497,144.4500739957839
2026-02-04 18:00:00+00:00,0.0,-7.3495417,-162.92871477389463,148.22961114321402
2026-02-04 19:00:00+00:00,0.0,-10.858087,-166.4372078356787,144.72111808143018
2026-02-04 20:00:00+00:00,0.0,-10.858087,-166.4372078356787,144.72111808143018
2026-02-04 21:00:00+00:00,0.0,-13.572442,-169.15161712677718,142.0067087903317
2026-02-04 22:00:00+00:00,0.0,-7.7904596,-163.36960786196641,147.78871805514223
2026-02-04 23:00:00+00:00,0.0,1.6218938,-153.95727459204318,157.20105132506546
2026-02-05 00:00:00+00:00,0.0,-9.651055,-165.23020844110624,145.92811747600263
2026-02-05 01:00:00+00:00,0.0,-13.792169,-169.37126998388567,141.78705593322297
2026-02-05 02:00:00+00:00,0.0,-4.5995417,-160.17858957107137,150.9797363460375
2026-02-05 03:00:00+00:00,0.0,-8.816583,-164.39564663713236,146.76267927997628
2026-02-05 04:00:00+00:00,0.0,6.460517,-149.11856224023586,162.039763676873
2026-02-05 05:00:00+00:00,0.0,1.2737492,-154.3055047313619,156.85282118574673
2026-02-05 06:00:00+00:00,1.3674999999998363,-50.30877,-205.88781339670095,105.27051252040792
2026-02-05 07:00:00+00:00,63.777500000000146,289.51837,133.93916557989428,445.0974914970029
2026-02-05 08:00:00+00:00,248.8175000000001,334.0479,178.46877220994043,489.62709812704907
2026-02-05 09:00:00+00:00,495.88249999999994,103.6092,-51.96989339616721,259.18843252094143
2026-02-05 10:00:00+00:00,669.48,131.95831,-23.620785307928145,287.5375406091807
2026-02-05 11:00:00+00:00,722.9425000000001,1288.3483,1132.76906313943,1443.9273890565387
2026-02-05 12:00:00+00:00,663.7725,816.9102,661.3310328844675,972.4893588015761
2026-02-05 13:00:00+00:00,496.74499999999966,-111.65325,-267.2324712668674,43.925854650241035
2026-02-05 14:00:00+00:00,253.67000000000007,-41.39715,-196.97629657785455,114.18202933925431
2026-02-05 15:00:00+00:00,57.102499999999964,-9.142755,-164.7218519642206,146.43647395288826
2026-02-05 16:00:00+00:00,0.6125000000001819,8.740546,-146.83849812005928,164.31982779704936
2026-02-05 17:00:00+00:00,0.0,2.3745792,-153.2046609633053,157.95366495380335
2026-02-05 18:00:00+00:00,0.0,-8.646661,-164.22579763470685,146.9325282824018
2026-02-05 19:00:00+00:00,0.0,-8.646661,-164.22579763470685,146.9325282824018
2026-02-05 20:00:00+00:00,0.0,2.9278018,-152.65146117503173,158.5068647420769
2026-02-05 21:00:00+00:00,0.0,-2.6679013,-158.24695401194504,152.91137190516338
2026-02-05 22:00:00+00:00,0.0,-1.5521785,-157.13122861400325,154.0270973031054
2026-02-05 23:00:00+00:00,0.0,-27.525324,-183.10443488560395,128.05389103150446
2026-02-06 00:00:00+00:00,0.0,-5.945245,-161.52448417790765,149.63384173920122
2026-02-06 01:00:00+00:00,0.0,-9.378106,-164.95737855987363,146.200947357235
2026-02-06 02:00:00+00:00,0.0,-6.1569147,-161.73600174401236,149.4223241730965
2026-02-06 03:00:00+00:00,0.0,0.17487226,-155.40436428210023,155.75396163500818
2026-02-06 04:00:00+00:00,0.0,-8.047784,-163.62696084811796,147.53136506899068
2026-02-06 05:00:00+00:00,0.0,-9.845635,-165.42486016000703,145.73346575710138
2026-02-06 06:00:00+00:00,2.8274999999998727,13.965888,-141.61326023469474,169.5450656824139
2026-02-06 07:00:00+00:00,108.86749999999984,274.20905,118.62993686244499,429.78826277955386
2026-02-06 08:00:00+00:00,346.1875000000002,916.94366,761.3645552872551,1072.522881204364
2026-02-06 09:00:00+00:00,610.9524999999999,1123.8156,968.2362749633667,1279.3946008804755
2026-02-06 10:00:00+00:00,870.4875,1436.7504,1281.1712062338029,1592.3295321509113
2026-02-06 11:00:00+00:00,1007.335,1191.6536,1036.0743832177325,1347.2327091348411
2026-02-06 12:00:00+00:00,973.4749999999999,1506.0432,1350.4640434149,1661.622369332009
2026-02-06 13:00:00+00:00,738.1975,807.8588,652.2797279555643,963.438053872673
2026-02-06 14:00:00+00:00,332.66250000000014,471.8941,316.3149287776964,627.4732546948051
2026-02-06 15:00:00+00:00,73.47749999999996,194.00519,38.42608707109821,349.58441298820685
2026-02-06 16:00:00+00:00,1.2175000000002,30.462225,-125.1168742958539,186.04145162125496
2026-02-06 17:00:00+00:00,0.0,-1.3402644,-156.91951262616703,154.23881329094183
2026-02-06 18:00:00+00:00,0.0,-1.3402644,-156.91951262616703,154.23881329094183
2026-02-06 19:00:00+00:00,0.0,-1.3402644,-156.91951262616703,154.23881329094183
2026-02-06 20:00:00+00:00,0.0,-10.603448,-166.1826327537724,144.97569316333647
2026-02-06 21:00:00+00:00,0.0,-6.6115046,-162.1907843533104,148.96754156379848
2026-02-06 22:00:00+00:00,0.0,-11.36712,-166.94635799949128,144.21196791761736
2026-02-06 23:00:00+00:00,0.0,-11.36712,-166.94635799949128,144.21196791761736
2026-02-07 00:00:00+00:00,0.0,-3.1842587,-161.07103041670598,154.70246477414503
2026-02-07 01:00:00+00:00,0.0,-7.43377,-165.3204302250515,150.4530649657995
2026-02-07 02:00:00+00:00,0.0,-4.851983,-162.7387650725309,153.0347301183201
2026-02-07 03:00:00+00:00,0.0,-3.1097958,-160.99642384554727,154.77707134530374
2026-02-07 04:00:00+00:00,0.0,-5.2052546,-163.09195575514423,152.68153943570655
2026-02-07 05:00:00+00:00,0.0,-0.8695613,-158.75624249346356,157.01725269738722
2026-02-07 06:00:00+00:00,3.5850000000000364,8.88581,-149.00103647098058,166.7724587198702
2026-02-07 07:00:00+00:00,191.16499999999974,134.0368,-23.84990230413723,291.9235928867138
2026-02-07 08:00:00+00:00,623.96,509.5722,351.6854483716295,667.4589435624803
2026-02-07 09:00:00+00:00,1079.1275,1692.0466,1534.159916892997,1849.933412083848
2026-02-07 10:00:00+00:00,1424.6325000000002,1936.7217,1778.8349697153985,2094.6084649062495
2026-02-07 11:00:00+00:00,1520.0175,1519.749,1361.8622910861914,1677.6357862770424
2026-02-07 12:00:00+00:00,1340.92,1657.1863,1499.2994508592633,1815.0729460501143
2026-02-07 13:00:00+00:00,1026.685,1280.3586,1122.4719282605467,1438.2454234513978
2026-02-07 14:00:00+00:00,575.9000000000001,760.6784,602.7917215625923,918.5652167534431
2026-02-07 15:00:00+00:00,147.91000000000008,213.09698,55.210244625083305,370.9837398159343
2026-02-07 16:00:00+00:00,1.8600000000001273,-7.6561823,-165.54286098640523,150.23063420444578
2026-02-07 17:00:00+00:00,0.0,-15.570001,-173.45671333773362,142.3167818531174
2026-02-07 18:00:00+00:00,0.0,-12.262383,-170.1492214902687,145.6242737005823
2026-02-07 19:00:00+00:00,0.0,-14.9620905,-172.84874915148157,142.9247460393692
2026-02-07 20:00:00+00:00,0.0,-17.80047,-175.68717202495873,140.08632316589228
2026-02-07 21:00:00+00:00,0.0,-17.80047,-175.68717202495873,140.08632316589228
2026-02-07 22:00:00+00:00,0.0,-13.1478815,-171.03457925758448,144.7389159332663
2026-02-07 23:00:00+00:00,0.0,-13.1478815,-171.03457925758448,144.7389159332663
2026-02-08 00:00:00+00:00,0.0,-5.9916315,-163.878499500021,151.89499569082977
2026-02-08 01:00:00+00:00,0.0,-9.971612,-167.8582441748431,147.91525101600791
2026-02-08 02:00:00+00:00,0.0,-4.502618,-162.38934440282128,153.3841507880295
2026-02-08 03:00:00+00:00,0.0,2.028632,-155.85809467871331,159.9154005121377
2026-02-08 04:00:00+00:00,0.0,0.12531172,-157.76135593019126,158.01213926065975
2026-02-08 05:00:00+00:00,0.0,-9.340753,-167.2274614894336,148.5460337014174
2026-02-08 06:00:00+00:00,2.387499999999818,1.7097844,-156.17695840172473,159.59653678912628
2026-02-08 07:00:00+00:00,179.8074999999999,206.06354,48.176789497775644,363.95028468862665
2026-02-08 08:00:00+00:00,624.085,437.2713,279.3845377363614,595.1580329272124
2026-02-08 09:00:00+00:00,1111.0825,839.0788,681.1920170226938,996.9655122135446
2026-02-08 10:00:00+00:00,1511.0975,1123.7,965.8132088785849,1281.5867040694357
2026-02-08 11:00:00+00:00,1694.1525000000001,960.2347,802.3479296196347,1118.1214248104857
2026-02-08 12:00:00+00:00,1507.405,993.80975,835.9229700692999,1151.696465260151
2026-02-08 13:00:00+00:00,1074.1174999999998,811.0899,653.2031435885472,968.9766387793982
2026-02-08 14:00:00+00:00,567.0374999999999,361.22638,203.3396074436564,519.1131026345074
2026-02-08 15:00:00+00:00,135.18499999999995,138.64374,-19.242946535078318,296.5305486557727
2026-02-08 16:00:00+00:00,1.7550000000001091,4.8403997,-153.0464587390302,162.72703645182082
2026-02-08 17:00:00+00:00,0.0,-13.685723,-171.57250057250894,144.20099461834184
2026-02-08 18:00:00+00:00,0.0,-5.685235,-163.57193792438193,152.20155726646908
2026-02-08 19:00:00+00:00,0.0,-6.759698,-164.64639160210845,151.12710358874256
2026-02-08 20:00:00+00:00,0.0,-12.896417,-170.7831789233869,144.99031626746387
2026-02-08 21:00:00+00:00,0.0,-12.087335,-169.97401510108466,145.79948008976658
2026-02-08 22:00:00+00:00,0.0,-4.694024,-162.5808213740138,153.19267381683744
2026-02-08 23:00:00+00:00,0.0,-4.0353327,-161.9220612244194,153.8514339664314
2026-02-09 00:00:00+00:00,0.0,-7.29461,-165.1813365910557,150.59215859979508
2026-02-09 01:00:00+00:00,0.0,-12.2416315,-170.1283872084291,145.6451079824219
2026-02-09 02:00:00+00:00,0.0,-8.528253,-166.4149244976902,149.3585706931608
2026-02-09 03:00:00+00:00,0.0,-6.402032,-164.28883564139505,151.48465954945618
2026-02-09 04:00:00+00:00,0.0,-9.410821,-167.29750436076074,148.47599083009004
2026-02-09 05:00:00+00:00,0.0,-1.5302058,-159.4169868603758,156.3565083304752
2026-02-09 06:00:00+00:00,4.832499999999982,7.617011,-150.26974502414487,165.50375016670614
2026-02-09 07:00:00+00:00,219.42499999999995,114.80988,-43.07676969435306,272.69672549649795
2026-02-09 08:00:00+00:00,728.3775,653.669,495.78228633472054,811.5557815255713
2026-02-09 09:00:00+00:00,1231.6100000000001,1237.3286,1079.4417946577544,1395.2152898486054
2026-02-09 10:00:00+00:00,1694.0025,1893.2408,1735.3540467406606,2051.1275419315116
2026-02-09 11:00:00+00:00,1944.2,1596.9072,1439.0204665051906,1754.7939616960416
2026-02-09 12:00:00+00:00,1870.7324999999998,1900.9331,1743.0463612284282,2058.819856419279
2026-02-09 13:00:00+00:00,1434.6125,1430.0059,1272.1190685111328,1587.8925637019838
2026-02-09 14:00:00+00:00,765.655,1034.8701,876.9833711404597,1192.7568663313104
2026-02-09 15:00:00+00:00,193.93499999999995,244.51312,86.6263574218392,402.39985261269044
2026-02-09 16:00:00+00:00,1.3425000000002,-20.724298,-178.61111466484363,137.16238052600738
2026-02-09 17:00:00+00:00,0.0,-13.550714,-171.43757379488125,144.33592139596954
2026-02-09 18:00:00+00:00,0.0,-8.616387,-166.5030237466117,149.2704714442391
2026-02-09 19:00:00+00:00,0.0,-16.616877,-174.50358639473916,141.26990879611185
2026-02-09 20:00:00+00:00,0.0,-17.09759,-174.9843622509038,140.7891329399472
2026-02-09 21:00:00+00:00,0.0,-10.932549,-168.81939904370847,146.9540961471423
2026-02-09 22:00:00+00:00,0.0,-11.017999,-168.9047203883847,146.86877480246608
2026-02-09 23:00:00+00:00,0.0,-9.751397,-167.63819447427068,148.1353007165801
2026-02-10 00:00:00+00:00,0.0,-12.202569,-170.0892981272632,145.6841970635876
2026-02-10 01:00:00+00:00,0.0,-8.323174,-166.20995484873538,149.56354034211586
2026-02-10 02:00:00+00:00,0.0,-4.898614,-162.78539417950515,152.98810101134586
2026-02-10 03:00:00+00:00,0.0,7.1887884,-150.69793912138084,165.07555606946994
2026-02-10 04:00:00+00:00,0.0,4.1802435,-153.70660784074698,162.06688735010403
2026-02-10 05:00:00+00:00,0.0,-0.9108211,-158.79751421367928,156.97598097717173
2026-02-10 06:00:00+00:00,15.7824999999998,8.236396,-149.65027237744835,166.12322281340266
2026-02-10 07:00:00+00:00,597.065,587.1601,429.27330605085353,745.0468012417043
2026-02-10 08:00:00+00:00,2128.4575,1728.0028,1570.1160677297607,1885.8895629206115
2026-02-10 09:00:00+00:00,3954.09,4177.3843,4019.497668117514,4335.271163308365
2026-02-10 10:00:00+00:00,5273.5025,5312.845,5154.958289926632,5470.731785117482
2026-02-10 11:00:00+00:00,5852.8975,4935.7876,4777.900647724453,5093.674142915304
2026-02-10 12:00:00+00:00,5529.7875,4698.745,4540.85850688386,4856.632002074712
2026-02-10 13:00:00+00:00,4494.75,1896.225,1738.3382599815816,2054.1117551724324
2026-02-10 14:00:00+00:00,2471.065,1697.7836,1539.896834819255,1855.670330010106
2026-02-10 15:00:00+00:00,610.5574999999999,519.02386,361.1370691444499,676.9105643353009
2026-02-10 16:00:00+00:00,7.352499999999964,57.87751,-100.00932193609378,215.76417325475722
2026-02-10 17:00:00+00:00,0.0,8.509345,-149.37744249621574,166.39605269463527
2026-02-10 18:00:00+00:00,0.0,-5.126153,-163.0129839058859,152.7605112849651
2026-02-10 19:00:00+00:00,0.0,-12.102227,-169.98889673096983,145.78459845988095
2026-02-10 20:00:00+00:00,0.0,-7.211358,-165.0979994636973,150.67549572715347
2026-02-10 21:00:00+00:00,0.0,-18.815607,-176.70229760487518,139.0711975859756
2026-02-10 22:00:00+00:00,0.0,16.482,-141.4046588905412,174.3688363003098
2026-02-10 23:00:00+00:00,0.0,22.26911,-135.6176890824354,180.15580610841562
2026-02-11 00:00:00+00:00,0.0,8.516669,-149.3701008921389,166.4033942987121
2026-02-11 01:00:00+00:00,0.0,11.052558,-146.83427115966515,168.93922403118563
2026-02-11 02:00:00+00:00,0.0,11.5633,-146.32333520026623,169.45015999058455
2026-02-11 03:00:00+00:00,0.0,3.832587,-154.0540442931383,161.7194508977127
2026-02-11 04:00:00+00:00,0.0,-23.67425,-181.56105055159514,134.21244463925564
2026-02-11 05:00:00+00:00,0.0,16.641668,-141.2451278181693,174.5283673726815
2026-02-11 06:00:00+00:00,31.514999999999873,14.700019,-143.18668446388574,172.58681072696504
2026-02-11 07:00:00+00:00,689.6799999999998,476.75507,318.8682797265951,634.6417749174459
2026-02-11 08:00:00+00:00,2010.8975,1181.402,1023.5152405962672,1339.2887357871182
2026-02-11 09:00:00+00:00,3312.745,2844.873,2686.9862102479956,3002.759705438846
2026-02-11 10:00:00+00:00,3565.2174999999997,1765.6437,1607.7569182804182,1923.5304134712692
2026-02-11 11:00:00+00:00,3338.3725,1897.3813,1739.4945626236777,2055.2680578145287
2026-02-11 12:00:00+00:00,2427.3675000000003,1606.445,1448.5581527041818,1764.3316478950328
2026-02-11 13:00:00+00:00,1448.2275,1411.0359,1253.149157263605,1568.922652454456
2026-02-11 14:00:00+00:00,769.9425000000001,618.36115,460.4744289011983,776.2479240920493
2026-02-11 15:00:00+00:00,226.90999999999985,251.3858,93.49909094638451,409.2725861372355
2026-02-11 16:00:00+00:00,3.019999999999982,-23.647638,-181.53446203953308,134.2390331513177
2026-02-11 17:00:00+00:00,0.0,-10.228204,-168.1150018957992,147.65849329505158
2026-02-11 18:00:00+00:00,0.0,-11.999444,-169.8861142738947,145.88738091695632
2026-02-11 19:00:00+00:00,0.0,-12.812188,-170.6988496873696,145.07464550348118
2026-02-11 20:00:00+00:00,0.0,-14.653253,-172.54000493679223,143.23349025405855
2026-02-11 21:00:00+00:00,0.0,-25.19378,-183.0805641737611,132.69293101708968
2026-02-11 22:00:00+00:00,0.0,-9.209649,-167.09630472471008,148.67719046614093
2026-02-11 23:00:00+00:00,0.0,-2.7050107,-160.59164351266418,155.18185167818683
2026-02-12 00:00:00+00:00,0.0,-4.5016413,-162.38835229416236,153.38514289668865
2026-02-12 01:00:00+00:00,0.0,15.862372,-142.0243299589697,173.74916523188153
2026-02-12 02:00:00+00:00,0.0,-7.754815,-165.64167500884423,150.13182018200655
2026-02-12 03:00:00+00:00,0.0,-16.123468,-174.01011154773914,141.76338364311187
2026-02-12 04:00:00+00:00,0.0,-22.661554,-180.54830603246,135.22518915839078
2026-02-12 05:00:00+00:00,0.0,-16.721857,-174.6085514908641,141.16494369998668
2026-02-12 06:00:00+00:00,27.46250000000009,-4.3680964,-162.25481446865706,153.51868072219372
2026-02-12 07:00:00+00:00,443.5250000000001,677.67645,519.789728509325,835.5632237001757
2026-02-12 08:00:00+00:00,1241.2475,1333.211,1175.3242352203065,1491.0977304111573
2026-02-12 09:00:00+00:00,2285.0325,1531.3214,1373.4346433285484,1689.2081385193994
2026-02-12 10:00:00+00:00,3055.5625,1284.6298,1126.742956037659,1442.51645122851
2026-02-12 11:00:00+00:00,2975.7875,1607.4384,1449.5516007098986,1765.3250959007496
2026-02-12 12:00:00+00:00,2581.2174999999997,1786.6152,1628.7285079583994,1944.5020031492504
2026-02-12 13:00:00+00:00,1955.9375,1558.4471,1400.5604318347741,1716.3339270256251
2026-02-12 14:00:00+00:00,1049.3625,944.7153,786.8285722882038,1102.6020674790545
2026-02-12 15:00:00+00:00,270.6949999999997,235.14044,77.25370849827732,393.0272036891283
2026-02-12 16:00:00+00:00,4.507500000000164,12.494208,-145.39253885636708,170.38095633448393
2026-02-12 17:00:00+00:00,0.0,22.458807,-135.4279979068292,180.34549728402158
2026-02-12 18:00:00+00:00,0.0,14.411445,-143.4753880836629,172.29810710718812
2026-02-12 19:00:00+00:00,0.0,11.679999,-146.20666322196485,169.56683196888616
2026-02-12 20:00:00+00:00,0.0,13.973945,-143.91290800229353,171.86058718855725
2026-02-12 21:00:00+00:00,0.0,11.30915,-146.577711860441,169.19578333041
2026-02-12 22:00:00+00:00,0.0,-8.525323,-166.41214659344496,149.36134859740605
2026-02-12 23:00:00+00:00,0.0,-10.755792,-168.64260528067007,147.13088991018094
2026-02-13 00:00:00+00:00,0.0,-6.381524,-164.26819978128697,151.50529540956381
2026-02-13 01:00:00+00:00,0.0,-4.106866,-161.99349304786938,153.7800021429814
2026-02-13 02:00:00+00:00,0.0,-16.545832,-174.43255141475265,141.34094377609813
2026-02-13 03:00:00+00:00,0.0,-23.353205,-181.24000418953392,134.53349100131686
2026-02-13 04:00:00+00:00,0.0,-96.28997,-254.1766580535068,61.59683713734421
2026-02-13 05:00:00+00:00,0.0,-18.796564,-176.68324911862192,139.09024607222887
2026-02-13 06:00:00+00:00,10.367499999999836,-0.1451961,-158.0320031723736,157.74149201847717
2026-02-13 07:00:00+00:00,226.12250000000017,394.69513,236.80839305593986,552.5818882467909
2026-02-13 08:00:00+00:00,663.2024999999999,742.5385,584.6518084192066,900.4253036100577
2026-02-13 09:00:00+00:00,1032.6399999999999,711.73395,553.847231399875,869.620726590726
2026-02-13 10:00:00+00:00,1329.5549999999998,1124.8257,966.938855363117,1282.712350553968
2026-02-13 11:00:00+00:00,1391.0425,1364.4188,1206.5320548040997,1522.3055499949505
2026-02-13 12:00:00+00:00,1242.755,1575.684,1417.7971788604145,1733.5706740512653
2026-02-13 13:00:00+00:00,1046.7875,761.9117,604.0249126257631,919.7984078166141
2026-02-13 14:00:00+00:00,682.7325000000001,354.84308,196.95638033147543,512.7298755223262
2026-02-13 15:00:00+00:00,216.10000000000014,288.58612,130.6993956470012,446.4728908378522
2026-02-13 16:00:00+00:00,5.974999999999909,-12.3527155,-170.23950337824,145.5339918126108
2026-02-13 17:00:00+00:00,0.0,-3.5663388,-161.45299225043163,154.3205029404196
2026-02-13 18:00:00+00:00,0.0,-1.367364,-159.25408261856364,156.51941257228737
2026-02-13 19:00:00+00:00,0.0,-1.3007137,-159.18741291667675,156.58608227417403
2026-02-13 20:00:00+00:00,0.0,-10.915948,-168.80273161823698,146.97076357261403
2026-02-13 21:00:00+00:00,0.0,3.367255,-154.51954167595386,161.25395351489715
2026-02-13 22:00:00+00:00,0.0,-8.782403,-166.66910273613303,149.10439245471798
2026-02-13 23:00:00+00:00,0.0,-9.932305,-167.81895667194567,147.95453851890534
2026-02-14 00:00:00+00:00,0.0,-14.740655,-169.4816801718398,140.00015752165336
2026-02-14 01:00:00+00:00,0.0,-7.530694,-162.27162970322524,147.2102079902677
2026-02-14 02:00:00+00:00,0.0,3.294501,-151.4463352811158,158.03550241237735
2026-02-14 03:00:00+00:00,0.0,8.493476,-146.24748748608135,163.2343502074118
2026-02-14 04:00:00+00:00,0.0,5.1922064,-149.54882825986033,159.93300943363283
2026-02-14 05:00:00+00:00,0.0,-4.1029596,-158.8438942862863,150.63794340720688
2026-02-14 06:00:00+00:00,5.179999999999836,-3.1351864,-157.87599307853907,151.60584461495387
2026-02-14 07:00:00+00:00,125.2175000000002,200.94147,46.200559661629086,355.682397355122
2026-02-14 08:00:00+00:00,434.135,498.56793,343.8270062961101,653.3088439896032
2026-02-14 09:00:00+00:00,816.4375,769.96234,615.2214055098502,924.7032432033434
2026-02-14 10:00:00+00:00,1254.8325,1075.2239,920.4829219624733,1229.9647596559662
2026-02-14 11:00:00+00:00,1578.675,1672.6526,1517.9116087315483,1827.3934464250412
2026-02-14 12:00:00+00:00,1507.175,703.30536,548.5644026140565,858.0462403075494
2026-02-14 13:00:00+00:00,1160.69,902.633,747.8921280469249,1057.3739657404178
2026-02-14 14:00:00+00:00,656.1675,602.52484,447.78392160188696,757.2657592953801
2026-02-14 15:00:00+00:00,185.43749999999977,186.32709,31.58620384896267,341.0680415424556
2026-02-14 16:00:00+00:00,3.9400000000000546,37.301582,-117.43923151044419,192.04260618304897
2026-02-14 17:00:00+00:00,0.0,-4.6896296,-159.4304289255033,150.05140876798987
2026-02-14 18:00:00+00:00,0.0,-3.726495,-158.46748826105113,151.0143494324418
2026-02-14 19:00:00+00:00,0.0,-3.8036435,-158.5444758929916,150.93736180050132
2026-02-14 20:00:00+00:00,0.0,-8.140069,-162.8809828415997,146.60085485189325
2026-02-14 21:00:00+00:00,0.0,-7.306817,-162.04780998974866,147.43402770374428
2026-02-14 22:00:00+00:00,0.0,-1.4706355,-156.21143317042333,153.2704045230696
2026-02-14 23:00:00+00:00,0.0,-3.0883114,-157.8291655498333,151.65267214365986
2026-02-15 00:00:00+00:00,0.0,-5.961358,-160.70231222637585,148.77952546711708
2026-02-15 01:00:00+00:00,0.0,-6.8722467,-161.6130679753628,147.86876971813012
2026-02-15 02:00:00+00:00,0.0,-4.4694147,-159.21037922493088,150.27145846856206
2026-02-15 03:00:00+00:00,0.0,2.2837589,-152.45709558293265,157.0247421105605
2026-02-15 04:00:00+00:00,0.0,-13.137139,-167.87803573538804,141.6038019581049
2026-02-15 05:00:00+00:00,0.0,-0.9708797,-155.71180724973738,153.7700304437558
2026-02-15 06:00:00+00:00,52.45249999999987,5.2864447,-149.45437951552094,160.02745817797222
2026-02-15 07:00:00+00:00,920.7750000000001,917.3437,762.6028176103828,1072.084655303876
2026-02-15 08:00:00+00:00,2628.16,1700.1515,1545.4105789098674,1854.89241660336
2026-02-15 09:00:00+00:00,4456.4275,2292.354,2137.6131100930684,2447.094947786561
2026-02-15 10:00:00+00:00,5917.859999999999,4760.02,4605.278950631378,4914.760788324872
2026-02-15 11:00:00+00:00,7125.235000000001,6534.831,6380.090306651096,6689.572144344589
2026-02-15 12:00:00+00:00,7389.86,4815.998,4661.257292764867,4970.73913045836
2026-02-15 13:00:00+00:00,6353.67,2961.5425,2806.8015370266285,3116.283374720121
2026-02-15 14:00:00+00:00,4173.7300000000005,2221.1187,2066.3778419704986,2375.8596796639918
2026-02-15 15:00:00+00:00,1535.9925,929.1114,774.3704168368365,1083.8522545303294
2026-02-15 16:00:00+00:00,58.804999999999836,-24.33758,-179.07854565234175,130.4032920411512
2026-02-15 17:00:00+00:00,0.0,29.488104,-125.25288088721072,184.22895680628244
2026-02-15 18:00:00+00:00,0.0,2.9129093,-151.82790027137753,157.65393742211563
2026-02-15 19:00:00+00:00,0.0,-9.351251,-164.09214909254024,145.3896886009527
2026-02-15 20:00:00+00:00,0.0,-12.10003,-166.8408853432411,142.64095235025206
2026-02-15 21:00:00+00:00,0.0,-7.692315,-162.43334341464652,147.04849427884642
2026-02-15 22:00:00+00:00,0.0,-7.692315,-162.43334341464652,147.04849427884642
2026-02-15 23:00:00+00:00,0.0,-13.321221,-168.06217110250373,141.41966659098944
2026-02-16 00:00:00+00:00,0.0,9.213447,-145.52741502135905,163.9544226721339
2026-02-16 01:00:00+00:00,0.0,22.963446,-131.7773842724373,177.70445342105563
2026-02-16 02:00:00+00:00,0.0,26.201483,-128.53934003110408,180.94249766238886
2026-02-16 03:00:00+00:00,0.0,30.090155,-124.6508693529131,184.83096834058006
2026-02-16 04:00:00+00:00,0.0,30.564764,-124.17604614870243,185.3057915447905
2026-02-16 05:00:00+00:00,0.0,2.1367862,-152.60412608620027,156.87771160729267
2026-02-16 06:00:00+00:00,35.56750000000011,4.460517,-150.28040918502666,159.20142850846628
2026-02-16 07:00:00+00:00,444.4324999999999,258.8322,104.09129044625843,413.57312813975136
2026-02-16 08:00:00+00:00,1074.57,90.929756,-63.811194790191166,245.670642903302
2026-02-16 09:00:00+00:00,1667.5075000000002,741.10443,586.3635441012618,895.8453817947548
2026-02-16 10:00:00+00:00,2145.4525,1553.7767,1399.035809860217,1708.5176475537096
2026-02-16 11:00:00+00:00,2157.36,845.8389,691.0979749631183,1000.5798126566112
2026-02-16 12:00:00+00:00,1900.745,706.8798,552.1389701125315,861.6208078060245
2026-02-16 13:00:00+00:00,1497.99,1169.7238,1014.9828591086707,1324.4646968021639
2026-02-16 14:00:00+00:00,971.9675,341.3145,186.5736169839272,496.05545467742036
2026-02-16 15:00:00+00:00,362.65250000000015,134.86261,-19.878242307684104,289.60359538580906
2026-02-16 16:00:00+00:00,15.054999999999836,-23.568048,-178.3090661764004,131.17277151709277
2026-02-16 17:00:00+00:00,0.0,-43.163994,-197.9049979877741,111.57683970571861
2026-02-16 18:00:00+00:00,0.0,-0.68645585,-155.42727048632833,154.05456720716484
2026-02-16 19:00:00+00:00,0.0,-7.7689753,-162.50993420312352,146.9719034903694
2026-02-16 20:00:00+00:00,0.0,-7.9061823,-162.64704361980102,146.8347940736919
2026-02-16 21:00:00+00:00,0.0,-20.819025,-175.55993308223606,133.9219046112571
2026-02-16 22:00:00+00:00,0.0,-13.353204,-168.09411700132432,141.38772069216884
2026-02-16 23:00:00+00:00,0.0,-22.952326,-177.69336354260804,131.7884741508849
2026-02-17 00:00:00+00:00,0.0,-19.516779,-174.2576912563968,135.22414643709635
2026-02-17 01:00:00+00:00,0.0,-16.384699,-171.1256042198479,138.35623347364526
2026-02-17 02:00:00+00:00,0.0,-10.766778,-165.50768972724018,143.97414796625276
2026-02-17 03:00:00+00:00,0.0,-9.116876,-163.8578130272781,145.62402466621506
2026-02-17 04:00:00+00:00,0.0,-12.497979,-167.2389193372428,142.24291835625036
2026-02-17 05:00:00+00:00,0.0,-16.056086,-170.79701783197788,138.68481986151505
2026-02-17 06:00:00+00:00,29.68249999999989,-17.379084,-172.11989551792476,137.36194217556817
2026-02-17 07:00:00+00:00,358.2024999999999,116.4488,-38.2921758626926,271.18966183080033
2026-02-17 08:00:00+00:00,936.9225000000001,76.33747,-78.40332736889513,231.0785103245978
2026-02-17 09:00:00+00:00,1646.6725000000001,763.8996,609.1587287054008,918.640566398894
2026-02-17 10:00:00+00:00,2284.93,771.0777,616.3367340643288,925.8185717578217
2026-02-17 11:00:00+00:00,2846.7675,3304.991,3150.2501094521363,3459.7319471456294
2026-02-17 12:00:00+00:00,2633.5225,2902.8184,2748.0774845738492,3057.559322267342
2026-02-17 13:00:00+00:00,2107.955,1397.0637,1242.3228221346058,1551.804659828099
2026-02-17 14:00:00+00:00,1208.595,553.9306,399.1897450066722,708.6715827001653
2026-02-17 15:00:00+00:00,406.87249999999995,149.18195,-5.558939610212292,303.92289808328087
2026-02-17 16:00:00+00:00,19.284999999999854,-12.390557,-167.1315731803361,142.35026451315707
2026-02-17 17:00:00+00:00,0.0,-5.917657,-160.65846102364685,148.82337666984608
2026-02-17 18:00:00+00:00,0.0,-24.081476,-178.8223831965811,130.65945449691208
2026-02-17 19:00:00+00:00,0.0,-17.057306,-171.7982538906681,137.68358380282484
2026-02-17 20:00:00+00:00,0.0,-7.680352,-162.4212396890066,147.06059800448656
2026-02-17 21:00:00+00:00,0.0,-17.064386,-171.80519865128144,137.6766390422115
2026-02-17 22:00:00+00:00,0.0,-15.91546,-170.65633682412772,138.825500869365
2026-02-17 23:00:00+00:00,0.0,-12.68377,-167.42464207821286,142.0571956152803
2026-02-18 00:00:00+00:00,0.0,-7.497979,-162.23889011747724,147.2429475760157
2026-02-18 01:00:00+00:00,0.0,4.790839,-149.95003700157076,159.53180069192217
2026-02-18 02:00:00+00:00,0.0,3.2044132,-151.53641874735513,157.9454189461378
2026-02-18 03:00:00+00:00,0.0,5.641425,-149.09940303732083,160.3824346561721
2026-02-18 04:00:00+00:00,0.0,-9.577569,-164.3185482885301,145.16328940496282
2026-02-18 05:00:00+00:00,0.0,-24.916925,-179.65773868748192,129.824099006011
2026-02-18 06:00:00+00:00,22.0324999999998,31.728582,-123.01230269166354,186.4695350018294
2026-02-18 07:00:00+00:00,294.82500000000005,263.65607,108.91512116818058,418.3969588616735
2026-02-18 08:00:00+00:00,917.1300000000001,1222.5393,1067.7983588371806,1377.2801965306735
2026-02-18 09:00:00+00:00,1661.1975,1235.992,1081.250955410126,1390.7327931036189
2026-02-18 10:00:00+00:00,2243.0,1244.1968,1089.455793231147,1398.93763092464
2026-02-18 11:00:00+00:00,2643.4674999999997,1646.1691,1491.4281113711768,1800.9099490646697
2026-02-18 12:00:00+00:00,2708.7025,1359.0083,1204.2673197699078,1513.7491574634007
2026-02-18 13:00:00+00:00,2375.67,494.99042,340.24946247165803,649.731300165151
2026-02-18 14:00:00+00:00,1583.72,340.29303,185.55214190859283,495.03397960208576
2026-02-18 15:00:00+00:00,595.0799999999999,244.14618,89.40530438841006,398.8871420819032
2026-02-18 16:00:00+00:00,28.542500000000018,8.880439,-145.86056510906064,163.62127258443252
2026-02-18 17:00:00+00:00,0.0,12.9771185,-141.7637516124737,167.71808608101946
2026-02-18 18:00:00+00:00,0.0,-15.414727,-170.15571879478284,139.32611889871032
2026-02-18 19:00:00+00:00,0.0,-9.4096,-164.15048508169093,145.331352611802
2026-02-18 20:00:00+00:00,0.0,-3.0695126,-157.81051390704351,151.67132378644965
2026-02-18 21:00:00+00:00,0.0,-19.21795,-173.95886812829758,135.52296956519535
2026-02-18 22:00:00+00:00,0.0,-11.021661,-165.7626616526104,143.71917604088276
2026-02-18 23:00:00+00:00,0.0,-22.833673,-177.5745089252564,131.90732876823654
2026-02-19 00:00:00+00:00,0.0,-10.732842,-165.47375961110174,144.00807808239142
2026-02-19 01:00:00+00:00,0.0,-3.4015439,-158.14247346435377,151.33936422913916
2026-02-19 02:00:00+00:00,0.0,13.528876,-141.21194077632254,168.2698969171704
2026-02-19 03:00:00+00:00,0.0,-1.1178523,-155.858837753005,153.62299994048794
2026-02-19 04:00:00+00:00,0.0,12.248115,-142.49275305512674,166.9890846383662
2026-02-19 05:00:00+00:00,0.0,1.7608098,-152.9801352679715,156.50170242552122
2026-02-19 06:00:00+00:00,140.8074999999999,47.15217,-107.58878305669441,201.89305463679852
2026-02-19 07:00:00+00:00,1076.2775,485.05048,330.30952581686415,639.7913635103573
2026-02-19 08:00:00+00:00,2343.7875,1335.1146,1180.3736228530609,1489.8554605465538
2026-02-19 09:00:00+00:00,3726.1425,1042.886,888.1450410106149,1197.626878704108
2026-02-19 10:00:00+00:00,4858.4,3573.5898,3418.8488456756036,3728.3306833690967
2026-02-19 11:00:00+00:00,5717.014999999999,4251.8555,4097.114545982216,4406.59638367571
2026-02-19 12:00:00+00:00,5825.655,5369.069,5214.32771006931,5523.809547762803
2026-02-19 13:00:00+00:00,5018.04,5564.1626,5409.421512588914,5718.903350282408
2026-02-19 14:00:00+00:00,3155.94,1617.3174,1462.5764010362743,1772.0582387297673
2026-02-19 15:00:00+00:00,1063.84,1251.7759,1097.0349081209197,1406.5167458144124
2026-02-19 16:00:00+00:00,59.01499999999987,-76.5678,-231.30870127202525,78.17313642146746
2026-02-19 17:00:00+00:00,0.0,-3.9801571,-158.7210712342985,150.76076645919443
2026-02-19 18:00:00+00:00,0.0,22.538397,-132.20240362196455,177.27943407152839
2026-02-19 19:00:00+00:00,0.0,10.27497,-144.46585875619985,165.01597893729286
2026-02-19 20:00:00+00:00,0.0,-2.7867978,-157.5277629392208,151.95407475427237
2026-02-19 21:00:00+00:00,0.0,6.078925,-148.6620815404217,160.81975615307147
2026-02-19 22:00:00+00:00,0.0,2.5137393,-152.22712479577012,157.25471289772304
2026-02-19 23:00:00+00:00,0.0,8.4927435,-146.24808275127634,163.23375494221636
2026-02-20 00:00:00+00:00,0.0,4.3223333,-150.41851071036353,159.06332698312963
2026-02-20 01:00:00+00:00,0.0,5.69538,-149.04543232626975,160.4364053672232
2026-02-20 02:00:00+00:00,0.0,14.184638,-140.55635537443732,168.92548231905562
2026-02-20 03:00:00+00:00,0.0,3.0042179,-151.73662627474687,157.74521141874607
2026-02-20 04:00:00+00:00,0.0,-7.058526,-161.7993859815283,147.68245171196463
2026-02-20 05:00:00+00:00,0.005000000000109139,-16.844416,-171.585347372441,137.89649032105194
2026-02-20 06:00:00+00:00,182.60749999999985,70.40266,-84.33831978892795,225.143517904565
2026-02-20 07:00:00+00:00,1859.515,1619.6764,1464.9354370057092,1774.4172746992022
2026-02-20 08:00:00+00:00,4660.6275000000005,4370.493,4215.752089959084,4525.233927652576
2026-02-20 09:00:00+00:00,7018.585,6902.2954,6747.554654963945,7057.0364926574375
2026-02-20 10:00:00+00:00,8467.285,6396.9663,6242.225300018819,6551.707137712312
2026-02-20 11:00:00+00:00,9006.880000000001,6879.479,6724.738140023636,7034.219977717129
2026-02-20 12:00:00+00:00,8446.36,6485.7573,6331.016643940974,6640.498481634467
2026-02-20 13:00:00+00:00,6819.5925,6344.5576,6189.81656484051,6499.298402534003
2026-02-20 14:00:00+00:00,4417.89,3953.4285,3798.687467659901,4108.169305353394
2026-02-20 15:00:00+00:00,1473.425,1542.6646,1387.9235976139164,1697.4054353074093
2026-02-20 16:00:00+00:00,84.0949999999998,13.30329,-141.43754628538545,168.0442914081077
2026-02-20 17:00:00+00:00,0.0,-6.365655,-161.1064972940635,148.37534039942943
2026-02-20 18:00:00+00:00,0.0,4.471259,-150.26969441150914,159.2121432819838
2026-02-20 19:00:00+00:00,0.0,1.3320988,-153.40892463040336,156.0729130630898
2026-02-20 20:00:00+00:00,0.0,0.44171795,-154.2992429410142,155.18259475247874
2026-02-20 21:00:00+00:00,0.0,-1.950616,-156.69161376139255,152.7902239321004
2026-02-20 22:00:00+00:00,0.0,-4.286065,-159.0270375447426,150.45480014875034
2026-02-20 23:00:00+00:00,0.0,-2.425958,-157.1668338090667,152.31500388442646
2026-02-21 00:00:00+00:00,0.0,-17.166925,-179.7453610417192,145.41163336196246
2026-02-21 01:00:00+00:00,0.0,-18.878595,-181.45714532200464,143.69984908167703
2026-02-21 02:00:00+00:00,0.0,-17.166925,-179.7453610417192,145.41163336196246
2026-02-21 03:00:00+00:00,0.0,-15.99627,-178.57467282406697,146.5823215796147
2026-02-21 04:00:00+00:00,0.0,-11.300958,-173.87941938435506,151.27757501932683
2026-02-21 05:00:00+00:00,0.10249999999996362,-3.7899716,-166.36836314859147,158.7886312550902
2026-02-21 06:00:00+00:00,56.335000000000036,110.24421,-52.33420334961147,272.8227910540702
2026-02-21 07:00:00+00:00,608.3050000000001,599.122,436.5435097571951,761.700504160877
2026-02-21 08:00:00+00:00,1819.7375,1169.0873,1006.5087438379446,1331.6657382416263
2026-02-21 09:00:00+00:00,2826.8224999999998,3161.3538,2998.775337075678,3323.93233147936
2026-02-21 10:00:00+00:00,3453.7799999999997,3687.4922,3524.9135758787043,3850.070570282386
2026-02-21 11:00:00+00:00,3600.29,4447.844,4285.2658505789,4610.422844982582
2026-02-21 12:00:00+00:00,3427.8325,2970.423,2807.8446209110843,3133.0016153147662
2026-02-21 13:00:00+00:00,2840.3975,4975.9585,4813.379774565514,5138.536768969196
2026-02-21 14:00:00+00:00,1733.295,3221.0315,3058.4530539769476,3383.610048380629
2026-02-21 15:00:00+00:00,611.4425000000001,1314.2784,1151.6999768628086,1476.8569712664903
2026-02-21 16:00:00+00:00,36.21250000000009,-10.021173,-172.59959921420977,152.5573951894719
2026-02-21 17:00:00+00:00,0.0,72.76545,-89.81309216168302,235.34390224199865
2026-02-21 18:00:00+00:00,0.0,-3.4733212,-166.05188048636182,159.10511391731984
2026-02-21 19:00:00+00:00,0.0,-3.4391415,-166.01755352675946,159.1394408769222
2026-02-21 20:00:00+00:00,0.0,-1.8693172,-164.4478392064466,160.70915519723508
2026-02-21 21:00:00+00:00,0.0,-3.3749325,-165.9534633073863,159.20353109629536
2026-02-21 22:00:00+00:00,0.0,-5.8700495,-168.44861658483978,156.70837781884188
2026-02-21 23:00:00+00:00,0.0,0.5254582,-162.05308732528692,163.10390707839497
2026-02-22 00:00:00+00:00,0.0,13.044501,-149.53406500048595,175.62292940319594
2026-02-22 01:00:00+00:00,0.0,5.9683294,-156.61018080013173,168.54681360355016
2026-02-22 02:00:00+00:00,0.0,-2.3732235,-164.95163198350065,160.20536242018102
2026-02-22 03:00:00+00:00,0.0,8.527656,-154.0509373033051,171.1060571003768
2026-02-22 04:00:00+00:00,0.0,22.705877,-139.87271245714692,185.28428194653475
2026-02-22 05:00:00+00:00,0.08750000000009095,14.237861,-148.34075670540778,176.81623769827388
2026-02-22 06:00:00+00:00,44.085000000000036,131.12616,-31.45230029440654,293.7046941092751
2026-02-22 07:00:00+00:00,468.87750000000005,661.6734,499.09486938933674,824.2518637930184
2026-02-22 08:00:00+00:00,1059.3925,947.3848,784.8062894506329,1109.9632838543146
2026-02-22 09:00:00+00:00,1687.055,1723.5289,1560.9504041254622,1886.1073985291437
2026-02-22 10:00:00+00:00,2076.1549999999997,2173.5688,2010.9902899097497,2336.147284313431
2026-02-22 11:00:00+00:00,1933.6325,2118.3076,1955.7290043856765,2280.885998789358
2026-02-22 12:00:00+00:00,1550.04,1838.6007,1676.0221607654858,2001.1791551691672
2026-02-22 13:00:00+00:00,1094.42,1622.4581,1459.8796321196614,1785.0366265233429
2026-02-22 14:00:00+00:00,605.1225,930.877,768.2984942622129,1093.4554886658946
2026-02-22 15:00:00+00:00,220.85249999999974,448.61725,286.0387411763131,611.1957355799948
2026-02-22 16:00:00+00:00,19.102499999999964,105.25129,-57.327287808763685,267.829706594918
2026-02-22 17:00:00+00:00,0.0,-14.033868,-176.6124803182429,148.54451408543878
2026-02-22 18:00:00+00:00,0.0,-18.362238,-180.94085197584718,144.2161424278347
2026-02-22 19:00:00+00:00,0.0,-5.3331842,-167.91168737857424,157.24530702510742
2026-02-22 20:00:00+00:00,0.0,0.73541915,-161.84315713303658,163.31383727064508
2026-02-22 21:00:00+00:00,0.0,3.7986515,-158.77992243742392,166.37707196625752
2026-02-22 22:00:00+00:00,0.0,-2.8678524,-165.44629736089155,159.71069704279012
2026-02-22 23:00:00+00:00,0.0,2.07746,-160.50103253910447,164.6559618645772
2026-02-23 00:00:00+00:00,0.0,3.7210147,-158.85750533455985,166.2994890691216
2026-02-23 01:00:00+00:00,0.0,-0.95330155,-163.5317260707011,161.6252683329808
2026-02-23 02:00:00+00:00,0.0,1.8286809,-160.74985339078876,164.40714101289313
2026-02-23 03:00:00+00:00,0.0,-1.3158504,-163.89424257470955,161.26275182897234
2026-02-23 04:00:00+00:00,0.0,6.313056,-156.2653238302537,168.89167057342797
2026-02-23 05:00:00+00:00,0.16499999999996362,10.599921,-151.97862073632905,173.17837366735284
2026-02-23 06:00:00+00:00,207.5150000000001,192.64105,30.062603421649328,355.219597825331
2026-02-23 07:00:00+00:00,1423.275,820.6856,658.107068932243,983.2640633359249
2026-02-23 08:00:00+00:00,3462.715,3347.8936,3185.3149803154174,3510.4719747190993
2026-02-23 09:00:00+00:00,5180.1175,5870.606,5708.02764736454,6033.184641768221
2026-02-23 10:00:00+00:00,5454.4425,7306.0728,7143.4941892159495,7468.6511836196305
2026-02-23 11:00:00+00:00,5103.665,7152.6504,6990.072125123198,7315.229119526879
2026-02-23 12:00:00+00:00,4791.63,6415.627,6253.0484918531,6578.20548625678
2026-02-23 13:00:00+00:00,3779.7574999999997,5818.2104,5655.6320080205305,5980.7890024242115
2026-02-23 14:00:00+00:00,2308.6575,2690.5103,2527.9316791183387,2853.08867352202
2026-02-23 15:00:00+00:00,832.5974999999999,1061.4535,898.874974630947,1224.0319690346287
2026-02-23 16:00:00+00:00,67.57499999999982,70.93195,-91.64650896356534,233.51048544011633
2026-02-23 17:00:00+00:00,0.0,-77.0324,-239.61078490127647,85.54620950240542
2026-02-23 18:00:00+00:00,0.0,33.852608,-128.72597482951232,196.43101957416934
2026-02-23 19:00:00+00:00,0.0,0.98663986,-161.59195522057098,163.5650391831109
2026-02-23 20:00:00+00:00,0.0,-5.082696,-167.66127915303605,157.49571525064584
2026-02-23 21:00:00+00:00,0.0,-9.791924,-172.37042211397466,152.78657228970724
2026-02-23 22:00:00+00:00,0.0,60.99836,-101.58009612294154,223.57689828074035
2026-02-23 23:00:00+00:00,0.0,-2.389581,-164.96810098724063,160.18889341644126
2026-02-24 00:00:00+00:00,0.0,-14.519464,-177.0980182959711,148.0589761077108
2026-02-24 01:00:00+00:00,0.0,-18.814875,-181.39325352436344,143.76374087931822
2026-02-24 02:00:00+00:00,0.0,-24.659113,-187.23756721296104,137.91942719072063
2026-02-24 03:00:00+00:00,0.0,-15.54168,-178.1200886365009,147.036905767181
2026-02-24 04:00:00+00:00,0.0,-6.6842585,-169.26274095043755,155.89425345324412
2026-02-24 05:00:00+00:00,0.1550000000002001,39.13874,-123.4398214724838,201.7171729311981
2026-02-24 06:00:00+00:00,157.51750000000015,260.51105,97.93255836396975,423.08955276765164
2026-02-24 07:00:00+00:00,1095.5275,1556.1531,1393.5745797706572,1718.731574174339
2026-02-24 08:00:00+00:00,2391.505,4125.4624,3962.88411026264,4288.041104666322
2026-02-24 09:00:00+00:00,3432.9475,5536.6626,5374.083872735976,5699.240867139657
2026-02-24 10:00:00+00:00,3885.0525,5722.571,5559.992336446843,5885.149330850523
2026-02-24 11:00:00+00:00,3991.895,5353.7593,5191.180902996766,5516.337897400448
2026-02-24 12:00:00+00:00,4005.0275,3530.4988,3367.9202182460526,3693.077212649734
2026-02-24 13:00:00+00:00,3535.475,3043.9739,2881.3953900349948,3206.552384438676
2026-02-24 14:00:00+00:00,2471.7925,2381.9639,2219.3853529024677,2544.5423473061496
2026-02-24 15:00:00+00:00,1238.4575,910.50934,747.9308011249818,1073.0877955286635
2026-02-24 16:00:00+00:00,166.1500000000001,107.6905,-54.88789103794761,270.26910336573405
2026-02-24 17:00:00+00:00,0.0,90.784004,-71.79441469643052,253.36257970725114
2026-02-24 18:00:00+00:00,0.0,-43.452812,-206.03127996264539,119.12571444103605
2026-02-24 19:00:00+00:00,0.0,-14.7745905,-177.35299022134086,147.8040041823408
2026-02-24 20:00:00+00:00,0.0,0.4444035,-162.13404339186354,163.02295101181835
2026-02-24 21:00:00+00:00,0.0,-32.729424,-195.30797431068368,129.84902009299776
2026-02-24 22:00:00+00:00,0.0,-1.6073543,-164.18592252046346,160.9710718832182
2026-02-24 23:00:00+00:00,0.0,-18.943293,-181.52183080657323,143.63516359710843
2026-02-25 00:00:00+00:00,0.0,0.62726486,-161.9512969768707,163.20569742681118
2026-02-25 01:00:00+00:00,0.0,-6.548272,-169.12682206415093,156.03017233953096
2026-02-25 02:00:00+00:00,0.0,-3.597833,-166.17629091220397,158.98070349147793
2026-02-25 03:00:00+00:00,0.0,30.172918,-132.40550742411278,192.7514869795691
2026-02-25 04:00:00+00:00,0.0,29.897772,-132.6807183661267,192.47627603755495
2026-02-25 05:00:00+00:00,0.6900000000000546,3.6673038,-158.91107920214745,166.24591520153422
2026-02-25 06:00:00+00:00,449.0424999999998,324.95844,162.37993685437823,487.5369312580601
2026-02-25 07:00:00+00:00,2346.4125000000004,2004.1837,1841.6052695761446,2166.7622639798265
2026-02-25 08:00:00+00:00,5036.67,4895.6255,4733.046752226761,5058.203746630443
2026-02-25 09:00:00+00:00,7463.735000000001,6269.203,6106.624365397663,6431.781359801344
2026-02-25 10:00:00+00:00,9246.095000000001,8040.9956,7878.417330033156,8203.574324436837
2026-02-25 11:00:00+00:00,9934.962500000001,9926.412,9763.833324639327,10088.990319043009
2026-02-25 12:00:00+00:00,9524.2225,9638.839,9476.259915046769,9801.41690945045
2026-02-25 13:00:00+00:00,8187.5425,8568.819,8406.240566182674,8731.397560586354
2026-02-25 14:00:00+00:00,5623.405000000001,4320.3496,4157.771157337703,4482.928151741385
2026-02-25 15:00:00+00:00,2455.6875,2509.02,2346.4414473068678,2671.5984417105497
2026-02-25 16:00:00+00:00,249.39000000000033,198.05121,35.47277036105652,360.6297647647382
2026-02-25 17:00:00+00:00,0.01499999999987267,83.67097,-78.9074369381924,246.2495574654895
2026-02-25 18:00:00+00:00,0.0,-3.4877255,-166.066166851052,159.0908275526299
2026-02-25 19:00:00+00:00,0.0,10.110908,-152.4675318834975,172.68946252018418
2026-02-25 20:00:00+00:00,0.0,10.110908,-152.4675318834975,172.68946252018418
2026-02-25 21:00:00+00:00,0.0,8.9458685,-153.63266429265923,171.52433011102266
2026-02-25 22:00:00+00:00,0.0,6.8989935,-155.67938445623213,169.47760994744954
2026-02-25 23:00:00+00:00,0.0,6.2632513,-156.31512768493712,168.84186671874477
2026-02-26 00:00:00+00:00,0.0,4.795722,-157.7828532351018,167.37414116857985
2026-02-26 01:00:00+00:00,0.0,0.58991134,-161.98860026244984,163.16839414123183
2026-02-26 02:00:00+00:00,0.0,-29.557795,-192.13620292777387,133.0207914759078
2026-02-26 03:00:00+00:00,0.0,20.60578,-141.9728080665759,183.18418633710598
2026-02-26 04:00:00+00:00,0.0,-1.9008113,-164.4793882618037,160.67760614187796
2026-02-26 05:00:00+00:00,1.337500000000091,21.08576,-141.4926274756067,183.6643669280752
2026-02-26 06:00:00+00:00,594.69,337.57025,174.99182054966423,500.1488149533459
2026-02-26 07:00:00+00:00,3368.755,2819.3457,2656.7671576067787,2981.9241520104606
2026-02-26 08:00:00+00:00,6793.665,5941.931,5779.352719922788,6104.50971432647
2026-02-26 09:00:00+00:00,9206.3175,7728.168,7565.5895961033275,7890.7465905070085
2026-02-26 10:00:00+00:00,10362.4275,9945.626,9783.04769146044,10108.20468586412
2026-02-26 11:00:00+00:00,9984.8525,10132.29,9969.71174512602,10294.868739529702
2026-02-26 12:00:00+00:00,8847.34,8884.582,8722.003354369368,9047.16034877305
2026-02-26 13:00:00+00:00,7313.0725,6446.268,6283.689569365423,6608.846563769104
2026-02-26 14:00:00+00:00,5148.7125,3334.1792,3171.6007646890866,3496.7577590927685
2026-02-26 15:00:00+00:00,2268.02,1564.7676,1402.1891088624238,1727.3461032661053
2026-02-26 16:00:00+00:00,263.4324999999999,344.242,181.6635528598904,506.8205472635723
2026-02-26 17:00:00+00:00,0.01749999999992724,-13.18963,-175.76819584941086,149.3887985542708
2026-02-26 18:00:00+00:00,0.0,5.9722357,-156.6062123654956,168.5507820381863
2026-02-26 19:00:00+00:00,0.0,4.365546,-158.2128331279241,166.94416127575755
2026-02-26 20:00:00+00:00,0.0,2.4881046,-160.0902995542674,165.0666948494145
2026-02-26 21:00:00+00:00,0.0,5.193427,-157.38501766283207,167.77197674084982
2026-02-26 22:00:00+00:00,0.0,1.6492375,-160.9292266363409,164.227767767341
2026-02-26 23:00:00+00:00,0.0,2.0972354,-160.48119036592425,164.67580403775764
2026-02-27 00:00:00+00:00,0.0,5.2136908,-157.36477864618792,167.79221575749398
2026-02-27 01:00:00+00:00,0.0,7.4461126,-155.1323357416445,170.02465866203715
2026-02-27 02:00:00+00:00,0.0,-11.032159,-173.61055793775859,151.5464364659233
2026-02-27 03:00:00+00:00,0.0,6.5098333,-156.0686878940346,169.08830650964728
2026-02-27 04:00:00+00:00,0.0,16.441229,-146.13728337370821,179.01971102997322
2026-02-27 05:00:00+00:00,0.7649999999998727,39.7425,-122.8360241425994,202.32097026108204
2026-02-27 06:00:00+00:00,553.2925,244.7442,82.1657691329774,407.32276353665907
2026-02-27 07:00:00+00:00,2942.36,1844.1255,1681.546941057727,2006.7039354614085
2026-02-27 08:00:00+00:00,6084.825000000001,4782.9077,4620.328922196579,4945.485916600261
2026-02-27 09:00:00+00:00,8772.68,9222.504,9059.925087877167,9385.08208228085
2026-02-27 10:00:00+00:00,9990.51,9012.244,8849.66551555221,9174.822509955891
2026-02-27 11:00:00+00:00,10041.625,9550.837,9388.258289617199,9713.41528402088
2026-02-27 12:00:00+00:00,9491.91,9680.188,9517.60941658117,9842.76641098485
2026-02-27 13:00:00+00:00,8319.2925,8913.154,8750.575290062425,9075.732284466107
2026-02-27 14:00:00+00:00,5875.9475,6510.8027,6348.224253417827,6673.381247821508
2026-02-27 15:00:00+00:00,2512.8650000000002,2842.2383,2679.659816886667,3004.816811290349
2026-02-27 16:00:00+00:00,296.9625000000001,319.24286,156.6643988697224,481.8213932734043
2026-02-27 17:00:00+00:00,0.03000000000020009,-21.797052,-184.3755321533995,140.7814622502824
2026-02-27 18:00:00+00:00,0.0,4.2237005,-158.35470466616516,166.80228973751673
2026-02-27 19:00:00+00:00,0.0,4.783271,-157.7951553824737,167.36183902120797
2026-02-27 20:00:00+00:00,0.0,4.783271,-157.7951553824737,167.36183902120797
2026-02-27 21:00:00+00:00,0.0,4.783271,-157.7951553824737,167.36183902120797
2026-02-27 22:00:00+00:00,0.0,4.555976,-158.02254668712294,167.13444771655895
2026-02-27 23:00:00+00:00,0.0,4.570136,-158.00845874416473,167.14853565951717
