date,solar_tran_actual,solar_tran_fitted,solar_tran_lower,solar_tran_upper
2026-01-24 00:00:00+00:00,0.0,1.5412150550628212,-264.9648089840159,268.04723909414133
2026-01-24 01:00:00+00:00,0.0,1.5984968246209519,-264.9075272144578,268.10452086369946
2026-01-24 02:00:00+00:00,0.0,3.251020246248345,-263.2550037928304,269.75704428532686
2026-01-24 03:00:00+00:00,0.0,7.179011032807239,-259.3270130062713,273.68503507188586
2026-01-24 04:00:00+00:00,0.0,3.1440128833444305,-263.3620111557341,269.65003692242317
2026-01-24 05:00:00+00:00,0.0,6.662800806383302,-259.8432232326952,273.1688248454618
2026-01-24 06:00:00+00:00,0.0,2.5156091890266907,-263.99041485005205,269.0216332281052
2026-01-24 07:00:00+00:00,130.0067499999999,133.52687756753437,-132.97914647154425,400.032901606613
2026-01-24 08:00:00+00:00,782.4245,984.4876033618857,717.9815793228072,1250.9936274009642
2026-01-24 09:00:00+00:00,1648.03275,1561.280876458718,1294.7748524196395,1827.7869004977965
2026-01-24 10:00:00+00:00,2442.44225,1944.8314270358924,1678.3254029968139,2211.337451074971
2026-01-24 11:00:00+00:00,2872.9667500000005,2964.9615268285115,2698.4555027894326,3231.46755086759
2026-01-24 12:00:00+00:00,2764.85225,2151.6888349864657,1885.1828109473868,2418.1948590255442
2026-01-24 13:00:00+00:00,2002.5149999999999,1523.339643417345,1256.8336193782666,1789.8456674564236
2026-01-24 14:00:00+00:00,942.85475,1146.9373223761224,880.4312983370438,1413.443346415201
2026-01-24 15:00:00+00:00,223.12099999999998,157.79609341192634,-108.70993062715229,424.30211745100496
2026-01-24 16:00:00+00:00,0.21925000000010186,10.992430465520329,-255.5135935735584,277.49845450459884
2026-01-24 17:00:00+00:00,0.0,0.9037765442005821,-265.60224749487816,267.4098005832791
2026-01-24 18:00:00+00:00,0.0,-0.5154102097135365,-267.02143424879205,265.9906138293651
2026-01-24 19:00:00+00:00,0.0,-0.8298698809467169,-267.3358939200252,265.676154158132
2026-01-24 20:00:00+00:00,0.0,-0.8298698809467169,-267.3358939200252,265.676154158132
2026-01-24 21:00:00+00:00,0.0,-0.4661171400252897,-266.972141179104,266.0399068990532
2026-01-24 22:00:00+00:00,0.0,-0.4661171400252897,-266.972141179104,266.0399068990532
2026-01-24 23:00:00+00:00,0.0,-0.5154102097135365,-267.02143424879205,265.9906138293651
2026-01-25 00:00:00+00:00,0.0,-0.07196373600504558,-266.57798777508356,266.43406030307347
2026-01-25 01:00:00+00:00,0.0,-0.07196373600504558,-266.57798777508356,266.43406030307347
2026-01-25 02:00:00+00:00,0.0,0.7547949216514098,-265.7512291174271,267.2608189607299
2026-01-25 03:00:00+00:00,0.0,1.2617493505117636,-265.24427468856675,267.7677733895903
2026-01-25 04:00:00+00:00,0.0,1.2617493505117636,-265.24427468856675,267.7677733895903
2026-01-25 05:00:00+00:00,0.0,1.2617493505117636,-265.24427468856675,267.7677733895903
2026-01-25 06:00:00+00:00,0.0,1.2617493505117636,-265.24427468856675,267.7677733895903
2026-01-25 07:00:00+00:00,76.65625,125.35051815189865,-141.15550588717997,391.8565421909773
2026-01-25 08:00:00+00:00,408.6890000000001,375.7724891113253,109.26646507224655,642.2785131504038
2026-01-25 09:00:00+00:00,723.184,738.9251335823219,472.4191095432434,1005.4311576214005
2026-01-25 10:00:00+00:00,952.256,864.1195679712902,597.6135439322115,1130.6255920103688
2026-01-25 11:00:00+00:00,1090.20325,978.4402126036329,711.9341885645542,1244.9462366427115
2026-01-25 12:00:00+00:00,1037.53925,947.1131875994397,680.6071635603612,1213.6192116385182
2026-01-25 13:00:00+00:00,745.98775,883.2700414647612,616.7640174256826,1149.7760655038398
2026-01-25 14:00:00+00:00,328.1600000000001,519.7738098614639,253.26778582238512,786.2798339005424
2026-01-25 15:00:00+00:00,64.48775000000012,90.58420723031543,-175.9218168087632,357.09023126939405
2026-01-25 16:00:00+00:00,0.18875000000002728,11.015680811591892,-255.49034322748685,277.5217048506704
2026-01-25 17:00:00+00:00,0.0,8.874315525978318,-257.6317085131002,275.38033956505694
2026-01-25 18:00:00+00:00,0.0,31.730666069266135,-234.77535796981238,298.23669010834476
2026-01-25 19:00:00+00:00,0.0,29.092292501180054,-237.41373153789846,295.5983165402588
2026-01-25 20:00:00+00:00,0.0,32.98354653593424,-233.52247750314427,299.48957057501275
2026-01-25 21:00:00+00:00,0.0,32.98354653593424,-233.52247750314427,299.48957057501275
2026-01-25 22:00:00+00:00,0.0,37.31496053371097,-229.19106350536754,303.8209845727896
2026-01-25 23:00:00+00:00,0.0,37.31496053371097,-229.19106350536754,303.8209845727896
2026-01-26 00:00:00+00:00,0.0,37.04435428096872,-229.4616697581098,303.55037832004734
2026-01-26 01:00:00+00:00,0.0,17.047717757298642,-249.45830628177987,283.55374179637727
2026-01-26 02:00:00+00:00,0.0,44.597916052785195,-221.90810798629332,311.1039400918637
2026-01-26 03:00:00+00:00,0.0,44.597916052785195,-221.90810798629332,311.1039400918637
2026-01-26 04:00:00+00:00,0.0,32.59810204451355,-233.90792199456496,299.1041260835922
2026-01-26 05:00:00+00:00,0.0,10.082970726956319,-256.4230533121222,276.58899476603494
2026-01-26 06:00:00+00:00,0.0,10.082970726956319,-256.4230533121222,276.58899476603494
2026-01-26 07:00:00+00:00,33.362750000000005,70.90807605967416,-195.59794797940435,337.41410009875267
2026-01-26 08:00:00+00:00,191.53199999999993,237.86638301465575,-28.639641024422872,504.3724070537344
2026-01-26 09:00:00+00:00,385.50775,364.3979156112465,97.89189157216799,630.9039396503251
2026-01-26 10:00:00+00:00,551.39375,570.400246690712,303.8942226516334,836.9062707297905
2026-01-26 11:00:00+00:00,753.38575,1204.0318191441852,937.5257951051066,1470.5378431832637
2026-01-26 12:00:00+00:00,854.5885000000001,954.5567929757156,688.050768936637,1221.0628170147943
2026-01-26 13:00:00+00:00,718.54025,535.4997599312353,268.9937358921567,802.0057839703138
2026-01-26 14:00:00+00:00,456.7545,546.5127610024456,280.0067369633671,813.0187850415242
2026-01-26 15:00:00+00:00,138.79925000000014,99.26944107539816,-167.23658296368035,365.7754651144768
2026-01-26 16:00:00+00:00,0.0,-11.505294336375073,-278.0113183754538,255.00072970270344
2026-01-26 17:00:00+00:00,0.0,1.303093206582389,-265.20293083249635,267.8091172456609
2026-01-26 18:00:00+00:00,0.0,1.6317559192102635,-264.87426811986825,268.1377799582888
2026-01-26 19:00:00+00:00,0.0,1.2121584646426982,-265.2938655744358,267.7181825037213
2026-01-26 20:00:00+00:00,0.0,0.826321539547962,-265.6797024995308,267.3323455786265
2026-01-26 21:00:00+00:00,0.0,0.41708236538806887,-266.08894167369044,266.9231064044667
2026-01-26 22:00:00+00:00,0.0,0.41708236538806887,-266.08894167369044,266.9231064044667
2026-01-26 23:00:00+00:00,0.0,0.41708236538806887,-266.08894167369044,266.9231064044667
2026-01-27 00:00:00+00:00,0.0,-0.786016462455791,-267.2920405015343,265.7200075766227
2026-01-27 01:00:00+00:00,0.0,0.9272111114300969,-265.5788129276484,267.4332351505086
2026-01-27 02:00:00+00:00,0.0,2.3653236446423307,-264.1407003944362,268.87134768372096
2026-01-27 03:00:00+00:00,0.0,2.405720047613613,-264.1003039914649,268.91174408669224
2026-01-27 04:00:00+00:00,0.0,15.878653037450022,-250.6273710016285,282.38467707652865
2026-01-27 05:00:00+00:00,0.0,15.878653037450022,-250.6273710016285,282.38467707652865
2026-01-27 06:00:00+00:00,0.0,1.9556423876372264,-264.5503816514413,268.46166642671585
2026-01-27 07:00:00+00:00,379.9625,79.06865295333546,-187.43737108574305,345.57467699241397
2026-01-27 08:00:00+00:00,1463.48175,586.3352882266208,319.8292641875423,852.8413122656995
2026-01-27 09:00:00+00:00,2399.1745,1476.5765117900648,1210.0704877509863,1743.0825358291436
2026-01-27 10:00:00+00:00,2895.79275,1931.4287177985077,1664.922693759429,2197.9347418375864
2026-01-27 11:00:00+00:00,2611.48,3350.6860131855183,3084.1799891464398,3617.1920372245972
2026-01-27 12:00:00+00:00,1922.4515000000001,2950.7168931163606,2684.210869077282,3217.2229171554386
2026-01-27 13:00:00+00:00,1003.6035,2283.1189778915177,2016.612953852439,2549.625001930596
2026-01-27 14:00:00+00:00,404.02475000000004,1077.5824015399846,811.076377500906,1344.0884255790631
2026-01-27 15:00:00+00:00,72.84725000000003,249.42041986713753,-17.085604171940986,515.9264439062162
2026-01-27 16:00:00+00:00,0.0,22.608415562454184,-243.89760847662433,289.1144396015327
2026-01-27 17:00:00+00:00,0.0,7.966027429163205,-258.5399966099153,274.47205146824183
2026-01-27 18:00:00+00:00,0.0,8.280487100396385,-258.2255369386821,274.786511139475
2026-01-27 19:00:00+00:00,0.0,30.70215367158221,-235.8038703674963,297.20817771066083
2026-01-27 20:00:00+00:00,0.0,44.155033840849,-222.3509901982295,310.6610578799276
2026-01-27 21:00:00+00:00,0.0,32.18775315845596,-234.31827088062255,298.6937771975346
2026-01-27 22:00:00+00:00,0.0,32.18775315845596,-234.31827088062255,298.6937771975346
2026-01-27 23:00:00+00:00,0.0,32.18775315845596,-234.31827088062255,298.6937771975346
2026-01-28 00:00:00+00:00,0.0,32.293583328033264,-234.21244071104547,298.7996073671118
2026-01-28 01:00:00+00:00,0.0,32.293583328033264,-234.21244071104547,298.7996073671118
2026-01-28 02:00:00+00:00,0.0,32.59810204451355,-233.90792199456496,299.1041260835922
2026-01-28 03:00:00+00:00,0.0,32.59810204451355,-233.90792199456496,299.1041260835922
2026-01-28 04:00:00+00:00,0.0,32.59810204451355,-233.90792199456496,299.1041260835922
2026-01-28 05:00:00+00:00,0.0,31.113066819412325,-235.3929572196664,297.61909085849084
2026-01-28 06:00:00+00:00,0.0,32.59810204451355,-233.90792199456496,299.1041260835922
2026-01-28 07:00:00+00:00,125.13124999999991,134.95017725339858,-131.55584678567993,401.4562012924772
2026-01-28 08:00:00+00:00,629.015,374.27057011459556,107.76454607551693,640.7765941536741
2026-01-28 09:00:00+00:00,1192.06125,567.4985122716037,300.99248823252503,834.0045363106823
2026-01-28 10:00:00+00:00,1380.012,987.3690761077299,720.8630520686513,1253.8751001468086
2026-01-28 11:00:00+00:00,1164.5629999999999,1415.0112897584809,1148.5052657194024,1681.5173137975594
2026-01-28 12:00:00+00:00,909.03825,1366.4917116436052,1099.9856876045267,1632.997735682684
2026-01-28 13:00:00+00:00,542.05,909.6297340774177,643.123710038339,1176.1357581164962
2026-01-28 14:00:00+00:00,269.29025,445.65818501950014,179.1521609804215,712.1642090585786
2026-01-28 15:00:00+00:00,54.487499999999955,107.66559257133679,-158.84043146774184,374.1716166104154
2026-01-28 16:00:00+00:00,0.0,25.46550547956076,-241.04051855951798,291.9715295186393
2026-01-28 17:00:00+00:00,0.0,23.324140193947187,-243.18188384513132,289.8301642330258
2026-01-28 18:00:00+00:00,0.0,31.01661334281539,-235.48941069626312,297.522637381894
2026-01-28 19:00:00+00:00,0.0,31.01661334281539,-235.48941069626312,297.522637381894
2026-01-28 20:00:00+00:00,0.0,31.850136854324774,-234.65588718475374,298.3561608934034
2026-01-28 21:00:00+00:00,0.0,31.850136854324774,-234.65588718475374,298.3561608934034
2026-01-28 22:00:00+00:00,0.0,31.850136854324774,-234.65588718475374,298.3561608934034
2026-01-28 23:00:00+00:00,0.0,31.850136854324774,-234.65588718475374,298.3561608934034
2026-01-29 00:00:00+00:00,0.0,32.075300250697865,-234.43072378838087,298.5813242897764
2026-01-29 01:00:00+00:00,0.0,32.293583328033264,-234.21244071104547,298.7996073671118
2026-01-29 02:00:00+00:00,0.0,32.59810204451355,-233.90792199456496,299.1041260835922
2026-01-29 03:00:00+00:00,0.0,32.59810204451355,-233.90792199456496,299.1041260835922
2026-01-29 04:00:00+00:00,0.0,32.59810204451355,-233.90792199456496,299.1041260835922
2026-01-29 05:00:00+00:00,0.0,31.427526490645278,-235.07849754843323,297.9335505297239
2026-01-29 06:00:00+00:00,0.0,8.912395173088044,-257.59362886599047,275.41841921216667
2026-01-29 07:00:00+00:00,19.16574999999989,94.77349400236847,-171.73253003671016,361.2795180414471
2026-01-29 08:00:00+00:00,162.18650000000002,363.1868592332655,96.68083519418701,629.6928832723441
2026-01-29 09:00:00+00:00,344.43575,477.78511870280556,211.27909466372705,744.2911427418842
2026-01-29 10:00:00+00:00,523.86725,524.4936404605019,257.98761642142335,790.9996644995805
2026-01-29 11:00:00+00:00,645.0632500000002,955.9915126503925,689.4854886113138,1222.497536689471
2026-01-29 12:00:00+00:00,632.1405,928.8354443371713,662.3294202980928,1195.34146837625
2026-01-29 13:00:00+00:00,543.07925,400.653635622877,134.14761158379827,667.1596596619556
2026-01-29 14:00:00+00:00,395.539,346.2997680698527,79.79374403077429,612.8057921089313
2026-01-29 15:00:00+00:00,144.93349999999998,57.82358518872252,-208.682438850356,324.32960922780114
2026-01-29 16:00:00+00:00,1.7439999999999145,8.988403591380347,-257.51762044769816,275.494427630459
2026-01-29 17:00:00+00:00,0.0,-0.31714587911346825,-266.823169918192,266.18887815996516
2026-01-29 18:00:00+00:00,0.0,-0.5113812494776084,-267.01740528855635,265.9946427896009
2026-01-29 19:00:00+00:00,0.0,-0.31714587911346825,-266.823169918192,266.18887815996516
2026-01-29 20:00:00+00:00,0.0,-0.31714587911346825,-266.823169918192,266.18887815996516
2026-01-29 21:00:00+00:00,0.0,-1.0352275657999144,-267.5412516048784,265.4707964732786
2026-01-29 22:00:00+00:00,0.0,-1.0352275657999144,-267.5412516048784,265.4707964732786
2026-01-29 23:00:00+00:00,0.0,-0.23431704896484007,-266.7403410880436,266.27170699011367
2026-01-30 00:00:00+00:00,0.0,-0.07196373600504558,-266.57798777508356,266.43406030307347
2026-01-30 01:00:00+00:00,0.0,0.9231821511941689,-265.58284188788434,267.4292061902728
2026-01-30 02:00:00+00:00,0.0,1.7499408088506243,-264.7560832302279,268.25596484792925
2026-01-30 03:00:00+00:00,0.0,1.576209021744944,-264.9298150173338,268.08223306082346
2026-01-30 04:00:00+00:00,0.0,9.505803311803675,-257.00022072727484,276.0118273508823
2026-01-30 05:00:00+00:00,0.0,9.505803311803675,-257.00022072727484,276.0118273508823
2026-01-30 06:00:00+00:00,0.0,9.505803311803675,-257.00022072727484,276.0118273508823
2026-01-30 07:00:00+00:00,191.61974999999995,124.16007969751922,-142.3459443415593,390.66610373659773
2026-01-30 08:00:00+00:00,813.55325,352.8722943412839,86.3662703022053,619.3783183803625
2026-01-30 09:00:00+00:00,1448.29325,815.2498933443933,548.7438693053147,1081.7559173834718
2026-01-30 10:00:00+00:00,1864.1305,1169.4214364717077,902.9154124326292,1435.9274605107862
2026-01-30 11:00:00+00:00,2042.6444999999999,1199.6710447079986,933.1650206689201,1466.1770687470773
2026-01-30 12:00:00+00:00,1640.60175,1586.5077268705347,1320.0017028314562,1853.0137509096135
2026-01-30 13:00:00+00:00,1026.7085,1078.6855661529823,812.1795421139036,1345.1915901920609
2026-01-30 14:00:00+00:00,462.17175,471.8853246711858,205.37930063210717,738.3913487102643
2026-01-30 15:00:00+00:00,108.88150000000007,52.12626475201262,-214.379759287066,318.63228879109124
2026-01-30 16:00:00+00:00,0.4982500000000982,-24.151417793713108,-290.65744183279185,242.3546062453654
2026-01-30 17:00:00+00:00,0.0,0.4797356774859054,-266.02628836159283,266.9857597165644
2026-01-30 18:00:00+00:00,0.0,0.31007185591965936,-266.1959521831591,266.81609589499817
2026-01-30 19:00:00+00:00,0.0,-0.5154102097135365,-267.02143424879205,265.9906138293651
2026-01-30 20:00:00+00:00,0.0,-0.5154102097135365,-267.02143424879205,265.9906138293651
2026-01-30 21:00:00+00:00,0.0,0.4797356774859054,-266.02628836159283,266.9857597165644
2026-01-30 22:00:00+00:00,0.0,0.31007185591965936,-266.1959521831591,266.81609589499817
2026-01-30 23:00:00+00:00,0.0,0.31007185591965936,-266.1959521831591,266.81609589499817
2026-01-31 00:00:00+00:00,0.0,-0.9826498036975408,-272.3975363920581,270.432236784663
2026-01-31 01:00:00+00:00,0.0,-0.4375830639498872,-271.8524696523107,270.9773035244107
2026-01-31 02:00:00+00:00,0.0,0.9755572439305524,-270.4393293444298,272.3904438322911
2026-01-31 03:00:00+00:00,0.0,1.2482947802791386,-270.1665918080812,272.6631813686398
2026-01-31 04:00:00+00:00,0.0,5.10403388145005,-266.31085270691074,276.5189204698105
2026-01-31 05:00:00+00:00,0.0,5.10403388145005,-266.31085270691074,276.5189204698105
2026-01-31 06:00:00+00:00,0.0,3.6293248181923445,-267.7855617701682,275.0442114065528
2026-01-31 07:00:00+00:00,263.1675,85.08332583796641,-186.33156075039415,356.498212426327
2026-01-31 08:00:00+00:00,986.7895000000001,534.040804856653,262.6259182682925,805.4556914450136
2026-01-31 09:00:00+00:00,1657.3967499999999,1408.935691326767,1137.5208047384065,1680.3505779151276
2026-01-31 10:00:00+00:00,2202.2855,1624.533297398419,1353.1184108100585,1895.9481839867794
2026-01-31 11:00:00+00:00,2441.36775,1729.0060741129735,1457.591187524613,2000.420960701334
2026-01-31 12:00:00+00:00,2326.1895,1558.2103646357066,1286.795478047346,1829.6252512240671
2026-01-31 13:00:00+00:00,1860.46175,1596.4306921484572,1325.0158055600969,1867.845578736818
2026-01-31 14:00:00+00:00,1129.5705,784.6553831081253,513.2404965197647,1056.0702696964859
2026-01-31 15:00:00+00:00,281.49025000000006,170.70759895097058,-100.70728763738998,442.12248553933114
2026-01-31 16:00:00+00:00,1.2825000000000273,-6.512080652843679,-277.926967241204,264.9028059355169
2026-01-31 17:00:00+00:00,0.0,-2.0941949855393887,-273.5090815739002,269.32069160282106
2026-01-31 18:00:00+00:00,0.0,-2.0941949855393887,-273.5090815739002,269.32069160282106
2026-01-31 19:00:00+00:00,0.0,-2.0941949855393887,-273.5090815739002,269.32069160282106
2026-01-31 20:00:00+00:00,0.0,-2.0941949855393887,-273.5090815739002,269.32069160282106
2026-01-31 21:00:00+00:00,0.0,-2.0941949855393887,-273.5090815739002,269.32069160282106
2026-01-31 22:00:00+00:00,0.0,-2.0941949855393887,-273.5090815739002,269.32069160282106
2026-01-31 23:00:00+00:00,0.0,-2.0941949855393887,-273.5090815739002,269.32069160282106
2026-02-01 00:00:00+00:00,0.0,-0.6083505748288189,-272.0232371631894,270.80653601353174
2026-02-01 01:00:00+00:00,0.0,-0.06328383508139268,-271.4781704234417,271.3516027532793
2026-02-01 02:00:00+00:00,0.0,1.3498564727992743,-270.0650301155615,272.76474306115983
2026-02-01 03:00:00+00:00,0.0,4.484974667907636,-266.9299119204529,275.8998612562683
2026-02-01 04:00:00+00:00,0.0,5.316853124624458,-266.0980334637361,276.731739712985
2026-02-01 05:00:00+00:00,0.0,5.316853124624458,-266.0980334637361,276.731739712985
2026-02-01 06:00:00+00:00,0.0,11.392824402955739,-260.02206218540505,282.8077109913162
2026-02-01 07:00:00+00:00,133.96875,143.31475857029614,-128.1001280180642,414.7296451586567
2026-02-01 08:00:00+00:00,499.874,541.4543386765408,270.03945208818027,812.8692252649014
2026-02-01 09:00:00+00:00,873.73125,940.0496864297147,668.6347998413542,1211.4645730180753
2026-02-01 10:00:00+00:00,1325.4015,1299.5419744103174,1028.1270878219568,1570.956860998678
2026-02-01 11:00:00+00:00,1661.503,1414.3005492035927,1142.8856626152324,1685.7154357919535
2026-02-01 12:00:00+00:00,1715.26275,1516.50151662361,1245.0866300352495,1787.9164032119706
2026-02-01 13:00:00+00:00,1455.28575,947.5066614897337,676.0917749013731,1218.9215480780942
2026-02-01 14:00:00+00:00,978.1765,819.9715338537472,548.5566472653867,1091.386420442108
2026-02-01 15:00:00+00:00,324.16325000000006,228.60715364618602,-42.80773294217465,500.0220402345466
2026-02-01 16:00:00+00:00,4.1847499999998945,69.43602453827498,-201.97886205008535,340.85091112663554
2026-02-01 17:00:00+00:00,0.0,-1.5836485837257896,-272.9985351720866,269.83123800463466
2026-02-01 18:00:00+00:00,0.0,-1.4893277878677509,-272.9042143762283,269.9255588004928
2026-02-01 19:00:00+00:00,0.0,-1.6134511054024188,-273.0283376937632,269.80143548295814
2026-02-01 20:00:00+00:00,0.0,-1.1542057891501827,-272.56909237751074,270.2606807992104
2026-02-01 21:00:00+00:00,0.0,-1.1542057891501827,-272.56909237751074,270.2606807992104
2026-02-01 22:00:00+00:00,0.0,-0.25798780655213704,-271.6728743949127,271.1568987818083
2026-02-01 23:00:00+00:00,0.0,0.14460521238447654,-271.2702813759763,271.5594918007449
2026-02-02 00:00:00+00:00,0.0,0.8740217474626206,-270.5408648408977,272.2889083358233
2026-02-02 01:00:00+00:00,0.0,1.4190884872102743,-269.9957981011503,272.83397507557083
2026-02-02 02:00:00+00:00,0.0,2.832228795090714,-268.58265779326985,274.2471153834514
2026-02-02 03:00:00+00:00,0.0,3.1049663314395275,-268.30992025692126,274.5198529198
2026-02-02 04:00:00+00:00,0.0,3.1841546551765987,-268.23073193318373,274.5990412435373
2026-02-02 05:00:00+00:00,0.0,-11.127894013369087,-282.5427806017299,260.2869925749915
2026-02-02 06:00:00+00:00,0.0,-7.842166303111753,-279.2570528914721,263.5727202852488
2026-02-02 07:00:00+00:00,184.93349999999998,156.30808332748109,-115.10680326087936,427.72296991584165
2026-02-02 08:00:00+00:00,587.65375,527.1776768096233,255.7627902212629,798.5925633979839
2026-02-02 09:00:00+00:00,968.0845,464.4000372676512,192.98515067929065,735.8149238560118
2026-02-02 10:00:00+00:00,1380.293,1360.651607521668,1089.2367209333074,1632.0664941100285
2026-02-02 11:00:00+00:00,1748.97125,2129.5687868111827,1858.1539002228224,2400.9836733995435
2026-02-02 12:00:00+00:00,1833.238,1928.138469113203,1656.7235825248422,2199.5533557015633
2026-02-02 13:00:00+00:00,1511.8915,1364.671576190473,1093.2566896021124,1636.0864627788333
2026-02-02 14:00:00+00:00,887.0382500000001,748.5202968017837,477.10541021342317,1019.9351833901443
2026-02-02 15:00:00+00:00,248.05824999999993,286.9796773477667,15.56479075940615,558.3945639361273
2026-02-02 16:00:00+00:00,2.04099999999994,7.458959722373038,-263.9559268659875,278.8738463107337
2026-02-02 17:00:00+00:00,0.0,-2.682217109156909,-274.0971036975177,268.73266947920354
2026-02-02 18:00:00+00:00,0.0,-1.4211528201624333,-272.836039408523,269.993733768198
2026-02-02 19:00:00+00:00,0.0,-1.7198957566708941,-273.1347823450312,269.6949908316898
2026-02-02 20:00:00+00:00,0.0,8.526321598667892,-262.88856498969267,279.94120818702845
2026-02-02 21:00:00+00:00,0.0,-1.3351828801812644,-272.7500694685416,270.0797037081793
2026-02-02 22:00:00+00:00,0.0,-1.3351828801812644,-272.7500694685416,270.0797037081793
2026-02-02 23:00:00+00:00,0.0,-1.4038946465971094,-272.8187812349579,270.01099194176345
2026-02-03 00:00:00+00:00,0.0,-0.6083505748288189,-272.0232371631894,270.80653601353174
2026-02-03 01:00:00+00:00,0.0,-0.0556595811428906,-271.47054616950345,271.35922700721767
2026-02-03 02:00:00+00:00,0.0,-1.7957657913354979,-273.21065237969606,269.6191207970252
2026-02-03 03:00:00+00:00,0.0,1.342929212299623,-270.07195737606116,272.7578158006602
2026-02-03 04:00:00+00:00,0.0,0.1512241035693478,-271.263662484791,271.56611069193
2026-02-03 05:00:00+00:00,0.0,0.1252028906258147,-271.289683697735,271.5400894789864
2026-02-03 06:00:00+00:00,0.0,-1.6655072827054482,-273.08039387106624,269.749379305655
2026-02-03 07:00:00+00:00,276.36300000000006,254.7546569479457,-16.660229640414627,526.1695435363063
2026-02-03 08:00:00+00:00,598.721,978.9282962758246,707.513409687464,1250.343182864185
2026-02-03 09:00:00+00:00,810.35575,1340.0919466565892,1068.677060068229,1611.50683324495
2026-02-03 10:00:00+00:00,1229.5907499999998,1020.1420934114531,748.7272068230925,1291.5569799998136
2026-02-03 11:00:00+00:00,1713.06225,1092.527689655704,821.1128030673435,1363.9425762440646
2026-02-03 12:00:00+00:00,1930.87525,896.448841552947,625.0339549645864,1167.8637281413075
2026-02-03 13:00:00+00:00,1495.856,667.2186287179493,395.8037421295887,938.6335153063098
2026-02-03 14:00:00+00:00,731.0995,545.474046606939,274.0591600185785,816.8889331952996
2026-02-03 15:00:00+00:00,286.23524999999995,138.70258191940718,-132.71230466895327,410.11746850776774
2026-02-03 16:00:00+00:00,12.910249999999905,4.255536921055182,-267.1593496673054,275.6704235094156
2026-02-03 17:00:00+00:00,0.0,-5.692866260544179,-277.1077528489045,265.7220203278164
2026-02-03 18:00:00+00:00,0.0,8.98319184762181,-262.43169474073875,280.39807843598226
2026-02-03 19:00:00+00:00,0.0,-1.5676901674682995,-272.98257675582886,269.84719642089226
2026-02-03 20:00:00+00:00,0.0,-1.6054230523207025,-273.02030964068126,269.80946353603986
2026-02-03 21:00:00+00:00,0.0,-1.1542057891501827,-272.56909237751074,270.2606807992104
2026-02-03 22:00:00+00:00,0.0,-0.7516127702135691,-272.16649935857413,270.663273818147
2026-02-03 23:00:00+00:00,0.0,0.15596808951727326,-271.2589184988433,271.57085467787783
2026-02-04 00:00:00+00:00,0.0,1.9908734882926638,-269.4240131000679,273.4057600766531
2026-02-04 01:00:00+00:00,0.0,1.225766349372634,-270.1891202389879,272.6406529377332
2026-02-04 02:00:00+00:00,0.0,1.4725354450351915,-269.94235114332537,272.88742203339586
2026-02-04 03:00:00+00:00,0.0,2.822468055012905,-268.59241853334765,274.23735464337346
2026-02-04 04:00:00+00:00,0.0,2.7964468420691446,-268.6184397462912,274.2113334304298
2026-02-04 05:00:00+00:00,0.0,1.0090758264170745,-270.40581076194326,272.42396241477775
2026-02-04 06:00:00+00:00,0.0,-0.32996117402080927,-271.74484776238137,271.08492541433964
2026-02-04 07:00:00+00:00,306.4135,314.95995337524687,43.54506678688631,586.3748399636074
2026-02-04 08:00:00+00:00,994.29675,1373.3992423862105,1101.98435579785,1644.8141289745708
2026-02-04 09:00:00+00:00,1612.5065,1933.71532213849,1662.3004355501294,2205.1302087268505
2026-02-04 10:00:00+00:00,1764.95875,2331.2894130624245,2059.874526474064,2602.7042996507853
2026-02-04 11:00:00+00:00,1943.976,1460.481006106065,1189.0661195177045,1731.8958926944256
2026-02-04 12:00:00+00:00,1709.0145,1421.876250072573,1150.4613634842124,1693.2911366609337
2026-02-04 13:00:00+00:00,1127.5775,1144.1740127612177,872.7591261728571,1415.5888993495782
2026-02-04 14:00:00+00:00,642.77,603.6660091446347,332.251122556274,875.0808957329953
2026-02-04 15:00:00+00:00,238.16200000000003,137.11546579504625,-134.29942079331408,408.5303523834068
2026-02-04 16:00:00+00:00,7.732749999999896,-0.8600979693658246,-272.2749845577264,270.5547886189946
2026-02-04 17:00:00+00:00,0.0,-1.7867077480009357,-273.2015943363615,269.6281788403596
2026-02-04 18:00:00+00:00,0.0,-1.7867077480009357,-273.2015943363615,269.6281788403596
2026-02-04 19:00:00+00:00,0.0,-1.6802630967326877,-273.09514968509325,269.7346234916279
2026-02-04 20:00:00+00:00,0.0,-1.4967278508709114,-272.91161443923147,269.91815873748953
2026-02-04 21:00:00+00:00,0.0,-1.4967278508709114,-272.91161443923147,269.91815873748953
2026-02-04 22:00:00+00:00,0.0,-1.1719637014189175,-272.5868502897797,270.2429228869415
2026-02-04 23:00:00+00:00,0.0,-1.4794509389575978,-272.89433752731793,269.9354356494031
2026-02-05 00:00:00+00:00,0.0,-0.35916145608530314,-271.7740480444461,271.05572513227514
2026-02-05 01:00:00+00:00,0.0,22.30976807438128,-249.1051185139795,293.7246546627417
2026-02-05 02:00:00+00:00,0.0,23.20539915986342,-248.20948742849714,294.6202857482241
2026-02-05 03:00:00+00:00,0.0,23.037000782183895,-248.37788580617644,294.45188737054457
2026-02-05 04:00:00+00:00,0.0,11.89415646584439,-259.52073012251594,283.30904305420495
2026-02-05 05:00:00+00:00,0.0,10.13099752396829,-261.28388906439227,281.54588411232885
2026-02-05 06:00:00+00:00,0.0,8.595186147356571,-262.81970044100376,280.01007273571713
2026-02-05 07:00:00+00:00,212.61725,321.2475689204887,49.832682332128115,592.6624555088492
2026-02-05 08:00:00+00:00,947.15075,1060.9268490847217,789.5119624963612,1332.3417356730822
2026-02-05 09:00:00+00:00,1903.388,1809.661185260995,1538.246298672634,2081.0760718493552
2026-02-05 10:00:00+00:00,2885.3835,2143.358340706566,1871.9434541182059,2414.773227294927
2026-02-05 11:00:00+00:00,3711.9880000000003,2394.128551773455,2122.7136651850947,2665.543438361816
2026-02-05 12:00:00+00:00,4039.8955,2787.2117337339387,2515.7968471455783,3058.6266203222995
2026-02-05 13:00:00+00:00,3584.27075,2942.1570459683953,2670.742159380035,3213.571932556756
2026-02-05 14:00:00+00:00,2354.3895,1630.9734410615224,1359.5585544731618,1902.388327649883
2026-02-05 15:00:00+00:00,821.679,517.9418944523347,246.52700786397418,789.3567810406953
2026-02-05 16:00:00+00:00,14.395500000000084,33.96411548842889,-237.45077109993167,305.37900207678956
2026-02-05 17:00:00+00:00,0.0,-18.96691973060865,-290.38180631896944,252.4479668577519
2026-02-05 18:00:00+00:00,0.0,-10.105692182906978,-281.52057877126776,261.30919440545347
2026-02-05 19:00:00+00:00,0.0,-7.7544047740834685,-279.16929136244426,263.6604818142771
2026-02-05 20:00:00+00:00,0.0,4.006476270595158,-267.4084103177652,275.4213628589557
2026-02-05 21:00:00+00:00,0.0,5.038364865223684,-266.3765217231371,276.45325145358413
2026-02-05 22:00:00+00:00,0.0,-0.8568437991521023,-272.2717303875129,270.55804278920834
2026-02-05 23:00:00+00:00,0.0,0.15163950806095272,-271.2632470802996,271.5665260964214
2026-02-06 00:00:00+00:00,0.0,15.383003274522025,-256.03188331383853,286.79788986288247
2026-02-06 01:00:00+00:00,0.0,11.117680677461067,-260.2972059108995,282.53256726582174
2026-02-06 02:00:00+00:00,0.0,10.669358659821228,-260.7455279285391,282.0842452481818
2026-02-06 03:00:00+00:00,0.0,10.767718311635008,-260.64716827672555,282.18260489999545
2026-02-06 04:00:00+00:00,0.0,10.767718311635008,-260.64716827672555,282.18260489999545
2026-02-06 05:00:00+00:00,0.0,13.444364932780445,-257.9705216555801,284.8592515211409
2026-02-06 06:00:00+00:00,0.25624999999990905,11.908553556168727,-259.50633303219183,283.3234401445293
2026-02-06 07:00:00+00:00,319.85425,263.4170762863406,-7.997810302019843,534.8319628747012
2026-02-06 08:00:00+00:00,924.7425000000001,1038.858958583711,767.4440719953504,1310.2738451720716
2026-02-06 09:00:00+00:00,1376.4865,1617.6158647006187,1346.2009781122583,1889.0307512889794
2026-02-06 10:00:00+00:00,1702.9705,1819.0209767101628,1547.606090121802,2090.435863298523
2026-02-06 11:00:00+00:00,2035.35075,1349.78476791177,1078.3698813234093,1621.1996545001305
2026-02-06 12:00:00+00:00,1955.0052499999997,1561.5802547045985,1290.165368116238,1832.995141292959
2026-02-06 13:00:00+00:00,1360.49125,1003.0571453707814,731.6422587824209,1274.472031959142
2026-02-06 14:00:00+00:00,773.48025,896.7990098905299,625.3841233021693,1168.2138964788905
2026-02-06 15:00:00+00:00,318.7202500000001,301.7234039953171,30.308517406956526,573.1382905836776
2026-02-06 16:00:00+00:00,12.188499999999976,-2.8854873312970994,-274.30037391965766,268.52939925706346
2026-02-06 17:00:00+00:00,0.0,2.5081911521997426,-268.9066954361606,273.9230777405604
2026-02-06 18:00:00+00:00,0.0,-1.3357592222901076,-272.75064581065067,270.07912736607045
2026-02-06 19:00:00+00:00,0.0,-0.9246499112705351,-272.3395364996311,270.49023667709
2026-02-06 20:00:00+00:00,0.0,-0.39325418031626214,-271.8081407686768,271.0216324080443
2026-02-06 21:00:00+00:00,0.0,0.11351083135059525,-271.30137575700996,271.52839741971127
2026-02-06 22:00:00+00:00,0.0,0.6737430664304611,-270.7411435219301,272.088629654791
2026-02-06 23:00:00+00:00,0.0,0.38410575844386585,-271.0307808299167,271.7989923468044
2026-02-07 00:00:00+00:00,0.0,2.918279198614073,-261.50987623002356,267.3464346272518
2026-02-07 01:00:00+00:00,0.0,3.7290618932556754,-260.69909353538196,268.1572173218934
2026-02-07 02:00:00+00:00,0.0,3.674649338647214,-260.75350608999065,268.10280476728474
2026-02-07 03:00:00+00:00,0.0,4.613993364743919,-259.81416206389395,269.04214879338144
2026-02-07 04:00:00+00:00,0.0,6.409648356771868,-258.01850707186577,270.8378037854095
2026-02-07 05:00:00+00:00,0.0,4.613993364743919,-259.81416206389395,269.04214879338144
2026-02-07 06:00:00+00:00,1.16274999999996,2.6948681801713974,-261.73328724846624,267.12302360880904
2026-02-07 07:00:00+00:00,382.90599999999995,237.91717688846938,-26.510978540168253,502.34533231710714
2026-02-07 08:00:00+00:00,1339.689,1090.4510432914929,826.0228878628552,1354.8791987201307
2026-02-07 09:00:00+00:00,2416.9465,2021.9770351864354,1757.5488797577977,2286.4051906150735
2026-02-07 10:00:00+00:00,3297.9775,2207.880049838096,1943.451894409458,2472.3082052667332
2026-02-07 11:00:00+00:00,3700.9455,2350.372412696744,2085.9442572681064,2614.8005681253817
2026-02-07 12:00:00+00:00,3426.813,2626.1251751727987,2361.6970197441606,2890.5533306014363
2026-02-07 13:00:00+00:00,2845.3689999999997,2032.4711535976824,1768.0429981690445,2296.89930902632
2026-02-07 14:00:00+00:00,1997.26375,1135.7904062252574,871.3622507966196,1400.218561653895
2026-02-07 15:00:00+00:00,823.916,532.9675253876983,268.53936995906054,797.3956808163359
2026-02-07 16:00:00+00:00,26.54449999999997,-4.475896478204959,-268.9040519068426,259.9522589504328
2026-02-07 17:00:00+00:00,0.0,1.4431332133926844,-262.98502221524495,265.8712886420303
2026-02-07 18:00:00+00:00,0.0,1.6015573126337586,-262.8265981160041,266.0297127412714
2026-02-07 19:00:00+00:00,0.0,1.6015573126337586,-262.8265981160041,266.0297127412714
2026-02-07 20:00:00+00:00,0.0,1.0327772361160896,-263.39537819252155,265.46093266475384
2026-02-07 21:00:00+00:00,0.0,1.6015573126337586,-262.8265981160041,266.0297127412714
2026-02-07 22:00:00+00:00,0.0,-0.6655947112858485,-265.0937501399235,263.7625607173519
2026-02-07 23:00:00+00:00,0.0,1.176710845534899,-263.25144458310274,265.60486627417254
2026-02-08 00:00:00+00:00,0.0,2.9228232694297276,-261.5053321592079,267.35097869806737
2026-02-08 01:00:00+00:00,0.0,2.9228232694297276,-261.5053321592079,267.35097869806737
2026-02-08 02:00:00+00:00,0.0,1.118575409829191,-263.3095800188087,265.54673083846683
2026-02-08 03:00:00+00:00,0.0,3.7128370729562903,-260.7153183556816,268.1409925015939
2026-02-08 04:00:00+00:00,0.0,1.225639071650221,-263.2025163569874,265.653794500288
2026-02-08 05:00:00+00:00,0.0,17.954584735411345,-246.4735706932263,282.382740164049
2026-02-08 06:00:00+00:00,1.6097500000000764,22.011152430892253,-242.41700299774539,286.43930785953
2026-02-08 07:00:00+00:00,353.86850000000004,217.32030629635653,-47.10784913228122,481.7484617249943
2026-02-08 08:00:00+00:00,1000.56975,628.2753341407052,363.8471787120676,892.7034895693429
2026-02-08 09:00:00+00:00,1564.46225,1393.7205031326237,1129.292347703986,1658.1486585612615
2026-02-08 10:00:00+00:00,1975.8450000000003,1959.3302239328436,1694.902068504206,2223.7583793614813
2026-02-08 11:00:00+00:00,2329.076,2488.784684305081,2224.356528876444,2753.212839733719
2026-02-08 12:00:00+00:00,2370.5012500000003,2304.1530733119007,2039.724917883263,2568.5812287405383
2026-02-08 13:00:00+00:00,1996.5880000000002,1413.451192085205,1149.0230366565675,1677.8793475138427
2026-02-08 14:00:00+00:00,1343.13625,844.9254184356404,580.4972630070026,1109.3535738642781
2026-02-08 15:00:00+00:00,488.47425,435.1404567689432,170.71230134030543,699.5686121975808
2026-02-08 16:00:00+00:00,17.39300000000003,134.53754682108206,-129.89060860755558,398.9657022497197
2026-02-08 17:00:00+00:00,0.0,67.47440821034672,-196.9537472182908,331.9025636389845
2026-02-08 18:00:00+00:00,0.0,-1.7455597099396982,-266.17371513857756,262.68259571869794
2026-02-08 19:00:00+00:00,0.0,-2.0778155400410014,-266.50597096867864,262.35033988859664
2026-02-08 20:00:00+00:00,0.0,-2.2606593890157,-266.68881481765334,262.16749603962194
2026-02-08 21:00:00+00:00,0.0,-2.2606593890157,-266.68881481765334,262.16749603962194
2026-02-08 22:00:00+00:00,0.0,-2.2606593890157,-266.68881481765334,262.16749603962194
2026-02-08 23:00:00+00:00,0.0,-1.9284035589143969,-266.35655898755226,262.49975186972324
2026-02-09 00:00:00+00:00,0.0,0.45098054839536417,-263.9771748802425,264.8791359770329
2026-02-09 01:00:00+00:00,0.0,0.45098054839536417,-263.9771748802425,264.8791359770329
2026-02-09 02:00:00+00:00,0.0,-0.02606143346065437,-264.4542168620983,264.4020939951771
2026-02-09 03:00:00+00:00,0.0,1.2946747493633666,-263.1334806792745,265.7228301780009
2026-02-09 04:00:00+00:00,0.0,1.6269305794644424,-262.8012248491732,266.0550860081022
2026-02-09 05:00:00+00:00,0.0,18.023620413124263,-246.40453501551337,282.451775841762
2026-02-09 06:00:00+00:00,0.6192499999999654,5.683498274945578,-258.74465715369206,270.11165370358333
2026-02-09 07:00:00+00:00,189.65700000000004,325.5793886256188,61.151233196981025,590.0075440542564
2026-02-09 08:00:00+00:00,619.78525,604.0423093534589,339.61415392482115,868.4704647820965
2026-02-09 09:00:00+00:00,1053.2785,1176.50938859102,912.0812331623823,1440.9375440196577
2026-02-09 10:00:00+00:00,1368.3867500000001,1357.9579784098069,1093.5298229811692,1622.3861338384445
2026-02-09 11:00:00+00:00,1640.213,1855.229593161458,1590.8014377328202,2119.6577485900953
2026-02-09 12:00:00+00:00,1813.3235,1470.2228982367794,1205.7947428081418,1734.651053665417
2026-02-09 13:00:00+00:00,1667.35425,1289.3566189792882,1024.9284635506503,1553.7847744079259
2026-02-09 14:00:00+00:00,1246.01825,788.5542991449049,524.1261437162672,1052.9824545735426
2026-02-09 15:00:00+00:00,612.64375,391.09020508110405,126.66204965246618,655.5183605097417
2026-02-09 16:00:00+00:00,41.112499999999955,-13.327003140100487,-277.7551585687381,251.10115228853715
2026-02-09 17:00:00+00:00,0.0,-9.957013488604389,-274.385168917242,254.47114194003325
2026-02-09 18:00:00+00:00,0.0,-0.02904392728964922,-264.4571993559273,264.399111501348
2026-02-09 19:00:00+00:00,0.0,-0.02904392728964922,-264.4571993559273,264.399111501348
2026-02-09 20:00:00+00:00,0.0,0.1537999216850494,-264.2743555069526,264.5819553503227
2026-02-09 21:00:00+00:00,0.0,-1.976457674487392,-266.40461310312503,262.45169775415036
2026-02-09 22:00:00+00:00,0.0,-1.976457674487392,-266.40461310312503,262.45169775415036
2026-02-09 23:00:00+00:00,0.0,0.478418138977986,-263.9497372896599,264.9065735676156
2026-02-10 00:00:00+00:00,0.0,2.8993886953139736,-261.52876673332366,267.3275441239517
2026-02-10 01:00:00+00:00,0.0,2.9918589471426458,-261.436296481495,267.4200143757804
2026-02-10 02:00:00+00:00,0.0,3.877826807424526,-260.5503286212131,268.30598223606216
2026-02-10 03:00:00+00:00,0.0,3.498926072612221,-260.92922935602564,267.92708150124975
2026-02-10 04:00:00+00:00,0.0,3.198992430351609,-261.22916299828603,267.62714785898925
2026-02-10 05:00:00+00:00,0.0,3.6817699215866924,-260.74638550705095,268.10992535022444
2026-02-10 06:00:00+00:00,19.25500000000011,2.946747706859014,-261.4814077217786,267.37490313549677
2026-02-10 07:00:00+00:00,359.3642500000001,236.11610940325966,-28.312046025378095,500.5442648318973
2026-02-10 08:00:00+00:00,928.72425,873.1783129310244,608.7501575023867,1137.6064683596621
2026-02-10 09:00:00+00:00,1388.92225,1198.3536403751898,933.925484946552,1462.7817958038274
2026-02-10 10:00:00+00:00,1753.798,1561.9186011443155,1297.4904457156779,1826.3467565729532
2026-02-10 11:00:00+00:00,1950.55175,1814.763648409563,1550.3354929809254,2079.191803838201
2026-02-10 12:00:00+00:00,1703.1145000000001,1443.5731077879186,1179.144952359281,1708.0012632165563
2026-02-10 13:00:00+00:00,1580.6425,1244.7749295553936,980.3467741267559,1509.2030849840312
2026-02-10 14:00:00+00:00,1187.4302500000001,1172.570967411488,908.1428119828504,1436.999122840126
2026-02-10 15:00:00+00:00,464.44399999999996,523.8573414747741,259.42918604613646,788.2854969034117
2026-02-10 16:00:00+00:00,18.038250000000062,42.680362871572015,-221.74779255706562,307.10851830020977
2026-02-10 17:00:00+00:00,0.0,9.24252564188896,-255.18562978674868,273.6706810705267
2026-02-10 18:00:00+00:00,0.0,3.209025461131205,-261.21912996750643,267.63718088976884
2026-02-10 19:00:00+00:00,0.0,3.2096317725874997,-261.21852365605014,267.63778720122514
2026-02-10 20:00:00+00:00,0.0,3.0782512812027107,-261.3499041474349,267.50640670984046
2026-02-10 21:00:00+00:00,0.0,-7.914790678403051,-272.3429461070409,256.5133647502346
2026-02-10 22:00:00+00:00,0.0,-7.53526843458053,-271.96342386321817,256.8928869940572
2026-02-10 23:00:00+00:00,0.0,-30.138974280691627,-294.5671297093295,234.289181147946
2026-02-11 00:00:00+00:00,0.0,-29.196847555656632,-293.6250029842945,235.231307872981
2026-02-11 01:00:00+00:00,0.0,-9.951114275507962,-274.3792697041456,254.4770411531298
2026-02-11 02:00:00+00:00,0.0,-19.458517924285616,-283.88667335292325,244.96963750435214
2026-02-11 03:00:00+00:00,0.0,-19.21958332535405,-283.6477387539919,245.20857210328347
2026-02-11 04:00:00+00:00,0.0,-28.432872516826137,-292.8610279454638,235.99528291181161
2026-02-11 05:00:00+00:00,0.0,-28.432872516826137,-292.8610279454638,235.99528291181161
2026-02-11 06:00:00+00:00,7.036000000000058,-29.659798394129893,-294.08795382276753,234.76835703450774
2026-02-11 07:00:00+00:00,284.914,210.9710192230158,-53.457136205621964,475.39917465165354
2026-02-11 08:00:00+00:00,713.25925,973.4543347199841,709.0261792913464,1237.8824901486219
2026-02-11 09:00:00+00:00,1070.9595,1339.3148117870985,1074.8866563584609,1603.7429672157361
2026-02-11 10:00:00+00:00,1369.0855,1745.909691847713,1481.4815364190754,2010.3378472763507
2026-02-11 11:00:00+00:00,1531.7875,1478.8345721952878,1214.4064167666502,1743.2627276239255
2026-02-11 12:00:00+00:00,1226.66125,1502.529633684218,1238.1014782555803,1766.9577891128556
2026-02-11 13:00:00+00:00,913.88,1211.8713999135698,947.4432444849322,1476.2995553422074
2026-02-11 14:00:00+00:00,752.67175,626.0628726231893,361.6347171945516,890.491028051827
2026-02-11 15:00:00+00:00,371.4955,308.001347201832,43.57319177319437,572.4295026304696
2026-02-11 16:00:00+00:00,16.707750000000033,36.591852274955954,-227.8363031536819,301.0200077035936
2026-02-11 17:00:00+00:00,0.0,-25.536370880535287,-289.9645263091729,238.89178454810246
2026-02-11 18:00:00+00:00,0.0,-31.11293235366611,-295.54108778230375,233.31522307497164
2026-02-11 19:00:00+00:00,0.0,-31.11293235366611,-295.54108778230375,233.31522307497164
2026-02-11 20:00:00+00:00,0.0,-31.11293235366611,-295.54108778230375,233.31522307497164
2026-02-11 21:00:00+00:00,0.0,-31.15053918025137,-295.578694608889,233.27761624838627
2026-02-11 22:00:00+00:00,0.0,-31.33338302922607,-295.7615384578637,233.09477239941157
2026-02-11 23:00:00+00:00,0.0,-19.944865640110265,-284.3730210687479,244.4832897885275
2026-02-12 00:00:00+00:00,0.0,-17.97643262775091,-282.40458805638855,246.45172280088684
2026-02-12 01:00:00+00:00,0.0,-29.924699200436862,-294.3528546290745,234.5034562282009
2026-02-12 02:00:00+00:00,0.0,-29.71424430876914,-294.1423997374068,234.7139111198686
2026-02-12 03:00:00+00:00,0.0,-18.65080324883661,-283.0789586774745,245.77735217980103
2026-02-12 04:00:00+00:00,0.0,37.16037061900897,-227.26778480962867,301.5885260476466
2026-02-12 05:00:00+00:00,0.0,-18.49173168057405,-282.9198871092117,245.9364237480636
2026-02-12 06:00:00+00:00,17.16574999999989,-9.399304618333645,-273.8274600469713,255.028850810304
2026-02-12 07:00:00+00:00,477.08825,243.13973941877725,-21.288416009860384,507.5678948474149
2026-02-12 08:00:00+00:00,1047.21325,1112.5581468603134,848.1299914316758,1376.9863022889513
2026-02-12 09:00:00+00:00,1302.49475,2441.8047848873075,2177.3766294586703,2706.2329403159456
2026-02-12 10:00:00+00:00,1019.3015,1750.3151651724595,1485.8870097438219,2014.743320601097
2026-02-12 11:00:00+00:00,770.22625,1595.2735808288658,1330.845425400228,1859.7017362575034
2026-02-12 12:00:00+00:00,713.87525,1297.3695477580488,1032.9413923294112,1561.7977031866865
2026-02-12 13:00:00+00:00,879.4917499999999,1078.227465889975,813.7993104613374,1342.6556213186127
2026-02-12 14:00:00+00:00,813.1225,618.4096419977811,353.9814865691435,882.8377974264188
2026-02-12 15:00:00+00:00,394.63025000000005,392.40613476659723,127.9779793379596,656.8342901952349
2026-02-12 16:00:00+00:00,28.113749999999982,84.48392816318142,-179.94422726545622,348.91208359181917
2026-02-12 17:00:00+00:00,0.0,-30.69169263234562,-295.11984806098326,233.73646279629202
2026-02-12 18:00:00+00:00,0.0,-31.627357313960147,-296.0555127425978,232.8007981146776
2026-02-12 19:00:00+00:00,0.0,-31.11293235366611,-295.54108778230375,233.31522307497164
2026-02-12 20:00:00+00:00,0.0,-31.11293235366611,-295.54108778230375,233.31522307497164
2026-02-12 21:00:00+00:00,0.0,-31.53777882076497,-295.9659342494026,232.89037660787278
2026-02-12 22:00:00+00:00,0.0,-8.87971785843024,-273.3078732870679,255.5484375702075
2026-02-12 23:00:00+00:00,0.0,-8.87971785843024,-273.3078732870679,255.5484375702075
2026-02-13 00:00:00+00:00,0.0,-6.237788317514287,-270.6659437461519,258.19036711112346
2026-02-13 01:00:00+00:00,0.0,-6.237788317514287,-270.6659437461519,258.19036711112346
2026-02-13 02:00:00+00:00,0.0,-5.774884153195217,-270.2030395818331,258.6532712754424
2026-02-13 03:00:00+00:00,0.0,6.029521408775963,-258.3986340198617,270.4576768374136
2026-02-13 04:00:00+00:00,0.0,6.029521408775963,-258.3986340198617,270.4576768374136
2026-02-13 05:00:00+00:00,0.0,6.029521408775963,-258.3986340198617,270.4576768374136
2026-02-13 06:00:00+00:00,25.98700000000008,59.47476046978227,-204.95339495885537,323.90291589842
2026-02-13 07:00:00+00:00,601.419,558.1315310607738,293.70337563213604,822.5596864894114
2026-02-13 08:00:00+00:00,1576.415,1666.3936273179083,1401.9654718892705,1930.821782746546
2026-02-13 09:00:00+00:00,2284.7355,2090.6667060304394,1826.2385506018018,2355.094861459077
2026-02-13 10:00:00+00:00,2385.3795,2213.4817066465357,1949.0535512178976,2477.909862075173
2026-02-13 11:00:00+00:00,2365.2754999999997,2329.821521905955,2065.3933664773167,2594.249677334592
2026-02-13 12:00:00+00:00,2337.548,1720.2639180813962,1455.8357626527586,1984.692073510034
2026-02-13 13:00:00+00:00,1799.861,1947.4815464266162,1683.0533909979786,2211.909701855254
2026-02-13 14:00:00+00:00,983.587,1095.991542862169,831.5633874335313,1360.4196982908065
2026-02-13 15:00:00+00:00,306.65875000000005,580.8187145580123,316.39055912937454,845.2468699866499
2026-02-13 16:00:00+00:00,14.790250000000015,102.60514302737818,-161.82301240125958,367.0332984560159
2026-02-13 17:00:00+00:00,0.0,-13.194612433279417,-277.62276786191705,251.23354299535833
2026-02-13 18:00:00+00:00,0.0,-8.365292898136204,-272.79344832677384,256.06286253050143
2026-02-13 19:00:00+00:00,0.0,2.4997686377382706,-261.92838679089937,266.927924066376
2026-02-13 20:00:00+00:00,0.0,2.4997686377382706,-261.92838679089937,266.927924066376
2026-02-13 21:00:00+00:00,0.0,1.5082141372588467,-262.9199412913788,265.9363695658965
2026-02-13 22:00:00+00:00,0.0,1.5082141372588467,-262.9199412913788,265.9363695658965
2026-02-13 23:00:00+00:00,0.0,1.5082141372588467,-262.9199412913788,265.9363695658965
2026-02-14 00:00:00+00:00,0.0,0.47367761268765207,-257.7846385080261,258.7319937334016
2026-02-14 01:00:00+00:00,0.0,-0.9640179378291123,-259.22233405854286,257.29429818288486
2026-02-14 02:00:00+00:00,0.0,1.091334360056635,-257.16698176065734,259.3496504807705
2026-02-14 03:00:00+00:00,0.0,1.091334360056635,-257.16698176065734,259.3496504807705
2026-02-14 04:00:00+00:00,0.0,1.091334360056635,-257.16698176065734,259.3496504807705
2026-02-14 05:00:00+00:00,0.0,1.091334360056635,-257.16698176065734,259.3496504807705
2026-02-14 06:00:00+00:00,9.586499999999887,22.914839339773152,-235.34347678094082,281.1731554604869
2026-02-14 07:00:00+00:00,245.54050000000007,234.80927406784247,-23.44904205287139,493.0675901885563
2026-02-14 08:00:00+00:00,560.0515,820.7452938058142,562.4869776851003,1079.003609926528
2026-02-14 09:00:00+00:00,767.096,1592.9588108754876,1334.700494754774,1851.2171269962016
2026-02-14 10:00:00+00:00,968.37575,1425.2212120715503,1166.9628959508364,1683.4795281922643
2026-02-14 11:00:00+00:00,934.918,1364.8967181353514,1106.6384020146377,1623.1550342560654
2026-02-14 12:00:00+00:00,822.41475,956.591971750691,698.3336556299771,1214.8502878714048
2026-02-14 13:00:00+00:00,659.80575,962.7618518439862,704.5035357232723,1221.0201679647
2026-02-14 14:00:00+00:00,406.71624999999995,432.47841858909374,174.22010246838,690.7367347098077
2026-02-14 15:00:00+00:00,151.58449999999993,270.3610635488028,12.102747428088833,528.6193796695167
2026-02-14 16:00:00+00:00,8.105000000000018,63.033157470058995,-195.22515865065498,321.29147359077285
2026-02-14 17:00:00+00:00,0.0,6.888942118092018,-251.36937400262173,265.147258238806
2026-02-14 18:00:00+00:00,0.0,-1.853405971950906,-260.1117220926649,256.40491014876295
2026-02-14 19:00:00+00:00,0.0,-1.853405971950906,-260.1117220926649,256.40491014876295
2026-02-14 20:00:00+00:00,0.0,-0.5442047970384465,-258.8025209177522,257.7141113236755
2026-02-14 21:00:00+00:00,0.0,-0.5442047970384465,-258.8025209177522,257.7141113236755
2026-02-14 22:00:00+00:00,0.0,-0.28115444203444895,-258.5394705627482,257.9771616786795
2026-02-14 23:00:00+00:00,0.0,-2.1081520379620997,-260.36646815867607,256.15016408275176
2026-02-15 00:00:00+00:00,0.0,-0.6844141737415157,-258.9427302944555,257.57390194697234
2026-02-15 01:00:00+00:00,0.0,2.8944207774752613,-255.3638953432387,261.1527368981891
2026-02-15 02:00:00+00:00,0.0,1.6827614176197585,-256.575554703094,259.94107753833373
2026-02-15 03:00:00+00:00,0.0,3.3344274235935245,-254.92388869712045,261.5927435443074
2026-02-15 04:00:00+00:00,0.0,3.3344274235935245,-254.92388869712045,261.5927435443074
2026-02-15 05:00:00+00:00,0.0,3.3344274235935245,-254.92388869712045,261.5927435443074
2026-02-15 06:00:00+00:00,2.2757500000000164,21.42520808565928,-236.8331080350547,279.68352420637314
2026-02-15 07:00:00+00:00,142.04199999999992,248.81991156676122,-9.438404553952523,507.0782276874752
2026-02-15 08:00:00+00:00,440.78975,862.8588730443581,604.6005569236443,1121.117189165072
2026-02-15 09:00:00+00:00,812.15275,1605.4468160438441,1347.1884999231302,1863.705132164558
2026-02-15 10:00:00+00:00,1306.03925,2048.8974583199824,1790.6391421992682,2307.155774440696
2026-02-15 11:00:00+00:00,1651.8355,1784.6642735206042,1526.4059573998902,2042.9225896413182
2026-02-15 12:00:00+00:00,1800.26875,1739.065620047213,1480.8073039264991,1997.323936167927
2026-02-15 13:00:00+00:00,1756.68125,1085.0351130332408,826.7767969125268,1343.2934291539545
2026-02-15 14:00:00+00:00,1181.93725,976.1752111496021,717.9168950288882,1234.433527270316
2026-02-15 15:00:00+00:00,480.75725,440.81055905078665,182.55224293007268,699.0688751715006
2026-02-15 16:00:00+00:00,31.977750000000015,34.812567878402206,-223.44574824231177,293.07088399911606
2026-02-15 17:00:00+00:00,0.0,15.937436378451821,-242.32087974226192,274.1957524991658
2026-02-15 18:00:00+00:00,0.0,-3.1336784786979024,-261.3919945994119,255.12463764201584
2026-02-15 19:00:00+00:00,0.0,-3.1336784786979024,-261.3919945994119,255.12463764201584
2026-02-15 20:00:00+00:00,0.0,-1.2749056867453419,-259.5332218074593,256.98341043396863
2026-02-15 21:00:00+00:00,0.0,-1.4159085682804289,-259.6742246889944,256.84240755243343
2026-02-15 22:00:00+00:00,0.0,-2.0537790491023316,-260.3120951698163,256.2045370716114
2026-02-15 23:00:00+00:00,0.0,-2.1832929740469353,-260.4416090947609,256.0750231466669
2026-02-16 00:00:00+00:00,0.0,-0.3158747510994999,-258.57419087181324,257.94244136961447
2026-02-16 01:00:00+00:00,0.0,-0.21549917715992706,-258.4738152978739,258.04281694355393
2026-02-16 02:00:00+00:00,0.0,0.2900464910053415,-257.9682696297084,258.5483626117193
2026-02-16 03:00:00+00:00,0.0,-1.1974020800178096,-259.4557182007318,257.06091404069605
2026-02-16 04:00:00+00:00,0.0,-1.0563991984827226,-259.3147153191967,257.20191692223113
2026-02-16 05:00:00+00:00,0.0,18.394886514158998,-239.86342960655475,276.65320263487297
2026-02-16 06:00:00+00:00,15.161000000000058,21.61582069498536,-236.64249542572838,279.87413681569933
2026-02-16 07:00:00+00:00,489.98275,592.174516859074,333.9162007383601,850.4328329797879
2026-02-16 08:00:00+00:00,1358.113,1692.316850865965,1434.058534745251,1950.5751669866788
2026-02-16 09:00:00+00:00,1954.5325000000003,2847.510398608347,2589.252082487633,3105.768714729061
2026-02-16 10:00:00+00:00,2574.103,2657.322361158218,2399.0640450375045,2915.5806772789324
2026-02-16 11:00:00+00:00,2849.9432500000003,3384.222236024668,3125.9639199039534,3642.480552145382
2026-02-16 12:00:00+00:00,2508.49275,3175.4829028802874,2917.224586759574,3433.741219001001
2026-02-16 13:00:00+00:00,1429.42875,2587.9954664810857,2329.7371503603717,2846.2537826017997
2026-02-16 14:00:00+00:00,668.09825,1249.9561370308998,991.697820910186,1508.2144531516137
2026-02-16 15:00:00+00:00,303.91550000000007,455.89708407776243,197.63876795704857,714.1554001984763
2026-02-16 16:00:00+00:00,57.827499999999986,54.45312766302368,-203.8051884576903,312.71144378373765
2026-02-16 17:00:00+00:00,0.0,11.406825043882918,-246.85149107683083,269.6651411645969
2026-02-16 18:00:00+00:00,0.0,-0.7578998973590387,-259.016216018073,257.5004162233548
2026-02-16 19:00:00+00:00,0.0,-0.40819574328838826,-258.66651186400236,257.85012037742547
2026-02-16 20:00:00+00:00,0.0,-1.3899084612494335,-259.6482245819632,256.86840765946454
2026-02-16 21:00:00+00:00,0.0,-0.7520379804273034,-259.0103541011413,257.50627814028655
2026-02-16 22:00:00+00:00,0.0,-1.739612615320084,-259.9979287360338,256.5187035053939
2026-02-16 23:00:00+00:00,0.0,-1.1017421344979539,-259.3600582552119,257.1565739862159
2026-02-17 00:00:00+00:00,0.0,-0.3158747510994999,-258.57419087181324,257.94244136961447
2026-02-17 01:00:00+00:00,0.0,-0.8959223547753936,-259.15423847548936,257.36239376593835
2026-02-17 02:00:00+00:00,0.0,0.21672106034611716,-258.04159506036785,258.47503718106
2026-02-17 03:00:00+00:00,0.0,0.9993900301142276,-257.25892609059974,259.2577061508281
2026-02-17 04:00:00+00:00,0.0,0.21672106034611716,-258.04159506036785,258.47503718106
2026-02-17 05:00:00+00:00,0.0,0.21672106034611716,-258.04159506036785,258.47503718106
2026-02-17 06:00:00+00:00,23.55099999999993,10.661876552599097,-247.59643956811487,268.92019267331284
2026-02-17 07:00:00+00:00,381.21425,479.130033076343,220.87171695562893,737.3883491970569
2026-02-17 08:00:00+00:00,965.738,911.289762887733,653.0314467670191,1169.5480790084468
2026-02-17 09:00:00+00:00,1654.16525,2100.8437496621736,1842.58543354146,2359.1020657828876
2026-02-17 10:00:00+00:00,2544.6727499999997,2763.2978476128133,2505.0395314920993,3021.5561637335272
2026-02-17 11:00:00+00:00,2925.8055,3057.636858855319,2799.3785427346056,3315.8951749760326
2026-02-17 12:00:00+00:00,2584.52475,3152.9662069270653,2894.7078908063513,3411.2245230477793
2026-02-17 13:00:00+00:00,1907.20775,3210.8853730906176,2952.6270569699036,3469.1436892113315
2026-02-17 14:00:00+00:00,1499.12475,1737.9196105932463,1479.6612944725325,1996.1779267139602
2026-02-17 15:00:00+00:00,686.93325,636.3056516399561,378.0473355192422,894.56396776067
2026-02-17 16:00:00+00:00,66.50999999999999,116.99339569758911,-141.26492042312475,375.25171181830297
2026-02-17 17:00:00+00:00,0.0,5.993653731821723,-252.26466238889225,264.2519698525357
2026-02-17 18:00:00+00:00,0.0,-0.09486767619296188,-258.35318379690693,258.1634484445209
2026-02-17 19:00:00+00:00,0.0,-0.09486767619296188,-258.35318379690693,258.1634484445209
2026-02-17 20:00:00+00:00,0.0,-0.09486767619296188,-258.35318379690693,258.1634484445209
2026-02-17 21:00:00+00:00,0.0,-0.7327381570150919,-258.99105427772884,257.5255779636989
2026-02-17 22:00:00+00:00,0.0,-0.1604066982401946,-258.41872281895394,258.0979094224738
2026-02-17 23:00:00+00:00,0.0,0.03246480229086046,-258.2258513184231,258.2907809230047
2026-02-18 00:00:00+00:00,0.0,1.0584255008559467,-257.199890619858,259.3167416215698
2026-02-18 01:00:00+00:00,0.0,1.452829318478507,-256.80548680223546,259.71114543919236
2026-02-18 02:00:00+00:00,0.0,1.9583749866437756,-256.29994113406997,260.21669110735775
2026-02-18 03:00:00+00:00,0.0,1.9583749866437756,-256.29994113406997,260.21669110735775
2026-02-18 04:00:00+00:00,0.0,1.9583749866437756,-256.29994113406997,260.21669110735775
2026-02-18 05:00:00+00:00,0.0,1.9583749866437756,-256.29994113406997,260.21669110735775
2026-02-18 06:00:00+00:00,88.70875000000012,45.6842753205151,-212.57404080019887,303.94259144122896
2026-02-18 07:00:00+00:00,758.87175,476.8765180342582,218.61820191354434,735.1348341549722
2026-02-18 08:00:00+00:00,1240.37825,1026.4367312137524,768.1784150930384,1284.6950473344664
2026-02-18 09:00:00+00:00,1560.321,1637.2670128456643,1379.0086967249506,1895.5253289663783
2026-02-18 10:00:00+00:00,2417.74275,1907.8277424539297,1649.5694263332157,2166.086058574643
2026-02-18 11:00:00+00:00,3022.02975,2288.12529710156,2029.8669809808466,2546.383613222274
2026-02-18 12:00:00+00:00,2207.90925,2281.0134053384995,2022.7550892177858,2539.2717214592135
2026-02-18 13:00:00+00:00,1353.7134999999998,1508.9486314560938,1250.6903153353799,1767.2069475768076
2026-02-18 14:00:00+00:00,720.34,986.0478037733587,727.7894876526448,1244.3061198940725
2026-02-18 15:00:00+00:00,273.942,513.4568724097985,255.19855628908454,771.7151885305125
2026-02-18 16:00:00+00:00,23.613000000000056,3.72069433433262,-254.53762178638135,261.9790104550465
2026-02-18 17:00:00+00:00,0.0,-3.006371513640488,-261.26468763435446,255.25194460707326
2026-02-18 18:00:00+00:00,0.0,0.2834093243291136,-257.97490679638463,258.5417254450431
2026-02-18 19:00:00+00:00,0.0,-5.402436622515552,-263.6607527432293,252.85587949819842
2026-02-18 20:00:00+00:00,0.0,-5.179934575527568,-263.4382506962413,253.0783815451864
2026-02-18 21:00:00+00:00,0.0,-5.179934575527568,-263.4382506962413,253.0783815451864
2026-02-18 22:00:00+00:00,0.0,-5.320937457062655,-263.5792535777764,252.93737866365132
2026-02-18 23:00:00+00:00,0.0,-5.179934575527568,-263.4382506962413,253.0783815451864
2026-02-19 00:00:00+00:00,0.0,-0.26785999160779284,-258.52617611232176,257.99045612910606
2026-02-19 01:00:00+00:00,0.0,-0.2888246078193788,-258.5471407285331,257.9694915128946
2026-02-19 02:00:00+00:00,0.0,-1.129724629141947,-259.3880407498559,257.1285914915719
2026-02-19 03:00:00+00:00,0.0,-1.129724629141947,-259.3880407498559,257.1285914915719
2026-02-19 04:00:00+00:00,0.0,-1.129724629141947,-259.3880407498559,257.1285914915719
2026-02-19 05:00:00+00:00,0.0,-1.129724629141947,-259.3880407498559,257.1285914915719
2026-02-19 06:00:00+00:00,11.627999999999929,0.654314759392264,-257.6040013613217,258.9126308801061
2026-02-19 07:00:00+00:00,152.3125000000001,221.3311499698425,-36.92716615087147,479.58946609055636
2026-02-19 08:00:00+00:00,392.92775000000006,441.12416276746967,182.8658466467557,699.3824788881836
2026-02-19 09:00:00+00:00,653.72275,776.0026155303674,517.7442994096535,1034.2609316510814
2026-02-19 10:00:00+00:00,783.75025,1036.5135808764965,778.2552647557825,1294.7718969972102
2026-02-19 11:00:00+00:00,917.36625,1169.0165933699811,910.7582772492672,1427.2749094906949
2026-02-19 12:00:00+00:00,1023.9567499999999,1195.4179860028617,937.1596698821478,1453.6763021235756
2026-02-19 13:00:00+00:00,906.875,1210.723568628515,952.4652525078012,1468.981884749229
2026-02-19 14:00:00+00:00,638.9502499999999,868.0233588387268,609.7650427180129,1126.2816749594408
2026-02-19 15:00:00+00:00,295.6555000000001,287.5221490029611,29.263832882247243,545.780465123675
2026-02-19 16:00:00+00:00,40.14200000000005,-0.549929578494357,-258.8082456992081,257.7083865422196
2026-02-19 17:00:00+00:00,0.0,0.09575733013411991,-258.16255879057985,258.354073450848
2026-02-19 18:00:00+00:00,0.0,-1.4690958088403931,-259.72741192955436,256.78922031187346
2026-02-19 19:00:00+00:00,0.0,-1.4690958088403931,-259.72741192955436,256.78922031187346
2026-02-19 20:00:00+00:00,0.0,-1.4690958088403931,-259.72741192955436,256.78922031187346
2026-02-19 21:00:00+00:00,0.0,-1.6915978558283769,-259.9499139765421,256.5667182648856
2026-02-19 22:00:00+00:00,0.0,-1.4690958088403931,-259.72741192955436,256.78922031187346
2026-02-19 23:00:00+00:00,0.0,-2.6546938410021994,-260.91300996171617,255.60362227971166
2026-02-20 00:00:00+00:00,0.0,-0.36543516059600734,-258.62375128131,257.89288096011785
2026-02-20 01:00:00+00:00,0.0,-0.608901823795577,-258.8672179445093,257.6494142969184
2026-02-20 02:00:00+00:00,0.0,1.1416120721480638,-257.1167040485659,259.3999281928619
2026-02-20 03:00:00+00:00,0.0,-0.685385523779587,-258.94370164449356,257.57293059693427
2026-02-20 04:00:00+00:00,0.0,1.4852500846629937,-256.773066036051,259.74356620537685
2026-02-20 05:00:00+00:00,0.0,2.37190795797369,-255.88640816274005,260.63022407868766
2026-02-20 06:00:00+00:00,25.39149999999995,2.901631669053586,-255.35668445166016,261.15994778976756
2026-02-20 07:00:00+00:00,378.88325,753.3133033371801,495.0549872164662,1011.571619457894
2026-02-20 08:00:00+00:00,944.249,1580.6101575701941,1322.3518414494802,1838.868473690908
2026-02-20 09:00:00+00:00,1406.8165,2246.007364237004,1987.74904811629,2504.265680357718
2026-02-20 10:00:00+00:00,1503.335,2360.045123620318,2101.786807499604,2618.303439741032
2026-02-20 11:00:00+00:00,1519.20625,3155.7590324142584,2897.5007162935444,3414.0173485349724
2026-02-20 12:00:00+00:00,1450.6802500000001,2217.3926357616056,1959.1343196408916,2475.6509518823195
2026-02-20 13:00:00+00:00,1220.1965,2197.6671402616876,1939.4088241409738,2455.9254563824015
2026-02-20 14:00:00+00:00,773.24375,1575.5303827092528,1317.272066588539,1833.7886988299667
2026-02-20 15:00:00+00:00,316.4955,588.7790355360254,330.52071941531153,847.0373516567392
2026-02-20 16:00:00+00:00,38.056749999999965,118.48221662555511,-139.77609949515886,376.74053274626897
2026-02-20 17:00:00+00:00,0.0,18.31036422187094,-239.94795189884303,276.5686803425848
2026-02-20 18:00:00+00:00,0.0,1.7949414585891645,-256.4633746621248,260.0532575793029
2026-02-20 19:00:00+00:00,0.0,1.7949414585891645,-256.4633746621248,260.0532575793029
2026-02-20 20:00:00+00:00,0.0,-2.247291542314315,-260.5056076630283,256.01102457839954
2026-02-20 21:00:00+00:00,0.0,-2.247291542314315,-260.5056076630283,256.01102457839954
2026-02-20 22:00:00+00:00,0.0,-2.108928159347215,-260.3672442800612,256.14938796136664
2026-02-20 23:00:00+00:00,0.0,3.3951983105600902,-254.86311781015388,261.65351443127395
2026-02-21 00:00:00+00:00,0.0,5.477617965125091,-250.13890357951254,261.0941395097624
2026-02-21 01:00:00+00:00,0.0,0.44835885146176224,-255.16816269317565,256.0648803960993
2026-02-21 02:00:00+00:00,0.0,-1.070510741403723,-256.68703228604113,254.5460108032338
2026-02-21 03:00:00+00:00,0.0,-1.070510741403723,-256.68703228604113,254.5460108032338
2026-02-21 04:00:00+00:00,0.0,0.9629113098910693,-254.65361023474634,256.5794328545286
2026-02-21 05:00:00+00:00,0.0,1.382581615258914,-254.2339399293785,256.9991031598963
2026-02-21 06:00:00+00:00,16.694750000000113,-24.580045208739193,-280.1965667533766,231.03647633589833
2026-02-21 07:00:00+00:00,218.39800000000002,390.33616057914173,134.71963903450433,645.9526821237791
2026-02-21 08:00:00+00:00,536.3530000000001,832.8954508397067,577.2789292950692,1088.511972384344
2026-02-21 09:00:00+00:00,773.275,1662.457076930994,1406.8405553863563,1918.0735984756313
2026-02-21 10:00:00+00:00,844.4335,1162.6579934378178,907.0414718931804,1418.2745149824552
2026-02-21 11:00:00+00:00,833.1235,1436.5223496195754,1180.9058280749377,1692.1388711642128
2026-02-21 12:00:00+00:00,853.30075,891.450423046114,635.8339015014765,1147.0669445907515
2026-02-21 13:00:00+00:00,721.89575,934.849031798004,679.2325102533666,1190.4655533426414
2026-02-21 14:00:00+00:00,449.33625000000006,922.7857313027666,667.1692097581292,1178.4022528474043
2026-02-21 15:00:00+00:00,204.3499999999999,438.7952853724686,183.17876382783106,694.4118069171061
2026-02-21 16:00:00+00:00,29.106250000000045,-2.442491672444703,-258.0590132170821,253.1740298721927
2026-02-21 17:00:00+00:00,0.0,5.376607970134273,-250.23991357450313,260.9931295147717
2026-02-21 18:00:00+00:00,0.0,4.458160296345341,-251.15836124829207,260.07468184098275
2026-02-21 19:00:00+00:00,0.0,13.91018153557161,-241.7063400090658,269.52670308020913
2026-02-21 20:00:00+00:00,0.0,-1.9352171199027453,-257.55173866454015,253.68130442473466
2026-02-21 21:00:00+00:00,0.0,-1.6414453420736663,-257.2579668867111,253.97507620256374
2026-02-21 22:00:00+00:00,0.0,-1.86953834987753,-257.48605989451494,253.74698319476
2026-02-21 23:00:00+00:00,0.0,6.254942471241293,-249.36157907339611,261.8714640158787
2026-02-22 00:00:00+00:00,0.0,5.70155674078228,-249.91496480385513,261.3180782854196
2026-02-22 01:00:00+00:00,0.0,-1.1681189850282863,-256.7846405296657,254.44840255960924
2026-02-22 02:00:00+00:00,0.0,0.8799955362426317,-254.73652600839478,256.49651708088004
2026-02-22 03:00:00+00:00,0.0,10.584695243243004,-245.0318263013944,266.2012167878804
2026-02-22 04:00:00+00:00,0.0,10.287064394166919,-245.3294571504705,265.90358593880444
2026-02-22 05:00:00+00:00,0.0,-10.697412846172256,-266.31393439080966,244.91910869846504
2026-02-22 06:00:00+00:00,25.005499999999984,-21.746765035263024,-277.36328657990043,233.86975650937438
2026-02-22 07:00:00+00:00,313.36725,395.44627595734653,139.82975441270912,651.062797501984
2026-02-22 08:00:00+00:00,793.5905,701.3385541262282,445.72203258159084,956.9550756708658
2026-02-22 09:00:00+00:00,1300.84475,1099.4498339517975,843.83331240716,1355.0663554964349
2026-02-22 10:00:00+00:00,1838.989,1147.3299089910192,891.7133874463817,1402.9464305356566
2026-02-22 11:00:00+00:00,1924.03725,1082.4193697318306,826.802848187193,1338.035891276468
2026-02-22 12:00:00+00:00,1660.80575,1387.5966547442142,1131.9801331995768,1643.2131762888516
2026-02-22 13:00:00+00:00,1359.597,1082.4512689221167,826.8347473774792,1338.067790466754
2026-02-22 14:00:00+00:00,815.3385,915.8477730981724,660.231251553535,1171.4642946428098
2026-02-22 15:00:00+00:00,327.528,362.3725748345362,106.75605328989866,617.9890963791737
2026-02-22 16:00:00+00:00,29.681499999999915,-25.012994788566175,-280.6295163332036,230.60352675607123
2026-02-22 17:00:00+00:00,0.0,0.22604660671549937,-255.3904749379219,255.8425681513529
2026-02-22 18:00:00+00:00,0.0,9.428702453815276,-246.18781909082213,265.04522399845257
2026-02-22 19:00:00+00:00,0.0,9.428702453815276,-246.18781909082213,265.04522399845257
2026-02-22 20:00:00+00:00,0.0,-2.809641070520229,-258.42616261515764,252.8068804741173
2026-02-22 21:00:00+00:00,0.0,-2.809641070520229,-258.42616261515764,252.8068804741173
2026-02-22 22:00:00+00:00,0.0,9.619635660337735,-245.99688588429967,265.23615720497514
2026-02-22 23:00:00+00:00,0.0,9.317888198945184,-246.29863334569222,264.9344097435826
2026-02-23 00:00:00+00:00,0.0,10.017550932261656,-245.59897061237575,265.63407247689895
2026-02-23 01:00:00+00:00,0.0,120.6560307284675,-134.96049081617002,376.2725522731049
2026-02-23 02:00:00+00:00,0.0,0.8443228067965265,-254.77219873784088,256.46084435143393
2026-02-23 03:00:00+00:00,0.0,1.4801468985156134,-254.1363746461218,257.0966684431529
2026-02-23 04:00:00+00:00,0.0,-0.06431132567513487,-255.68083287031277,255.55221021896216
2026-02-23 05:00:00+00:00,0.0,-16.77856529120868,-272.3950868358461,238.83795625342862
2026-02-23 06:00:00+00:00,55.827,-20.291413306932782,-275.9079348515702,235.3251082377045
2026-02-23 07:00:00+00:00,469.14250000000004,348.69602452477363,93.07950298013623,604.3125460694109
2026-02-23 08:00:00+00:00,1103.86275,907.847550338912,652.2310287942745,1163.4640718835494
2026-02-23 09:00:00+00:00,1885.8665,1506.2148698656415,1250.5983483210039,1761.831391410279
2026-02-23 10:00:00+00:00,2463.8685,1482.323333954841,1226.7068124102036,1737.9398554994787
2026-02-23 11:00:00+00:00,2650.85275,2362.005555206951,2106.3890336623135,2617.622076751589
2026-02-23 12:00:00+00:00,2636.804,2383.089088339535,2127.4725667948974,2638.705609884172
2026-02-23 13:00:00+00:00,2486.7365,1692.559256267066,1436.9427347224287,1948.1757778117035
2026-02-23 14:00:00+00:00,1799.474,1247.9789157847868,992.3623942401493,1503.5954373294242
2026-02-23 15:00:00+00:00,650.1267500000001,421.4996994773247,165.8831779326872,677.1162210219622
2026-02-23 16:00:00+00:00,56.692999999999984,41.160699155798966,-214.45582238883844,296.77722070043626
2026-02-23 17:00:00+00:00,0.0,-7.265722503381767,-262.8822440480192,248.35079904125553
2026-02-23 18:00:00+00:00,0.0,-3.18906862054655,-258.80559016518396,252.42745292409086
2026-02-23 19:00:00+00:00,0.0,-3.18906862054655,-258.80559016518396,252.42745292409086
2026-02-23 20:00:00+00:00,0.0,-1.0768609384690535,-256.69338248310646,254.53966060616835
2026-02-23 21:00:00+00:00,0.0,-1.0768609384690535,-256.69338248310646,254.53966060616835
2026-02-23 22:00:00+00:00,0.0,-1.0768609384690535,-256.69338248310646,254.53966060616835
2026-02-23 23:00:00+00:00,0.0,-1.0768609384690535,-256.69338248310646,254.53966060616835
2026-02-24 00:00:00+00:00,0.0,-1.0155431265836796,-256.6320646712211,254.60097841805373
2026-02-24 01:00:00+00:00,0.0,-2.3641316369166816,-257.9806531815541,253.25238990772073
2026-02-24 02:00:00+00:00,0.0,-1.4210993777385283,-257.03762092237594,254.19542216689888
2026-02-24 03:00:00+00:00,0.0,10.897927399251557,-244.71859414538585,266.51444894388885
2026-02-24 04:00:00+00:00,0.0,10.897927399251557,-244.71859414538585,266.51444894388885
2026-02-24 05:00:00+00:00,0.0,-5.816326566281987,-261.4328481109194,249.80019497835542
2026-02-24 06:00:00+00:00,15.430000000000064,33.84746052695982,-221.7690610176776,289.46398207159723
2026-02-24 07:00:00+00:00,242.02549999999997,182.4638191386406,-73.15270240599693,438.080340683278
2026-02-24 08:00:00+00:00,653.1792499999999,419.2083280759556,163.59180653131807,674.824849620593
2026-02-24 09:00:00+00:00,1105.6565,910.3534805369798,654.7369589923424,1165.9700020816172
2026-02-24 10:00:00+00:00,1598.99675,882.8358338066334,627.219312261996,1138.4523553512709
2026-02-24 11:00:00+00:00,1647.6845,892.0140223212491,636.3975007766117,1147.6305438658865
2026-02-24 12:00:00+00:00,1499.70275,1049.6519835087724,794.035461964135,1305.2685050534099
2026-02-24 13:00:00+00:00,1158.558,913.2249744975667,657.6084529529292,1168.8414960422042
2026-02-24 14:00:00+00:00,810.474,836.0302299255256,580.4137083808881,1091.646751470163
2026-02-24 15:00:00+00:00,421.4537499999999,391.14775220874026,135.53123066410285,646.7642737533777
2026-02-24 16:00:00+00:00,78.45950000000005,45.56421620506808,-210.05230533956933,301.1807377497056
2026-02-24 17:00:00+00:00,0.0,-6.090512437983534,-261.70703398262094,249.526009106654
2026-02-24 18:00:00+00:00,0.0,0.7754040561367219,-254.8411174885007,256.39192560077413
2026-02-24 19:00:00+00:00,0.0,0.572143305158761,-255.04437823947865,256.18866484979606
2026-02-24 20:00:00+00:00,0.0,0.5591498872713601,-255.05737165736605,256.1756714319089
2026-02-24 21:00:00+00:00,0.0,0.5591498872713601,-255.05737165736605,256.1756714319089
2026-02-24 22:00:00+00:00,0.0,0.684804095274103,-254.9317174493633,256.3013256399115
2026-02-24 23:00:00+00:00,0.0,3.001950263088247,-252.61457128154916,258.61847180772565
2026-02-25 00:00:00+00:00,0.0,0.9359301762899577,-254.68059136834745,256.5524517209275
2026-02-25 01:00:00+00:00,0.0,0.9359301762899577,-254.68059136834745,256.5524517209275
2026-02-25 02:00:00+00:00,0.0,2.6071230361997095,-253.0093985084377,258.22364458083723
2026-02-25 03:00:00+00:00,0.0,1.1073938643992278,-254.50912768023818,256.72391540903675
2026-02-25 04:00:00+00:00,0.0,0.4565118833108954,-255.1600096613265,256.0730334279482
2026-02-25 05:00:00+00:00,0.0,0.4565118833108954,-255.1600096613265,256.0730334279482
2026-02-25 06:00:00+00:00,120.36500000000001,83.197220852231,-172.41930069240652,338.8137423968684
2026-02-25 07:00:00+00:00,883.94825,738.1910702875108,482.5745487428733,993.8075918321482
2026-02-25 08:00:00+00:00,1859.8787499999999,1490.662607585874,1235.0460860412363,1746.2791291305114
2026-02-25 09:00:00+00:00,2849.13875,2216.2304974399995,1960.613975895362,2471.8470189846366
2026-02-25 10:00:00+00:00,3940.03025,2807.4766675440424,2551.860145999405,3063.0931890886795
2026-02-25 11:00:00+00:00,4862.605,3839.5219518598274,3583.90543031519,4095.138473404465
2026-02-25 12:00:00+00:00,5112.0202500000005,4548.357692421347,4292.741170876709,4803.974213965984
2026-02-25 13:00:00+00:00,4638.4085,4372.870688790668,4117.25416724603,4628.487210335305
2026-02-25 14:00:00+00:00,3508.3112499999997,3766.4554530833707,3510.838931538733,4022.071974628008
2026-02-25 15:00:00+00:00,1854.6754999999998,1765.9049863518032,1510.2884648071658,2021.5215078964407
2026-02-25 16:00:00+00:00,279.62750000000005,159.1681427427941,-96.44837880184332,414.7846642874316
2026-02-25 17:00:00+00:00,0.0,-0.23885363609656451,-255.85537518073397,255.37766790854084
2026-02-25 18:00:00+00:00,0.0,1.348833387765353,-254.26768815687205,256.96535493240276
2026-02-25 19:00:00+00:00,0.0,1.581856330137498,-254.0346652144999,257.1983778747749
2026-02-25 20:00:00+00:00,0.0,0.8470411244431943,-254.7694804201942,256.4635626690807
2026-02-25 21:00:00+00:00,0.0,1.204164200979676,-254.41235734365773,256.8206857456171
2026-02-25 22:00:00+00:00,0.0,1.329818408982419,-254.286703135655,256.9463399536198
2026-02-25 23:00:00+00:00,0.0,-1.0592470740905355,-256.67576861872794,254.55727447054687
2026-02-26 00:00:00+00:00,0.0,-1.0087452043601388,-256.62526674899755,254.60777634027738
2026-02-26 01:00:00+00:00,0.0,-1.0087452043601388,-256.62526674899755,254.60777634027738
2026-02-26 02:00:00+00:00,0.0,0.662447655549613,-254.9540738890878,256.27896920018713
2026-02-26 03:00:00+00:00,0.0,2.0160279968711166,-253.6004935477663,257.6325495415085
2026-02-26 04:00:00+00:00,0.0,6.1611671852288055,-249.4553543594086,261.7776887298663
2026-02-26 05:00:00+00:00,0.0,29.45623839042878,-226.16028315420863,285.0727599350662
2026-02-26 06:00:00+00:00,216.76649999999984,159.39360301648696,-96.22291852815056,415.01012456112437
2026-02-26 07:00:00+00:00,1312.69375,1056.7358666345333,801.1193450898959,1312.3523881791707
2026-02-26 08:00:00+00:00,2755.82225,1816.6515690032782,1561.0350474586407,2072.2680905479156
2026-02-26 09:00:00+00:00,4122.93025,3742.2037998021024,3486.587278257465,3997.82032134674
2026-02-26 10:00:00+00:00,5168.28125,4333.162738787862,4077.546217243225,4588.7792603325
2026-02-26 11:00:00+00:00,5716.59975,5084.216703183505,4828.600181638867,5339.833224728142
2026-02-26 12:00:00+00:00,5601.479,4672.368231632081,4416.751710087443,4927.984753176717
2026-02-26 13:00:00+00:00,4804.516750000001,4826.0725402265425,4570.456018681905,5081.68906177118
2026-02-26 14:00:00+00:00,3629.29975,3265.146051258967,3009.5295297143293,3520.762572803604
2026-02-26 15:00:00+00:00,1933.10825,1384.566196419931,1128.9496748752933,1640.1827179645684
2026-02-26 16:00:00+00:00,337.33825,77.10843803158662,-178.50808351305068,332.724959576224
2026-02-26 17:00:00+00:00,0.0,-0.7393028093204066,-256.3558243539578,254.87721873531711
2026-02-26 18:00:00+00:00,0.0,1.1504090604553312,-254.46611248418208,256.76693060509274
2026-02-26 19:00:00+00:00,0.0,1.0564432347684942,-254.5600783098689,256.672964779406
2026-02-26 20:00:00+00:00,0.0,1.289466177140639,-254.32705536749677,256.90598772177805
2026-02-26 21:00:00+00:00,0.0,1.8024927150386247,-253.81402882959878,257.41901425967603
2026-02-26 22:00:00+00:00,0.0,1.8964585407252343,-253.72006300391217,257.51298008536276
2026-02-26 23:00:00+00:00,0.0,1.8964585407252343,-253.72006300391217,257.51298008536276
2026-02-27 00:00:00+00:00,0.0,1.9469604104558584,-253.66956113418155,257.56348195509327
2026-02-27 01:00:00+00:00,0.0,1.9469604104558584,-253.66956113418155,257.56348195509327
2026-02-27 02:00:00+00:00,0.0,3.6181532703656103,-251.9983682742718,259.2346748150029
2026-02-27 03:00:00+00:00,0.0,4.4426504355551515,-251.17387110908226,260.05917198019256
2026-02-27 04:00:00+00:00,0.0,5.122792313262607,-250.4937292313748,260.7393138579
2026-02-27 05:00:00+00:00,0.0,12.358591681701455,-243.25792986293595,267.975113226339
2026-02-27 06:00:00+00:00,337.4655,175.699673957492,-79.91684758714541,431.3161955021294
2026-02-27 07:00:00+00:00,1899.3762500000003,2001.4172055292288,1745.8006839845912,2257.033727073866
2026-02-27 08:00:00+00:00,3604.1682499999997,2915.510058628168,2659.89353708353,3171.126580172805
2026-02-27 09:00:00+00:00,4933.06575,4712.084544614094,4456.468023069458,4967.701066158732
2026-02-27 10:00:00+00:00,5751.87925,5197.676654677609,4942.060133132972,5453.293176222246
2026-02-27 11:00:00+00:00,6010.29175,5479.285544794933,5223.669023250296,5734.902066339571
2026-02-27 12:00:00+00:00,5736.86875,5631.689507560841,5376.072986016203,5887.306029105478
2026-02-27 13:00:00+00:00,4978.3715,4996.671025372505,4741.054503827867,5252.287546917142
2026-02-27 14:00:00+00:00,3707.3815,3725.7271405845413,3470.1106190399037,3981.3436621291785
2026-02-27 15:00:00+00:00,1971.77925,1749.8817524758083,1494.2652309311707,2005.4982740204455
2026-02-27 16:00:00+00:00,369.7365,136.48825227101258,-119.12826927362471,392.10477381565
2026-02-27 17:00:00+00:00,0.0,20.7428336853186,-234.8736878593188,276.3593552299561
2026-02-27 18:00:00+00:00,0.0,0.9832956781035591,-254.63322586653385,256.59981722274097
2026-02-27 19:00:00+00:00,0.0,0.9832956781035591,-254.63322586653385,256.59981722274097
2026-02-27 20:00:00+00:00,0.0,1.7095818958084692,-253.90693964882894,257.3261034404459
2026-02-27 21:00:00+00:00,0.0,6.500600869251457,-249.11592067538595,262.117122413889
2026-02-27 22:00:00+00:00,0.0,6.500600869251457,-249.11592067538595,262.117122413889
2026-02-27 23:00:00+00:00,0.0,6.182282906882847,-249.43423863775456,261.79880445152025
