date,hard_coal_ampr_actual,lignite_ampr_actual,coal_derived_gas_ampr_actual,oil_ampr_actual,other_fossil_ampr_actual,gas_ampr_actual,renewables_ampr_actual,biomass_ampr_actual,waste_ampr_actual,hard_coal_ampr_fitted,lignite_ampr_fitted,coal_derived_gas_ampr_fitted,oil_ampr_fitted,other_fossil_ampr_fitted,gas_ampr_fitted,renewables_ampr_fitted,biomass_ampr_fitted,waste_ampr_fitted,hard_coal_ampr_lower,lignite_ampr_lower,coal_derived_gas_ampr_lower,oil_ampr_lower,other_fossil_ampr_lower,gas_ampr_lower,renewables_ampr_lower,biomass_ampr_lower,waste_ampr_lower,hard_coal_ampr_upper,lignite_ampr_upper,coal_derived_gas_ampr_upper,oil_ampr_upper,other_fossil_ampr_upper,gas_ampr_upper,renewables_ampr_upper,biomass_ampr_upper,waste_ampr_upper
2026-02-28 00:00:00+00:00,,,,,,,,,,954.6555374550878,3429.0395131834784,474.90369658931183,0.02933298867115579,50.28184939661654,2692.5753228691256,274.55372563025185,758.9619585265057,67.15747728696742,1055.4804793568949,3443.1931532427084,474.4991970129713,0.03439596063988095,50.797045407738096,3052.257767874306,352.11690448037757,767.4428344592261,65.57871875,1055.4804793568949,3443.1931532427084,474.4991970129713,0.03439596063988095,50.797045407738096,3052.257767874306,352.11690448037757,767.4428344592261,65.57871875
2026-02-28 01:00:00+00:00,,,,,,,,,,906.6166296053852,3442.586332948077,474.90369658931183,0.02983353360445836,50.28184939661654,2522.795857255926,281.0918554035112,759.5058344919939,67.15747728696742,1055.4804793568949,3443.1931532427084,474.4991970129713,0.03439596063988095,50.797045407738096,3052.257767874306,352.11690448037757,767.4428344592261,65.57871875,1055.4804793568949,3443.1931532427084,474.4991970129713,0.03439596063988095,50.797045407738096,3052.257767874306,352.11690448037757,767.4428344592261,65.57871875
2026-02-28 02:00:00+00:00,,,,,,,,,,909.4896116232744,3455.7540917267797,474.90369658931183,0.030334078537760933,50.28184939661654,2543.8564860879965,287.62998517677056,760.4193420561916,67.15747728696742,1055.4804793568949,3443.1931532427084,474.4991970129713,0.03439596063988095,50.797045407738096,3052.257767874306,352.11690448037757,767.4428344592261,65.57871875,1055.4804793568949,3443.1931532427084,474.4991970129713,0.03439596063988095,50.797045407738096,3052.257767874306,352.11690448037757,767.4428344592261,65.57871875
2026-02-28 03:00:00+00:00,,,,,,,,,,931.6217332497021,3487.5289859112227,474.90369658931183,0.030834623471063503,50.28184939661654,2621.5551393979213,294.1681149500299,761.4482910068059,67.15747728696742,1055.4804793568949,3443.1931532427084,474.4991970129713,0.03439596063988095,50.797045407738096,3052.257767874306,352.11690448037757,767.4428344592261,65.57871875,1055.4804793568949,3443.1931532427084,474.4991970129713,0.03439596063988095,50.797045407738096,3052.257767874306,352.11690448037757,767.4428344592261,65.57871875
2026-02-28 04:00:00+00:00,,,,,,,,,,957.9707249828272,3502.8286470601893,474.90369658931183,0.03133516840436607,50.28184939661654,2734.580267676506,300.70624472328933,761.7097100899664,67.15747728696742,1055.4804793568949,3443.1931532427084,474.4991970129713,0.03439596063988095,50.797045407738096,3052.257767874306,352.11690448037757,767.4428344592261,65.57871875,1055.4804793568949,3443.1931532427084,474.4991970129713,0.03439596063988095,50.797045407738096,3052.257767874306,352.11690448037757,767.4428344592261,65.57871875
2026-02-28 05:00:00+00:00,,,,,,,,,,1004.8455482030863,3508.35298631492,474.90369658931183,0.031835713337668645,50.28184939661654,2902.5683026306806,307.2443744965487,762.5859171376769,67.15747728696742,1055.4804793568949,3443.1931532427084,474.4991970129713,0.03439596063988095,50.797045407738096,3052.257767874306,352.11690448037757,767.4428344592261,65.57871875,1055.4804793568949,3443.1931532427084,474.4991970129713,0.03439596063988095,50.797045407738096,3052.257767874306,352.11690448037757,767.4428344592261,65.57871875
2026-02-28 06:00:00+00:00,,,,,,,,,,1012.6607007675535,3489.2516097703847,474.90369658931183,0.03233625827097121,50.28184939661654,2940.0785953636164,313.78250426980804,763.4787067215298,67.15747728696742,1055.4804793568949,3443.1931532427084,474.4991970129713,0.03439596063988095,50.797045407738096,3052.257767874306,352.11690448037757,767.4428344592261,65.57871875,1055.4804793568949,3443.1931532427084,474.4991970129713,0.03439596063988095,50.797045407738096,3052.257767874306,352.11690448037757,767.4428344592261,65.57871875
2026-02-28 07:00:00+00:00,,,,,,,,,,1030.4770837276742,3459.6037621270866,474.90369658931183,0.03283680320427378,50.28184939661654,2973.4480592292934,320.3206340430674,764.3583854333781,67.15747728696742,1055.4804793568949,3443.1931532427084,474.4991970129713,0.03439596063988095,50.797045407738096,3052.257767874306,352.11690448037757,767.4428344592261,65.57871875,1055.4804793568949,3443.1931532427084,474.4991970129713,0.03439596063988095,50.797045407738096,3052.257767874306,352.11690448037757,767.4428344592261,65.57871875
2026-02-28 08:00:00+00:00,,,,,,,,,,999.0205215062697,3359.4166679863433,474.90369658931183,0.03333734813757635,50.28184939661654,2800.417021044019,326.85876381632676,764.3757788382202,67.15747728696742,1055.4804793568949,3443.1931532427084,474.4991970129713,0.03439596063988095,50.797045407738096,3052.257767874306,352.11690448037757,767.4428344592261,65.57871875,1055.4804793568949,3443.1931532427084,474.4991970129713,0.03439596063988095,50.797045407738096,3052.257767874306,352.11690448037757,767.4428344592261,65.57871875
2026-02-28 09:00:00+00:00,,,,,,,,,,939.2508100238206,3217.9411739956154,474.90369658931183,0.03383789307087892,50.28184939661654,2558.420676373418,333.39689358958617,764.3402011914834,67.15747728696742,1055.4804793568949,3443.1931532427084,474.4991970129713,0.03439596063988095,50.797045407738096,3052.257767874306,352.11690448037757,767.4428344592261,65.57871875,1055.4804793568949,3443.1931532427084,474.4991970129713,0.03439596063988095,50.797045407738096,3052.257767874306,352.11690448037757,767.4428344592261,65.57871875
2026-02-28 10:00:00+00:00,,,,,,,,,,936.0767010124487,3142.0326120571676,474.90369658931183,0.03433843800418149,50.28184939661654,2493.520640500984,339.9350233628455,764.3120869357919,67.15747728696742,1055.4804793568949,3443.1931532427084,474.4991970129713,0.03439596063988095,50.797045407738096,3052.257767874306,352.11690448037757,767.4428344592261,65.57871875,1055.4804793568949,3443.1931532427084,474.4991970129713,0.03439596063988095,50.797045407738096,3052.257767874306,352.11690448037757,767.4428344592261,65.57871875
2026-02-28 11:00:00+00:00,,,,,,,,,,838.784715898172,3016.798217945304,474.90369658931183,0.03483898293748406,50.28184939661654,2119.1129184444235,346.4731531361049,764.1897498562614,67.15747728696742,1055.4804793568949,3443.1931532427084,474.4991970129713,0.03439596063988095,50.797045407738096,3052.257767874306,352.11690448037757,767.4428344592261,65.57871875,1055.4804793568949,3443.1931532427084,474.4991970129713,0.03439596063988095,50.797045407738096,3052.257767874306,352.11690448037757,767.4428344592261,65.57871875
2026-02-28 12:00:00+00:00,,,,,,,,,,832.0236217425858,3052.169042258664,474.90369658931183,0.03533952787078663,50.28184939661654,2107.0448945357657,353.01128290936424,764.4434239341125,67.15747728696742,1055.4804793568949,3443.1931532427084,474.4991970129713,0.03439596063988095,50.797045407738096,3052.257767874306,352.11690448037757,767.4428344592261,65.57871875,1055.4804793568949,3443.1931532427084,474.4991970129713,0.03439596063988095,50.797045407738096,3052.257767874306,352.11690448037757,767.4428344592261,65.57871875
2026-02-28 13:00:00+00:00,,,,,,,,,,859.8819059660034,3097.3467714563767,474.90369658931183,0.0358400728040892,50.28184939661654,2276.967527576694,359.5494126826236,765.2395916000256,67.15747728696742,1055.4804793568949,3443.1931532427084,474.4991970129713,0.03439596063988095,50.797045407738096,3052.257767874306,352.11690448037757,767.4428344592261,65.57871875,1055.4804793568949,3443.1931532427084,474.4991970129713,0.03439596063988095,50.797045407738096,3052.257767874306,352.11690448037757,767.4428344592261,65.57871875
2026-02-28 14:00:00+00:00,,,,,,,,,,866.5106717096197,3166.5534848752395,474.90369658931183,0.03634061773739177,50.28184939661654,2362.41969809679,366.08754245588295,766.0190730236186,67.15747728696742,1055.4804793568949,3443.1931532427084,474.4991970129713,0.03439596063988095,50.797045407738096,3052.257767874306,352.11690448037757,767.4428344592261,65.57871875,1055.4804793568949,3443.1931532427084,474.4991970129713,0.03439596063988095,50.797045407738096,3052.257767874306,352.11690448037757,767.4428344592261,65.57871875
2026-02-28 15:00:00+00:00,,,,,,,,,,907.6647014179905,3251.7010795373203,474.90369658931183,0.03684116267069434,50.28184939661654,2567.3539843726176,372.62567222914237,767.2576055081652,67.15747728696742,1055.4804793568949,3443.1931532427084,474.4991970129713,0.03439596063988095,50.797045407738096,3052.257767874306,352.11690448037757,767.4428344592261,65.57871875,1055.4804793568949,3443.1931532427084,474.4991970129713,0.03439596063988095,50.797045407738096,3052.257767874306,352.11690448037757,767.4428344592261,65.57871875
2026-02-28 16:00:00+00:00,,,,,,,,,,954.5868946345437,3323.507716272864,474.90369658931183,0.03734170760399691,50.28184939661654,2750.897937973819,379.1638020024017,768.565706902997,67.15747728696742,1055.4804793568949,3443.1931532427084,474.4991970129713,0.03439596063988095,50.797045407738096,3052.257767874306,352.11690448037757,767.4428344592261,65.57871875,1055.4804793568949,3443.1931532427084,474.4991970129713,0.03439596063988095,50.797045407738096,3052.257767874306,352.11690448037757,767.4428344592261,65.57871875
2026-02-28 17:00:00+00:00,,,,,,,,,,957.1075638800111,3332.1302930966976,474.90369658931183,0.03784225253729948,50.28184939661654,2768.756082392655,385.7019317756611,770.1367193056105,67.15747728696742,1055.4804793568949,3443.1931532427084,474.4991970129713,0.03439596063988095,50.797045407738096,3052.257767874306,352.11690448037757,767.4428344592261,65.57871875,1055.4804793568949,3443.1931532427084,474.4991970129713,0.03439596063988095,50.797045407738096,3052.257767874306,352.11690448037757,767.4428344592261,65.57871875
2026-02-28 18:00:00+00:00,,,,,,,,,,926.3313505354424,3234.5746491825403,474.90369658931183,0.03834279747060205,50.28184939661654,2679.313399643714,392.24006154892044,771.7437045638081,67.15747728696742,1055.4804793568949,3443.1931532427084,474.4991970129713,0.03439596063988095,50.797045407738096,3052.257767874306,352.11690448037757,767.4428344592261,65.57871875,1055.4804793568949,3443.1931532427084,474.4991970129713,0.03439596063988095,50.797045407738096,3052.257767874306,352.11690448037757,767.4428344592261,65.57871875
2026-02-28 19:00:00+00:00,,,,,,,,,,947.515546417811,3146.7624669676907,474.90369658931183,0.03884334240390462,50.28184939661654,2724.997558240855,398.7781913221798,772.9133420109102,67.15747728696742,1055.4804793568949,3443.1931532427084,474.4991970129713,0.03439596063988095,50.797045407738096,3052.257767874306,352.11690448037757,767.4428344592261,65.57871875,1055.4804793568949,3443.1931532427084,474.4991970129713,0.03439596063988095,50.797045407738096,3052.257767874306,352.11690448037757,767.4428344592261,65.57871875
2026-02-28 20:00:00+00:00,,,,,,,,,,919.3504013050626,3096.7485268376126,474.90369658931183,0.03934388733720719,50.28184939661654,2636.4562143576027,405.3163210954392,774.1489052289968,67.15747728696742,1055.4804793568949,3443.1931532427084,474.4991970129713,0.03439596063988095,50.797045407738096,3052.257767874306,352.11690448037757,767.4428344592261,65.57871875,1055.4804793568949,3443.1931532427084,474.4991970129713,0.03439596063988095,50.797045407738096,3052.257767874306,352.11690448037757,767.4428344592261,65.57871875
2026-02-28 21:00:00+00:00,,,,,,,,,,945.049477026559,3092.603735723043,474.90369658931183,0.03984443227050976,50.28184939661654,2704.6347434686127,411.85445086869856,774.944620036565,67.15747728696742,1055.4804793568949,3443.1931532427084,474.4991970129713,0.03439596063988095,50.797045407738096,3052.257767874306,352.11690448037757,767.4428344592261,65.57871875,1055.4804793568949,3443.1931532427084,474.4991970129713,0.03439596063988095,50.797045407738096,3052.257767874306,352.11690448037757,767.4428344592261,65.57871875
2026-02-28 22:00:00+00:00,,,,,,,,,,955.5188180818405,3063.5504903653327,474.90369658931183,0.04034497720381233,50.28184939661654,2729.174387182379,418.3925806419579,775.7221075722874,67.15747728696742,1055.4804793568949,3443.1931532427084,474.4991970129713,0.03439596063988095,50.797045407738096,3052.257767874306,352.11690448037757,767.4428344592261,65.57871875,1055.4804793568949,3443.1931532427084,474.4991970129713,0.03439596063988095,50.797045407738096,3052.257767874306,352.11690448037757,767.4428344592261,65.57871875
2026-02-28 23:00:00+00:00,,,,,,,,,,959.4771421927867,3080.731275500162,474.90369658931183,0.0408455221371149,50.28184939661654,2732.8284389835953,424.9307104152173,776.670466590815,67.15747728696742,1055.4804793568949,3443.1931532427084,474.4991970129713,0.03439596063988095,50.797045407738096,3052.257767874306,352.11690448037757,767.4428344592261,65.57871875,1055.4804793568949,3443.1931532427084,474.4991970129713,0.03439596063988095,50.797045407738096,3052.257767874306,352.11690448037757,767.4428344592261,65.57871875
2026-03-01 00:00:00+00:00,,,,,,,,,,972.081637651377,3092.5641538393816,474.90369658931183,0.02933298867115579,50.28184939661654,2707.716598091555,274.55372563025185,765.1172043519223,67.15747728696742,1055.4804793568949,3443.1931532427084,474.4991970129713,0.03439596063988095,50.797045407738096,3052.257767874306,352.11690448037757,767.4428344592261,65.57871875,1055.4804793568949,3443.1931532427084,474.4991970129713,0.03439596063988095,50.797045407738096,3052.257767874306,352.11690448037757,767.4428344592261,65.57871875
2026-03-01 01:00:00+00:00,,,,,,,,,,961.818477309034,3100.561116148656,474.90369658931183,0.02983353360445836,50.28184939661654,2670.117725883793,281.0918554035112,766.3097894814318,67.15747728696742,1055.4804793568949,3443.1931532427084,474.4991970129713,0.03439596063988095,50.797045407738096,3052.257767874306,352.11690448037757,767.4428344592261,65.57871875,1055.4804793568949,3443.1931532427084,474.4991970129713,0.03439596063988095,50.797045407738096,3052.257767874306,352.11690448037757,767.4428344592261,65.57871875
2026-03-01 02:00:00+00:00,,,,,,,,,,974.0990003053035,3182.5423333353206,474.90369658931183,0.030334078537760933,50.28184939661654,2731.323005206067,287.62998517677056,767.4723448062831,67.15747728696742,1055.4804793568949,3443.1931532427084,474.4991970129713,0.03439596063988095,50.797045407738096,3052.257767874306,352.11690448037757,767.4428344592261,65.57871875,1055.4804793568949,3443.1931532427084,474.4991970129713,0.03439596063988095,50.797045407738096,3052.257767874306,352.11690448037757,767.4428344592261,65.57871875
2026-03-01 03:00:00+00:00,,,,,,,,,,1009.8878842093285,3306.147341880525,474.90369658931183,0.030834623471063503,50.28184939661654,2867.2716883737294,294.1681149500299,768.4371711284663,67.15747728696742,1055.4804793568949,3443.1931532427084,474.4991970129713,0.03439596063988095,50.797045407738096,3052.257767874306,352.11690448037757,767.4428344592261,65.57871875,1055.4804793568949,3443.1931532427084,474.4991970129713,0.03439596063988095,50.797045407738096,3052.257767874306,352.11690448037757,767.4428344592261,65.57871875
2026-03-01 04:00:00+00:00,,,,,,,,,,1043.9051511307841,3382.4694297181436,474.90369658931183,0.03133516840436607,50.28184939661654,2991.8336750961753,300.70624472328933,769.335463015233,67.15747728696742,1055.4804793568949,3443.1931532427084,474.4991970129713,0.03439596063988095,50.797045407738096,3052.257767874306,352.11690448037757,767.4428344592261,65.57871875,1055.4804793568949,3443.1931532427084,474.4991970129713,0.03439596063988095,50.797045407738096,3052.257767874306,352.11690448037757,767.4428344592261,65.57871875
2026-03-01 05:00:00+00:00,,,,,,,,,,1075.9081996493728,3477.457440245521,474.90369658931183,0.031835713337668645,50.28184939661654,3143.8149982349937,307.2443744965487,770.2491234351471,67.15747728696742,1055.4804793568949,3443.1931532427084,474.4991970129713,0.03439596063988095,50.797045407738096,3052.257767874306,352.11690448037757,767.4428344592261,65.57871875,1055.4804793568949,3443.1931532427084,474.4991970129713,0.03439596063988095,50.797045407738096,3052.257767874306,352.11690448037757,767.4428344592261,65.57871875
2026-03-01 06:00:00+00:00,,,,,,,,,,1079.7646295469526,3511.1269075504674,474.90369658931183,0.03233625827097121,50.28184939661654,3183.9501757359494,313.78250426980804,771.0414364885289,67.15747728696742,1055.4804793568949,3443.1931532427084,474.4991970129713,0.03439596063988095,50.797045407738096,3052.257767874306,352.11690448037757,767.4428344592261,65.57871875,1055.4804793568949,3443.1931532427084,474.4991970129713,0.03439596063988095,50.797045407738096,3052.257767874306,352.11690448037757,767.4428344592261,65.57871875
2026-03-01 07:00:00+00:00,,,,,,,,,,1045.9855034602149,3470.196957348157,474.90369658931183,0.03283680320427378,50.28184939661654,3064.611595410845,320.3206340430674,771.6793433410478,67.15747728696742,1055.4804793568949,3443.1931532427084,474.4991970129713,0.03439596063988095,50.797045407738096,3052.257767874306,352.11690448037757,767.4428344592261,65.57871875,1055.4804793568949,3443.1931532427084,474.4991970129713,0.03439596063988095,50.797045407738096,3052.257767874306,352.11690448037757,767.4428344592261,65.57871875
2026-03-01 08:00:00+00:00,,,,,,,,,,1036.8449278820535,3404.8484081379593,474.90369658931183,0.03333734813757635,50.28184939661654,2990.1629429180475,326.85876381632676,771.141668860026,67.15747728696742,1055.4804793568949,3443.1931532427084,474.4991970129713,0.03439596063988095,50.797045407738096,3052.257767874306,352.11690448037757,767.4428344592261,65.57871875,1055.4804793568949,3443.1931532427084,474.4991970129713,0.03439596063988095,50.797045407738096,3052.257767874306,352.11690448037757,767.4428344592261,65.57871875
2026-03-01 09:00:00+00:00,,,,,,,,,,994.6049769588132,3279.0183064844177,474.90369658931183,0.03383789307087892,50.28184939661654,2801.942751155368,333.39689358958617,769.8278694583546,67.15747728696742,1055.4804793568949,3443.1931532427084,474.4991970129713,0.03439596063988095,50.797045407738096,3052.257767874306,352.11690448037757,767.4428344592261,65.57871875,1055.4804793568949,3443.1931532427084,474.4991970129713,0.03439596063988095,50.797045407738096,3052.257767874306,352.11690448037757,767.4428344592261,65.57871875
2026-03-01 10:00:00+00:00,,,,,,,,,,944.6584482957542,3136.815017074242,474.90369658931183,0.03433843800418149,50.28184939661654,2577.4356674188703,339.9350233628455,768.574066994181,67.15747728696742,1055.4804793568949,3443.1931532427084,474.4991970129713,0.03439596063988095,50.797045407738096,3052.257767874306,352.11690448037757,767.4428344592261,65.57871875,1055.4804793568949,3443.1931532427084,474.4991970129713,0.03439596063988095,50.797045407738096,3052.257767874306,352.11690448037757,767.4428344592261,65.57871875
2026-03-01 11:00:00+00:00,,,,,,,,,,921.8826145684709,3120.857871966331,474.90369658931183,0.03483898293748406,50.28184939661654,2506.8715572639935,346.4731531361049,767.4977638934813,67.15747728696742,1055.4804793568949,3443.1931532427084,474.4991970129713,0.03439596063988095,50.797045407738096,3052.257767874306,352.11690448037757,767.4428344592261,65.57871875,1055.4804793568949,3443.1931532427084,474.4991970129713,0.03439596063988095,50.797045407738096,3052.257767874306,352.11690448037757,767.4428344592261,65.57871875
2026-03-01 12:00:00+00:00,,,,,,,,,,904.7912576315404,3059.5562039587676,474.90369658931183,0.03533952787078663,50.28184939661654,2466.511588312765,353.01128290936424,766.5815533542032,67.15747728696742,1055.4804793568949,3443.1931532427084,474.4991970129713,0.03439596063988095,50.797045407738096,3052.257767874306,352.11690448037757,767.4428344592261,65.57871875,1055.4804793568949,3443.1931532427084,474.4991970129713,0.03439596063988095,50.797045407738096,3052.257767874306,352.11690448037757,767.4428344592261,65.57871875
2026-03-01 13:00:00+00:00,,,,,,,,,,962.0988005870006,3133.9615793027438,474.90369658931183,0.0358400728040892,50.28184939661654,2691.983077493506,359.5494126826236,766.1249350454959,67.15747728696742,1055.4804793568949,3443.1931532427084,474.4991970129713,0.03439596063988095,50.797045407738096,3052.257767874306,352.11690448037757,767.4428344592261,65.57871875,1055.4804793568949,3443.1931532427084,474.4991970129713,0.03439596063988095,50.797045407738096,3052.257767874306,352.11690448037757,767.4428344592261,65.57871875
2026-03-01 14:00:00+00:00,,,,,,,,,,993.1958696281584,3254.536030357801,474.90369658931183,0.03634061773739177,50.28184939661654,2820.202570871093,366.08754245588295,766.0608785071548,67.15747728696742,1055.4804793568949,3443.1931532427084,474.4991970129713,0.03439596063988095,50.797045407738096,3052.257767874306,352.11690448037757,767.4428344592261,65.57871875,1055.4804793568949,3443.1931532427084,474.4991970129713,0.03439596063988095,50.797045407738096,3052.257767874306,352.11690448037757,767.4428344592261,65.57871875
2026-03-01 15:00:00+00:00,,,,,,,,,,1064.1928673416992,3443.2026294499988,474.90369658931183,0.03684116267069434,50.28184939661654,3136.86697911847,372.62567222914237,766.4490549744739,67.15747728696742,1055.4804793568949,3443.1931532427084,474.4991970129713,0.03439596063988095,50.797045407738096,3052.257767874306,352.11690448037757,767.4428344592261,65.57871875,1055.4804793568949,3443.1931532427084,474.4991970129713,0.03439596063988095,50.797045407738096,3052.257767874306,352.11690448037757,767.4428344592261,65.57871875
2026-03-01 16:00:00+00:00,,,,,,,,,,1109.0270040641435,3544.2499363771917,474.90369658931183,0.03734170760399691,50.28184939661654,3329.364689438659,379.1638020024017,767.1682672598731,67.15747728696742,1055.4804793568949,3443.1931532427084,474.4991970129713,0.03439596063988095,50.797045407738096,3052.257767874306,352.11690448037757,767.4428344592261,65.57871875,1055.4804793568949,3443.1931532427084,474.4991970129713,0.03439596063988095,50.797045407738096,3052.257767874306,352.11690448037757,767.4428344592261,65.57871875
2026-03-01 17:00:00+00:00,,,,,,,,,,1095.9871504253379,3536.9938393147045,474.90369658931183,0.03784225253729948,50.28184939661654,3306.1973901556944,385.7019317756611,768.3405135169462,67.15747728696742,1055.4804793568949,3443.1931532427084,474.4991970129713,0.03439596063988095,50.797045407738096,3052.257767874306,352.11690448037757,767.4428344592261,65.57871875,1055.4804793568949,3443.1931532427084,474.4991970129713,0.03439596063988095,50.797045407738096,3052.257767874306,352.11690448037757,767.4428344592261,65.57871875
2026-03-01 18:00:00+00:00,,,,,,,,,,1077.24240908255,3515.924332977764,474.90369658931183,0.03834279747060205,50.28184939661654,3243.712451566706,392.24006154892044,769.9087115459893,67.15747728696742,1055.4804793568949,3443.1931532427084,474.4991970129713,0.03439596063988095,50.797045407738096,3052.257767874306,352.11690448037757,767.4428344592261,65.57871875,1055.4804793568949,3443.1931532427084,474.4991970129713,0.03439596063988095,50.797045407738096,3052.257767874306,352.11690448037757,767.4428344592261,65.57871875
2026-03-01 19:00:00+00:00,,,,,,,,,,1044.456378975139,3446.9081858350496,474.90369658931183,0.03884334240390462,50.28184939661654,3117.925523076794,398.7781913221798,771.3104357772546,67.15747728696742,1055.4804793568949,3443.1931532427084,474.4991970129713,0.03439596063988095,50.797045407738096,3052.257767874306,352.11690448037757,767.4428344592261,65.57871875,1055.4804793568949,3443.1931532427084,474.4991970129713,0.03439596063988095,50.797045407738096,3052.257767874306,352.11690448037757,767.4428344592261,65.57871875
2026-03-01 20:00:00+00:00,,,,,,,,,,1050.316254265184,3425.8746053653754,474.90369658931183,0.03934388733720719,50.28184939661654,3126.561912861831,405.3163210954392,772.2548582770385,67.15747728696742,1055.4804793568949,3443.1931532427084,474.4991970129713,0.03439596063988095,50.797045407738096,3052.257767874306,352.11690448037757,767.4428344592261,65.57871875,1055.4804793568949,3443.1931532427084,474.4991970129713,0.03439596063988095,50.797045407738096,3052.257767874306,352.11690448037757,767.4428344592261,65.57871875
2026-03-01 21:00:00+00:00,,,,,,,,,,1015.1589246865069,3397.4155900131286,474.90369658931183,0.03984443227050976,50.28184939661654,3006.320669268688,411.85445086869856,773.1141698877072,67.15747728696742,1055.4804793568949,3443.1931532427084,474.4991970129713,0.03439596063988095,50.797045407738096,3052.257767874306,352.11690448037757,767.4428344592261,65.57871875,1055.4804793568949,3443.1931532427084,474.4991970129713,0.03439596063988095,50.797045407738096,3052.257767874306,352.11690448037757,767.4428344592261,65.57871875
2026-03-01 22:00:00+00:00,,,,,,,,,,999.5826240569372,3358.747358578741,474.90369658931183,0.04034497720381233,50.28184939661654,2954.314638612442,418.3925806419579,773.8924169152264,67.15747728696742,1055.4804793568949,3443.1931532427084,474.4991970129713,0.03439596063988095,50.797045407738096,3052.257767874306,352.11690448037757,767.4428344592261,65.57871875,1055.4804793568949,3443.1931532427084,474.4991970129713,0.03439596063988095,50.797045407738096,3052.257767874306,352.11690448037757,767.4428344592261,65.57871875
2026-03-01 23:00:00+00:00,,,,,,,,,,975.8860431165446,3345.6487834118034,474.90369658931183,0.0408455221371149,50.28184939661654,2867.841847794106,424.9307104152173,775.1009889243455,67.15747728696742,1055.4804793568949,3443.1931532427084,474.4991970129713,0.03439596063988095,50.797045407738096,3052.257767874306,352.11690448037757,767.4428344592261,65.57871875,1055.4804793568949,3443.1931532427084,474.4991970129713,0.03439596063988095,50.797045407738096,3052.257767874306,352.11690448037757,767.4428344592261,65.57871875
2026-03-02 00:00:00+00:00,,,,,,,,,,968.0537469079628,3355.259917203084,474.90369658931183,0.02933298867115579,50.28184939661654,2764.1575462285628,274.55372563025185,763.2093392393707,67.15747728696742,1055.4804793568949,3443.1931532427084,474.4991970129713,0.03439596063988095,50.797045407738096,3052.257767874306,352.11690448037757,767.4428344592261,65.57871875,1055.4804793568949,3443.1931532427084,474.4991970129713,0.03439596063988095,50.797045407738096,3052.257767874306,352.11690448037757,767.4428344592261,65.57871875
2026-03-02 01:00:00+00:00,,,,,,,,,,977.5897676630831,3369.2943555736038,474.90369658931183,0.02983353360445836,50.28184939661654,2795.3783194535335,281.0918554035112,764.0652530163892,67.15747728696742,1055.4804793568949,3443.1931532427084,474.4991970129713,0.03439596063988095,50.797045407738096,3052.257767874306,352.11690448037757,767.4428344592261,65.57871875,1055.4804793568949,3443.1931532427084,474.4991970129713,0.03439596063988095,50.797045407738096,3052.257767874306,352.11690448037757,767.4428344592261,65.57871875
2026-03-02 02:00:00+00:00,,,,,,,,,,1039.5436190621858,3439.849788975478,474.90369658931183,0.030334078537760933,50.28184939661654,3000.1131458835066,287.62998517677056,765.156425771298,67.15747728696742,1055.4804793568949,3443.1931532427084,474.4991970129713,0.03439596063988095,50.797045407738096,3052.257767874306,352.11690448037757,767.4428344592261,65.57871875,1055.4804793568949,3443.1931532427084,474.4991970129713,0.03439596063988095,50.797045407738096,3052.257767874306,352.11690448037757,767.4428344592261,65.57871875
2026-03-02 03:00:00+00:00,,,,,,,,,,1066.4491018342303,3501.8161849479693,474.90369658931183,0.030834623471063503,50.28184939661654,3109.8131297091495,294.1681149500299,766.5329250956929,67.15747728696742,1055.4804793568949,3443.1931532427084,474.4991970129713,0.03439596063988095,50.797045407738096,3052.257767874306,352.11690448037757,767.4428344592261,65.57871875,1055.4804793568949,3443.1931532427084,474.4991970129713,0.03439596063988095,50.797045407738096,3052.257767874306,352.11690448037757,767.4428344592261,65.57871875
2026-03-02 04:00:00+00:00,,,,,,,,,,1081.8999836030878,3577.087303082934,474.90369658931183,0.03133516840436607,50.28184939661654,3237.5354199054354,300.70624472328933,767.7971894948595,67.15747728696742,1055.4804793568949,3443.1931532427084,474.4991970129713,0.03439596063988095,50.797045407738096,3052.257767874306,352.11690448037757,767.4428344592261,65.57871875,1055.4804793568949,3443.1931532427084,474.4991970129713,0.03439596063988095,50.797045407738096,3052.257767874306,352.11690448037757,767.4428344592261,65.57871875
2026-03-02 05:00:00+00:00,,,,,,,,,,1127.5125836086904,3690.7697030360664,474.90369658931183,0.031835713337668645,50.28184939661654,3429.3032913025972,307.2443744965487,768.8498759340894,67.15747728696742,1055.4804793568949,3443.1931532427084,474.4991970129713,0.03439596063988095,50.797045407738096,3052.257767874306,352.11690448037757,767.4428344592261,65.57871875,1055.4804793568949,3443.1931532427084,474.4991970129713,0.03439596063988095,50.797045407738096,3052.257767874306,352.11690448037757,767.4428344592261,65.57871875
2026-03-02 06:00:00+00:00,,,,,,,,,,1150.8938479530548,3740.8887025725126,474.90369658931183,0.03233625827097121,50.28184939661654,3504.613050245825,313.78250426980804,769.5728468947069,67.15747728696742,1055.4804793568949,3443.1931532427084,474.4991970129713,0.03439596063988095,50.797045407738096,3052.257767874306,352.11690448037757,767.4428344592261,65.57871875,1055.4804793568949,3443.1931532427084,474.4991970129713,0.03439596063988095,50.797045407738096,3052.257767874306,352.11690448037757,767.4428344592261,65.57871875
2026-03-02 07:00:00+00:00,,,,,,,,,,1150.5199227468709,3713.9797252950343,474.90369658931183,0.03283680320427378,50.28184939661654,3467.232870943203,320.3206340430674,769.8552407515922,67.15747728696742,1055.4804793568949,3443.1931532427084,474.4991970129713,0.03439596063988095,50.797045407738096,3052.257767874306,352.11690448037757,767.4428344592261,65.57871875,1055.4804793568949,3443.1931532427084,474.4991970129713,0.03439596063988095,50.797045407738096,3052.257767874306,352.11690448037757,767.4428344592261,65.57871875
2026-03-02 08:00:00+00:00,,,,,,,,,,1093.6048733130071,3598.030256844973,474.90369658931183,0.03333734813757635,50.28184939661654,3199.7467986310385,326.85876381632676,768.7176896890716,67.15747728696742,1055.4804793568949,3443.1931532427084,474.4991970129713,0.03439596063988095,50.797045407738096,3052.257767874306,352.11690448037757,767.4428344592261,65.57871875,1055.4804793568949,3443.1931532427084,474.4991970129713,0.03439596063988095,50.797045407738096,3052.257767874306,352.11690448037757,767.4428344592261,65.57871875
2026-03-02 09:00:00+00:00,,,,,,,,,,1109.700757694291,3537.619982583883,474.90369658931183,0.03383789307087892,50.28184939661654,3182.716505945726,333.39689358958617,766.8530191738294,67.15747728696742,1055.4804793568949,3443.1931532427084,474.4991970129713,0.03439596063988095,50.797045407738096,3052.257767874306,352.11690448037757,767.4428344592261,65.57871875,1055.4804793568949,3443.1931532427084,474.4991970129713,0.03439596063988095,50.797045407738096,3052.257767874306,352.11690448037757,767.4428344592261,65.57871875
2026-03-02 10:00:00+00:00,,,,,,,,,,1106.0018650267023,3464.786245176514,474.90369658931183,0.03433843800418149,50.28184939661654,3102.6564448573313,339.9350233628455,765.3225027849743,67.15747728696742,1055.4804793568949,3443.1931532427084,474.4991970129713,0.03439596063988095,50.797045407738096,3052.257767874306,352.11690448037757,767.4428344592261,65.57871875,1055.4804793568949,3443.1931532427084,474.4991970129713,0.03439596063988095,50.797045407738096,3052.257767874306,352.11690448037757,767.4428344592261,65.57871875
2026-03-02 11:00:00+00:00,,,,,,,,,,1081.5857342079971,3403.4351442780685,474.90369658931183,0.03483898293748406,50.28184939661654,2982.5070483671725,346.4731531361049,764.0527934864044,67.15747728696742,1055.4804793568949,3443.1931532427084,474.4991970129713,0.03439596063988095,50.797045407738096,3052.257767874306,352.11690448037757,767.4428344592261,65.57871875,1055.4804793568949,3443.1931532427084,474.4991970129713,0.03439596063988095,50.797045407738096,3052.257767874306,352.11690448037757,767.4428344592261,65.57871875
2026-03-02 12:00:00+00:00,,,,,,,,,,1079.2246658646468,3377.8035493289995,474.90369658931183,0.03533952787078663,50.28184939661654,2973.920621100393,353.01128290936424,763.5058725963942,67.15747728696742,1055.4804793568949,3443.1931532427084,474.4991970129713,0.03439596063988095,50.797045407738096,3052.257767874306,352.11690448037757,767.4428344592261,65.57871875,1055.4804793568949,3443.1931532427084,474.4991970129713,0.03439596063988095,50.797045407738096,3052.257767874306,352.11690448037757,767.4428344592261,65.57871875
2026-03-02 13:00:00+00:00,,,,,,,,,,1097.9723904074237,3417.574789582358,474.90369658931183,0.0358400728040892,50.28184939661654,3059.972160629667,359.5494126826236,763.2377785997511,67.15747728696742,1055.4804793568949,3443.1931532427084,474.4991970129713,0.03439596063988095,50.797045407738096,3052.257767874306,352.11690448037757,767.4428344592261,65.57871875,1055.4804793568949,3443.1931532427084,474.4991970129713,0.03439596063988095,50.797045407738096,3052.257767874306,352.11690448037757,767.4428344592261,65.57871875
2026-03-02 14:00:00+00:00,,,,,,,,,,1145.9980369959737,3541.811859467427,474.90369658931183,0.03634061773739177,50.28184939661654,3319.6439153348542,366.08754245588295,763.4285347361296,67.15747728696742,1055.4804793568949,3443.1931532427084,474.4991970129713,0.03439596063988095,50.797045407738096,3052.257767874306,352.11690448037757,767.4428344592261,65.57871875,1055.4804793568949,3443.1931532427084,474.4991970129713,0.03439596063988095,50.797045407738096,3052.257767874306,352.11690448037757,767.4428344592261,65.57871875
2026-03-02 15:00:00+00:00,,,,,,,,,,1208.6241376856472,3731.3575214670773,474.90369658931183,0.03684116267069434,50.28184939661654,3622.962101134399,372.62567222914237,764.1259089424833,67.15747728696742,1055.4804793568949,3443.1931532427084,474.4991970129713,0.03439596063988095,50.797045407738096,3052.257767874306,352.11690448037757,767.4428344592261,65.57871875,1055.4804793568949,3443.1931532427084,474.4991970129713,0.03439596063988095,50.797045407738096,3052.257767874306,352.11690448037757,767.4428344592261,65.57871875
2026-03-02 16:00:00+00:00,,,,,,,,,,1253.2818223827055,3814.0791589008604,474.90369658931183,0.03734170760399691,50.28184939661654,3871.2162191749776,379.1638020024017,765.6130627792146,67.15747728696742,1055.4804793568949,3443.1931532427084,474.4991970129713,0.03439596063988095,50.797045407738096,3052.257767874306,352.11690448037757,767.4428344592261,65.57871875,1055.4804793568949,3443.1931532427084,474.4991970129713,0.03439596063988095,50.797045407738096,3052.257767874306,352.11690448037757,767.4428344592261,65.57871875
2026-03-02 17:00:00+00:00,,,,,,,,,,1249.393474062267,3780.719985581968,474.90369658931183,0.03784225253729948,50.28184939661654,3865.6878276217203,385.7019317756611,768.722612546067,67.15747728696742,1055.4804793568949,3443.1931532427084,474.4991970129713,0.03439596063988095,50.797045407738096,3052.257767874306,352.11690448037757,767.4428344592261,65.57871875,1055.4804793568949,3443.1931532427084,474.4991970129713,0.03439596063988095,50.797045407738096,3052.257767874306,352.11690448037757,767.4428344592261,65.57871875
2026-03-02 18:00:00+00:00,,,,,,,,,,1220.969281346368,3709.4381068396,474.90369658931183,0.03834279747060205,50.28184939661654,3769.320018136401,392.24006154892044,770.897602624344,67.15747728696742,1055.4804793568949,3443.1931532427084,474.4991970129713,0.03439596063988095,50.797045407738096,3052.257767874306,352.11690448037757,767.4428344592261,65.57871875,1055.4804793568949,3443.1931532427084,474.4991970129713,0.03439596063988095,50.797045407738096,3052.257767874306,352.11690448037757,767.4428344592261,65.57871875
2026-03-02 19:00:00+00:00,,,,,,,,,,1174.8202891067122,3660.3464327448874,474.90369658931183,0.03884334240390462,50.28184939661654,3600.430398617669,398.7781913221798,772.4559888453556,67.15747728696742,1055.4804793568949,3443.1931532427084,474.4991970129713,0.03439596063988095,50.797045407738096,3052.257767874306,352.11690448037757,767.4428344592261,65.57871875,1055.4804793568949,3443.1931532427084,474.4991970129713,0.03439596063988095,50.797045407738096,3052.257767874306,352.11690448037757,767.4428344592261,65.57871875
2026-03-02 20:00:00+00:00,,,,,,,,,,1124.5533281585401,3582.0419573678496,474.90369658931183,0.03934388733720719,50.28184939661654,3405.874037415318,405.3163210954392,773.9381798657595,67.15747728696742,1055.4804793568949,3443.1931532427084,474.4991970129713,0.03439596063988095,50.797045407738096,3052.257767874306,352.11690448037757,767.4428344592261,65.57871875,1055.4804793568949,3443.1931532427084,474.4991970129713,0.03439596063988095,50.797045407738096,3052.257767874306,352.11690448037757,767.4428344592261,65.57871875
2026-03-02 21:00:00+00:00,,,,,,,,,,1092.388595450704,3539.2455789341966,474.90369658931183,0.03984443227050976,50.28184939661654,3281.008701191752,411.85445086869856,775.3226150394448,67.15747728696742,1055.4804793568949,3443.1931532427084,474.4991970129713,0.03439596063988095,50.797045407738096,3052.257767874306,352.11690448037757,767.4428344592261,65.57871875,1055.4804793568949,3443.1931532427084,474.4991970129713,0.03439596063988095,50.797045407738096,3052.257767874306,352.11690448037757,767.4428344592261,65.57871875
2026-03-02 22:00:00+00:00,,,,,,,,,,1089.7955357775534,3518.3912211097786,474.90369658931183,0.04034497720381233,50.28184939661654,3257.6801531156016,418.3925806419579,776.6583002555856,67.15747728696742,1055.4804793568949,3443.1931532427084,474.4991970129713,0.03439596063988095,50.797045407738096,3052.257767874306,352.11690448037757,767.4428344592261,65.57871875,1055.4804793568949,3443.1931532427084,474.4991970129713,0.03439596063988095,50.797045407738096,3052.257767874306,352.11690448037757,767.4428344592261,65.57871875
2026-03-02 23:00:00+00:00,,,,,,,,,,1098.946127913123,3516.802915684464,474.90369658931183,0.0408455221371149,50.28184939661654,3309.357791908298,424.9307104152173,777.7238578114161,67.15747728696742,1055.4804793568949,3443.1931532427084,474.4991970129713,0.03439596063988095,50.797045407738096,3052.257767874306,352.11690448037757,767.4428344592261,65.57871875,1055.4804793568949,3443.1931532427084,474.4991970129713,0.03439596063988095,50.797045407738096,3052.257767874306,352.11690448037757,767.4428344592261,65.57871875
2026-03-03 00:00:00+00:00,,,,,,,,,,1086.8093496726488,3540.533174603894,474.90369658931183,0.02933298867115579,50.28184939661654,3169.952703900439,274.55372563025185,766.1247925424029,67.15747728696742,1055.4804793568949,3443.1931532427084,474.4991970129713,0.03439596063988095,50.797045407738096,3052.257767874306,352.11690448037757,767.4428344592261,65.57871875,1055.4804793568949,3443.1931532427084,474.4991970129713,0.03439596063988095,50.797045407738096,3052.257767874306,352.11690448037757,767.4428344592261,65.57871875
2026-03-03 01:00:00+00:00,,,,,,,,,,1090.112993106129,3588.0744962525728,474.90369658931183,0.02983353360445836,50.28184939661654,3184.667231064033,281.0918554035112,767.0137624356698,67.15747728696742,1055.4804793568949,3443.1931532427084,474.4991970129713,0.03439596063988095,50.797045407738096,3052.257767874306,352.11690448037757,767.4428344592261,65.57871875,1055.4804793568949,3443.1931532427084,474.4991970129713,0.03439596063988095,50.797045407738096,3052.257767874306,352.11690448037757,767.4428344592261,65.57871875
2026-03-03 02:00:00+00:00,,,,,,,,,,1100.2777541665332,3643.800038363137,474.90369658931183,0.030334078537760933,50.28184939661654,3230.4611619057023,287.62998517677056,767.9157853075045,67.15747728696742,1055.4804793568949,3443.1931532427084,474.4991970129713,0.03439596063988095,50.797045407738096,3052.257767874306,352.11690448037757,767.4428344592261,65.57871875,1055.4804793568949,3443.1931532427084,474.4991970129713,0.03439596063988095,50.797045407738096,3052.257767874306,352.11690448037757,767.4428344592261,65.57871875
2026-03-03 03:00:00+00:00,,,,,,,,,,1122.1849918905982,3712.720085252273,474.90369658931183,0.030834623471063503,50.28184939661654,3319.639443618161,294.1681149500299,768.8407557741217,67.15747728696742,1055.4804793568949,3443.1931532427084,474.4991970129713,0.03439596063988095,50.797045407738096,3052.257767874306,352.11690448037757,767.4428344592261,65.57871875,1055.4804793568949,3443.1931532427084,474.4991970129713,0.03439596063988095,50.797045407738096,3052.257767874306,352.11690448037757,767.4428344592261,65.57871875
2026-03-03 04:00:00+00:00,,,,,,,,,,1148.2256385530939,3784.861244253186,474.90369658931183,0.03133516840436607,50.28184939661654,3460.419540801836,300.70624472328933,769.7297666661476,67.15747728696742,1055.4804793568949,3443.1931532427084,474.4991970129713,0.03439596063988095,50.797045407738096,3052.257767874306,352.11690448037757,767.4428344592261,65.57871875,1055.4804793568949,3443.1931532427084,474.4991970129713,0.03439596063988095,50.797045407738096,3052.257767874306,352.11690448037757,767.4428344592261,65.57871875
2026-03-03 05:00:00+00:00,,,,,,,,,,1229.803716695379,3887.2355150194435,474.90369658931183,0.031835713337668645,50.28184939661654,3780.221245860601,307.2443744965487,770.4942774239365,67.15747728696742,1055.4804793568949,3443.1931532427084,474.4991970129713,0.03439596063988095,50.797045407738096,3052.257767874306,352.11690448037757,767.4428344592261,65.57871875,1055.4804793568949,3443.1931532427084,474.4991970129713,0.03439596063988095,50.797045407738096,3052.257767874306,352.11690448037757,767.4428344592261,65.57871875
2026-03-03 06:00:00+00:00,,,,,,,,,,1250.5488269850853,3934.231791286277,474.90369658931183,0.03233625827097121,50.28184939661654,3844.417282041135,313.78250426980804,771.2861468471725,67.15747728696742,1055.4804793568949,3443.1931532427084,474.4991970129713,0.03439596063988095,50.797045407738096,3052.257767874306,352.11690448037757,767.4428344592261,65.57871875,1055.4804793568949,3443.1931532427084,474.4991970129713,0.03439596063988095,50.797045407738096,3052.257767874306,352.11690448037757,767.4428344592261,65.57871875
2026-03-03 07:00:00+00:00,,,,,,,,,,1225.536531110217,3861.7982835618227,474.90369658931183,0.03283680320427378,50.28184939661654,3711.5415353214257,320.3206340430674,771.1957648888109,67.15747728696742,1055.4804793568949,3443.1931532427084,474.4991970129713,0.03439596063988095,50.797045407738096,3052.257767874306,352.11690448037757,767.4428344592261,65.57871875,1055.4804793568949,3443.1931532427084,474.4991970129713,0.03439596063988095,50.797045407738096,3052.257767874306,352.11690448037757,767.4428344592261,65.57871875
2026-03-03 08:00:00+00:00,,,,,,,,,,1157.2399149371508,3775.419105249174,474.90369658931183,0.03333734813757635,50.28184939661654,3427.8549176363563,326.85876381632676,769.532669825986,67.15747728696742,1055.4804793568949,3443.1931532427084,474.4991970129713,0.03439596063988095,50.797045407738096,3052.257767874306,352.11690448037757,767.4428344592261,65.57871875,1055.4804793568949,3443.1931532427084,474.4991970129713,0.03439596063988095,50.797045407738096,3052.257767874306,352.11690448037757,767.4428344592261,65.57871875
2026-03-03 09:00:00+00:00,,,,,,,,,,1121.6265594450288,3705.4697362760817,474.90369658931183,0.03383789307087892,50.28184939661654,3293.4443906102547,333.39689358958617,767.4285591310812,67.15747728696742,1055.4804793568949,3443.1931532427084,474.4991970129713,0.03439596063988095,50.797045407738096,3052.257767874306,352.11690448037757,767.4428344592261,65.57871875,1055.4804793568949,3443.1931532427084,474.4991970129713,0.03439596063988095,50.797045407738096,3052.257767874306,352.11690448037757,767.4428344592261,65.57871875
2026-03-03 10:00:00+00:00,,,,,,,,,,1074.6076030143963,3589.0607696769935,474.90369658931183,0.03433843800418149,50.28184939661654,3052.9199009716476,339.9350233628455,765.4995540957536,67.15747728696742,1055.4804793568949,3443.1931532427084,474.4991970129713,0.03439596063988095,50.797045407738096,3052.257767874306,352.11690448037757,767.4428344592261,65.57871875,1055.4804793568949,3443.1931532427084,474.4991970129713,0.03439596063988095,50.797045407738096,3052.257767874306,352.11690448037757,767.4428344592261,65.57871875
2026-03-03 11:00:00+00:00,,,,,,,,,,1027.8056032586717,3548.278261849213,474.90369658931183,0.03483898293748406,50.28184939661654,2838.917649277913,346.4731531361049,763.9636134436224,67.15747728696742,1055.4804793568949,3443.1931532427084,474.4991970129713,0.03439596063988095,50.797045407738096,3052.257767874306,352.11690448037757,767.4428344592261,65.57871875,1055.4804793568949,3443.1931532427084,474.4991970129713,0.03439596063988095,50.797045407738096,3052.257767874306,352.11690448037757,767.4428344592261,65.57871875
2026-03-03 12:00:00+00:00,,,,,,,,,,992.8110808759305,3478.776342319162,474.90369658931183,0.03533952787078663,50.28184939661654,2686.8061049412922,353.01128290936424,762.9380622287291,67.15747728696742,1055.4804793568949,3443.1931532427084,474.4991970129713,0.03439596063988095,50.797045407738096,3052.257767874306,352.11690448037757,767.4428344592261,65.57871875,1055.4804793568949,3443.1931532427084,474.4991970129713,0.03439596063988095,50.797045407738096,3052.257767874306,352.11690448037757,767.4428344592261,65.57871875
2026-03-03 13:00:00+00:00,,,,,,,,,,1018.0575012503491,3525.8035369674403,474.90369658931183,0.0358400728040892,50.28184939661654,2781.479543665768,359.5494126826236,762.5772948479431,67.15747728696742,1055.4804793568949,3443.1931532427084,474.4991970129713,0.03439596063988095,50.797045407738096,3052.257767874306,352.11690448037757,767.4428344592261,65.57871875,1055.4804793568949,3443.1931532427084,474.4991970129713,0.03439596063988095,50.797045407738096,3052.257767874306,352.11690448037757,767.4428344592261,65.57871875
2026-03-03 14:00:00+00:00,,,,,,,,,,1054.6344218780087,3625.1120903041206,474.90369658931183,0.03634061773739177,50.28184939661654,2997.4010896018503,366.08754245588295,762.6976486657181,67.15747728696742,1055.4804793568949,3443.1931532427084,474.4991970129713,0.03439596063988095,50.797045407738096,3052.257767874306,352.11690448037757,767.4428344592261,65.57871875,1055.4804793568949,3443.1931532427084,474.4991970129713,0.03439596063988095,50.797045407738096,3052.257767874306,352.11690448037757,767.4428344592261,65.57871875
2026-03-03 15:00:00+00:00,,,,,,,,,,1148.5307451021026,3794.1054132416352,474.90369658931183,0.03684116267069434,50.28184939661654,3416.517397864849,372.62567222914237,763.3393698396087,67.15747728696742,1055.4804793568949,3443.1931532427084,474.4991970129713,0.03439596063988095,50.797045407738096,3052.257767874306,352.11690448037757,767.4428344592261,65.57871875,1055.4804793568949,3443.1931532427084,474.4991970129713,0.03439596063988095,50.797045407738096,3052.257767874306,352.11690448037757,767.4428344592261,65.57871875
2026-03-03 16:00:00+00:00,,,,,,,,,,1240.8320799792202,3924.6358038761655,474.90369658931183,0.03734170760399691,50.28184939661654,3812.965413547483,379.1638020024017,764.7689831700167,67.15747728696742,1055.4804793568949,3443.1931532427084,474.4991970129713,0.03439596063988095,50.797045407738096,3052.257767874306,352.11690448037757,767.4428344592261,65.57871875,1055.4804793568949,3443.1931532427084,474.4991970129713,0.03439596063988095,50.797045407738096,3052.257767874306,352.11690448037757,767.4428344592261,65.57871875
2026-03-03 17:00:00+00:00,,,,,,,,,,1239.1358976049448,3946.529484082811,474.90369658931183,0.03784225253729948,50.28184939661654,3848.4553896063217,385.7019317756611,768.0392481271408,67.15747728696742,1055.4804793568949,3443.1931532427084,474.4991970129713,0.03439596063988095,50.797045407738096,3052.257767874306,352.11690448037757,767.4428344592261,65.57871875,1055.4804793568949,3443.1931532427084,474.4991970129713,0.03439596063988095,50.797045407738096,3052.257767874306,352.11690448037757,767.4428344592261,65.57871875
2026-03-03 18:00:00+00:00,,,,,,,,,,1234.2773574748137,3937.8702291131644,474.90369658931183,0.03834279747060205,50.28184939661654,3830.481141904739,392.24006154892044,770.3880005023743,67.15747728696742,1055.4804793568949,3443.1931532427084,474.4991970129713,0.03439596063988095,50.797045407738096,3052.257767874306,352.11690448037757,767.4428344592261,65.57871875,1055.4804793568949,3443.1931532427084,474.4991970129713,0.03439596063988095,50.797045407738096,3052.257767874306,352.11690448037757,767.4428344592261,65.57871875
2026-03-03 19:00:00+00:00,,,,,,,,,,1198.5957537461045,3899.0678563319416,474.90369658931183,0.03884334240390462,50.28184939661654,3693.6175976047125,398.7781913221798,772.28128983053,67.15747728696742,1055.4804793568949,3443.1931532427084,474.4991970129713,0.03439596063988095,50.797045407738096,3052.257767874306,352.11690448037757,767.4428344592261,65.57871875,1055.4804793568949,3443.1931532427084,474.4991970129713,0.03439596063988095,50.797045407738096,3052.257767874306,352.11690448037757,767.4428344592261,65.57871875
2026-03-03 20:00:00+00:00,,,,,,,,,,1134.45461723766,3845.968424594625,474.90369658931183,0.03934388733720719,50.28184939661654,3466.163047648964,405.3163210954392,773.9372354474488,67.15747728696742,1055.4804793568949,3443.1931532427084,474.4991970129713,0.03439596063988095,50.797045407738096,3052.257767874306,352.11690448037757,767.4428344592261,65.57871875,1055.4804793568949,3443.1931532427084,474.4991970129713,0.03439596063988095,50.797045407738096,3052.257767874306,352.11690448037757,767.4428344592261,65.57871875
2026-03-03 21:00:00+00:00,,,,,,,,,,1090.481170822964,3766.373813287731,474.90369658931183,0.03984443227050976,50.28184939661654,3303.185947586239,411.85445086869856,775.5000095254042,67.15747728696742,1055.4804793568949,3443.1931532427084,474.4991970129713,0.03439596063988095,50.797045407738096,3052.257767874306,352.11690448037757,767.4428344592261,65.57871875,1055.4804793568949,3443.1931532427084,474.4991970129713,0.03439596063988095,50.797045407738096,3052.257767874306,352.11690448037757,767.4428344592261,65.57871875
2026-03-03 22:00:00+00:00,,,,,,,,,,1041.4488178502672,3709.689569934028,474.90369658931183,0.04034497720381233,50.28184939661654,3133.292114839107,418.3925806419579,776.9953496059526,67.15747728696742,1055.4804793568949,3443.1931532427084,474.4991970129713,0.03439596063988095,50.797045407738096,3052.257767874306,352.11690448037757,767.4428344592261,65.57871875,1055.4804793568949,3443.1931532427084,474.4991970129713,0.03439596063988095,50.797045407738096,3052.257767874306,352.11690448037757,767.4428344592261,65.57871875
2026-03-03 23:00:00+00:00,,,,,,,,,,1027.511811458441,3685.0039297183557,474.90369658931183,0.0408455221371149,50.28184939661654,3063.8416506821954,424.9307104152173,778.3803947075896,67.15747728696742,1055.4804793568949,3443.1931532427084,474.4991970129713,0.03439596063988095,50.797045407738096,3052.257767874306,352.11690448037757,767.4428344592261,65.57871875,1055.4804793568949,3443.1931532427084,474.4991970129713,0.03439596063988095,50.797045407738096,3052.257767874306,352.11690448037757,767.4428344592261,65.57871875
2026-03-04 00:00:00+00:00,,,,,,,,,,1048.3561975155435,3691.7354823215687,474.90369658931183,0.02933298867115579,50.28184939661654,3052.059390845254,274.55372563025185,767.0973709508756,67.15747728696742,1055.4804793568949,3443.1931532427084,474.4991970129713,0.03439596063988095,50.797045407738096,3052.257767874306,352.11690448037757,767.4428344592261,65.57871875,1055.4804793568949,3443.1931532427084,474.4991970129713,0.03439596063988095,50.797045407738096,3052.257767874306,352.11690448037757,767.4428344592261,65.57871875
2026-03-04 01:00:00+00:00,,,,,,,,,,1036.8447582957397,3695.926544230089,474.90369658931183,0.02983353360445836,50.28184939661654,3020.2422133346854,281.0918554035112,768.1880093106818,67.15747728696742,1055.4804793568949,3443.1931532427084,474.4991970129713,0.03439596063988095,50.797045407738096,3052.257767874306,352.11690448037757,767.4428344592261,65.57871875,1055.4804793568949,3443.1931532427084,474.4991970129713,0.03439596063988095,50.797045407738096,3052.257767874306,352.11690448037757,767.4428344592261,65.57871875
2026-03-04 02:00:00+00:00,,,,,,,,,,1079.4776157787846,3728.0561859647623,474.90369658931183,0.030334078537760933,50.28184939661654,3169.4652064249967,287.62998517677056,769.159264032458,67.15747728696742,1055.4804793568949,3443.1931532427084,474.4991970129713,0.03439596063988095,50.797045407738096,3052.257767874306,352.11690448037757,767.4428344592261,65.57871875,1055.4804793568949,3443.1931532427084,474.4991970129713,0.03439596063988095,50.797045407738096,3052.257767874306,352.11690448037757,767.4428344592261,65.57871875
2026-03-04 03:00:00+00:00,,,,,,,,,,1091.5950806543756,3760.7395410079343,474.90369658931183,0.030834623471063503,50.28184939661654,3233.321630888955,294.1681149500299,770.1089464798698,67.15747728696742,1055.4804793568949,3443.1931532427084,474.4991970129713,0.03439596063988095,50.797045407738096,3052.257767874306,352.11690448037757,767.4428344592261,65.57871875,1055.4804793568949,3443.1931532427084,474.4991970129713,0.03439596063988095,50.797045407738096,3052.257767874306,352.11690448037757,767.4428344592261,65.57871875
2026-03-04 04:00:00+00:00,,,,,,,,,,1137.5526847334572,3832.0489791582663,474.90369658931183,0.03133516840436607,50.28184939661654,3435.7816354199254,300.70624472328933,771.3240227920846,67.15747728696742,1055.4804793568949,3443.1931532427084,474.4991970129713,0.03439596063988095,50.797045407738096,3052.257767874306,352.11690448037757,767.4428344592261,65.57871875,1055.4804793568949,3443.1931532427084,474.4991970129713,0.03439596063988095,50.797045407738096,3052.257767874306,352.11690448037757,767.4428344592261,65.57871875
2026-03-04 05:00:00+00:00,,,,,,,,,,1181.0381660665296,3920.3551847056206,474.90369658931183,0.031835713337668645,50.28184939661654,3639.3741680096423,307.2443744965487,772.4885026468436,67.15747728696742,1055.4804793568949,3443.1931532427084,474.4991970129713,0.03439596063988095,50.797045407738096,3052.257767874306,352.11690448037757,767.4428344592261,65.57871875,1055.4804793568949,3443.1931532427084,474.4991970129713,0.03439596063988095,50.797045407738096,3052.257767874306,352.11690448037757,767.4428344592261,65.57871875
2026-03-04 06:00:00+00:00,,,,,,,,,,1216.2179960910125,3976.4793520423614,474.90369658931183,0.03233625827097121,50.28184939661654,3759.990478046,313.78250426980804,772.9293716390574,67.15747728696742,1055.4804793568949,3443.1931532427084,474.4991970129713,0.03439596063988095,50.797045407738096,3052.257767874306,352.11690448037757,767.4428344592261,65.57871875,1055.4804793568949,3443.1931532427084,474.4991970129713,0.03439596063988095,50.797045407738096,3052.257767874306,352.11690448037757,767.4428344592261,65.57871875
2026-03-04 07:00:00+00:00,,,,,,,,,,1194.8844983425224,3919.413533535143,474.90369658931183,0.03283680320427378,50.28184939661654,3656.452911708706,320.3206340430674,772.1386832862834,67.15747728696742,1055.4804793568949,3443.1931532427084,474.4991970129713,0.03439596063988095,50.797045407738096,3052.257767874306,352.11690448037757,767.4428344592261,65.57871875,1055.4804793568949,3443.1931532427084,474.4991970129713,0.03439596063988095,50.797045407738096,3052.257767874306,352.11690448037757,767.4428344592261,65.57871875
2026-03-04 08:00:00+00:00,,,,,,,,,,1163.2248335793956,3829.4691737649673,474.90369658931183,0.03333734813757635,50.28184939661654,3490.951189683942,326.85876381632676,770.5952433932783,67.15747728696742,1055.4804793568949,3443.1931532427084,474.4991970129713,0.03439596063988095,50.797045407738096,3052.257767874306,352.11690448037757,767.4428344592261,65.57871875,1055.4804793568949,3443.1931532427084,474.4991970129713,0.03439596063988095,50.797045407738096,3052.257767874306,352.11690448037757,767.4428344592261,65.57871875
2026-03-04 09:00:00+00:00,,,,,,,,,,1118.0568247825968,3745.6288397258068,474.90369658931183,0.03383789307087892,50.28184939661654,3293.401365173799,333.39689358958617,768.9453980006328,67.15747728696742,1055.4804793568949,3443.1931532427084,474.4991970129713,0.03439596063988095,50.797045407738096,3052.257767874306,352.11690448037757,767.4428344592261,65.57871875,1055.4804793568949,3443.1931532427084,474.4991970129713,0.03439596063988095,50.797045407738096,3052.257767874306,352.11690448037757,767.4428344592261,65.57871875
2026-03-04 10:00:00+00:00,,,,,,,,,,1077.1791935066822,3643.912133640738,474.90369658931183,0.03433843800418149,50.28184939661654,3098.973025869103,339.9350233628455,767.1778775619163,67.15747728696742,1055.4804793568949,3443.1931532427084,474.4991970129713,0.03439596063988095,50.797045407738096,3052.257767874306,352.11690448037757,767.4428344592261,65.57871875,1055.4804793568949,3443.1931532427084,474.4991970129713,0.03439596063988095,50.797045407738096,3052.257767874306,352.11690448037757,767.4428344592261,65.57871875
2026-03-04 11:00:00+00:00,,,,,,,,,,1036.7961889355777,3595.01888584109,474.90369658931183,0.03483898293748406,50.28184939661654,2911.6288107949804,346.4731531361049,765.2834255372658,67.15747728696742,1055.4804793568949,3443.1931532427084,474.4991970129713,0.03439596063988095,50.797045407738096,3052.257767874306,352.11690448037757,767.4428344592261,65.57871875,1055.4804793568949,3443.1931532427084,474.4991970129713,0.03439596063988095,50.797045407738096,3052.257767874306,352.11690448037757,767.4428344592261,65.57871875
2026-03-04 12:00:00+00:00,,,,,,,,,,1013.3673178524751,3517.0834569784474,474.90369658931183,0.03533952787078663,50.28184939661654,2825.5101374946016,353.01128290936424,764.0208393080953,67.15747728696742,1055.4804793568949,3443.1931532427084,474.4991970129713,0.03439596063988095,50.797045407738096,3052.257767874306,352.11690448037757,767.4428344592261,65.57871875,1055.4804793568949,3443.1931532427084,474.4991970129713,0.03439596063988095,50.797045407738096,3052.257767874306,352.11690448037757,767.4428344592261,65.57871875
2026-03-04 13:00:00+00:00,,,,,,,,,,1011.0518384241918,3502.569940495614,474.90369658931183,0.0358400728040892,50.28184939661654,2797.224859024477,359.5494126826236,763.5906777125068,67.15747728696742,1055.4804793568949,3443.1931532427084,474.4991970129713,0.03439596063988095,50.797045407738096,3052.257767874306,352.11690448037757,767.4428344592261,65.57871875,1055.4804793568949,3443.1931532427084,474.4991970129713,0.03439596063988095,50.797045407738096,3052.257767874306,352.11690448037757,767.4428344592261,65.57871875
2026-03-04 14:00:00+00:00,,,,,,,,,,1061.0551092133642,3616.1946156048575,474.90369658931183,0.03634061773739177,50.28184939661654,3029.5273459628315,366.08754245588295,763.746498267098,67.15747728696742,1055.4804793568949,3443.1931532427084,474.4991970129713,0.03439596063988095,50.797045407738096,3052.257767874306,352.11690448037757,767.4428344592261,65.57871875,1055.4804793568949,3443.1931532427084,474.4991970129713,0.03439596063988095,50.797045407738096,3052.257767874306,352.11690448037757,767.4428344592261,65.57871875
2026-03-04 15:00:00+00:00,,,,,,,,,,1148.2770073511,3735.38321922172,474.90369658931183,0.03684116267069434,50.28184939661654,3421.749506869057,372.62567222914237,764.5248867031116,67.15747728696742,1055.4804793568949,3443.1931532427084,474.4991970129713,0.03439596063988095,50.797045407738096,3052.257767874306,352.11690448037757,767.4428344592261,65.57871875,1055.4804793568949,3443.1931532427084,474.4991970129713,0.03439596063988095,50.797045407738096,3052.257767874306,352.11690448037757,767.4428344592261,65.57871875
2026-03-04 16:00:00+00:00,,,,,,,,,,1214.3036962928134,3878.252927666522,474.90369658931183,0.03734170760399691,50.28184939661654,3746.6393622187115,379.1638020024017,766.1870116047482,67.15747728696742,1055.4804793568949,3443.1931532427084,474.4991970129713,0.03439596063988095,50.797045407738096,3052.257767874306,352.11690448037757,767.4428344592261,65.57871875,1055.4804793568949,3443.1931532427084,474.4991970129713,0.03439596063988095,50.797045407738096,3052.257767874306,352.11690448037757,767.4428344592261,65.57871875
2026-03-04 17:00:00+00:00,,,,,,,,,,1234.309437163786,3891.405435005863,474.90369658931183,0.03784225253729948,50.28184939661654,3840.7518866595865,385.7019317756611,768.4672956646285,67.15747728696742,1055.4804793568949,3443.1931532427084,474.4991970129713,0.03439596063988095,50.797045407738096,3052.257767874306,352.11690448037757,767.4428344592261,65.57871875,1055.4804793568949,3443.1931532427084,474.4991970129713,0.03439596063988095,50.797045407738096,3052.257767874306,352.11690448037757,767.4428344592261,65.57871875
2026-03-04 18:00:00+00:00,,,,,,,,,,1200.0013219657264,3865.3736082396417,474.90369658931183,0.03834279747060205,50.28184939661654,3723.6694477106707,392.24006154892044,770.5555589893131,67.15747728696742,1055.4804793568949,3443.1931532427084,474.4991970129713,0.03439596063988095,50.797045407738096,3052.257767874306,352.11690448037757,767.4428344592261,65.57871875,1055.4804793568949,3443.1931532427084,474.4991970129713,0.03439596063988095,50.797045407738096,3052.257767874306,352.11690448037757,767.4428344592261,65.57871875
2026-03-04 19:00:00+00:00,,,,,,,,,,1162.758057174713,3812.4979566885995,474.90369658931183,0.03884334240390462,50.28184939661654,3582.018299406215,398.7781913221798,772.1761818013271,67.15747728696742,1055.4804793568949,3443.1931532427084,474.4991970129713,0.03439596063988095,50.797045407738096,3052.257767874306,352.11690448037757,767.4428344592261,65.57871875,1055.4804793568949,3443.1931532427084,474.4991970129713,0.03439596063988095,50.797045407738096,3052.257767874306,352.11690448037757,767.4428344592261,65.57871875
2026-03-04 20:00:00+00:00,,,,,,,,,,1116.2201807619797,3748.483817930796,474.90369658931183,0.03934388733720719,50.28184939661654,3407.036046821851,405.3163210954392,773.6213346094107,67.15747728696742,1055.4804793568949,3443.1931532427084,474.4991970129713,0.03439596063988095,50.797045407738096,3052.257767874306,352.11690448037757,767.4428344592261,65.57871875,1055.4804793568949,3443.1931532427084,474.4991970129713,0.03439596063988095,50.797045407738096,3052.257767874306,352.11690448037757,767.4428344592261,65.57871875
2026-03-04 21:00:00+00:00,,,,,,,,,,1058.2978412630378,3673.8090022326646,474.90369658931183,0.03984443227050976,50.28184939661654,3198.1205780243527,411.85445086869856,774.9874266740806,67.15747728696742,1055.4804793568949,3443.1931532427084,474.4991970129713,0.03439596063988095,50.797045407738096,3052.257767874306,352.11690448037757,767.4428344592261,65.57871875,1055.4804793568949,3443.1931532427084,474.4991970129713,0.03439596063988095,50.797045407738096,3052.257767874306,352.11690448037757,767.4428344592261,65.57871875
2026-03-04 22:00:00+00:00,,,,,,,,,,1018.3707068382041,3615.2315950407374,474.90369658931183,0.04034497720381233,50.28184939661654,3052.304918463614,418.3925806419579,776.3642348911193,67.15747728696742,1055.4804793568949,3443.1931532427084,474.4991970129713,0.03439596063988095,50.797045407738096,3052.257767874306,352.11690448037757,767.4428344592261,65.57871875,1055.4804793568949,3443.1931532427084,474.4991970129713,0.03439596063988095,50.797045407738096,3052.257767874306,352.11690448037757,767.4428344592261,65.57871875
2026-03-04 23:00:00+00:00,,,,,,,,,,1014.1471655810468,3574.7228000347845,474.90369658931183,0.0408455221371149,50.28184939661654,3017.014161217716,424.9307104152173,777.5992887254572,67.15747728696742,1055.4804793568949,3443.1931532427084,474.4991970129713,0.03439596063988095,50.797045407738096,3052.257767874306,352.11690448037757,767.4428344592261,65.57871875,1055.4804793568949,3443.1931532427084,474.4991970129713,0.03439596063988095,50.797045407738096,3052.257767874306,352.11690448037757,767.4428344592261,65.57871875
2026-03-05 00:00:00+00:00,,,,,,,,,,1007.100123251597,3542.2758147692275,474.90369658931183,0.02933298867115579,50.28184939661654,2919.81687680886,274.55372563025185,766.102000342423,67.15747728696742,1055.4804793568949,3443.1931532427084,474.4991970129713,0.03439596063988095,50.797045407738096,3052.257767874306,352.11690448037757,767.4428344592261,65.57871875,1055.4804793568949,3443.1931532427084,474.4991970129713,0.03439596063988095,50.797045407738096,3052.257767874306,352.11690448037757,767.4428344592261,65.57871875
2026-03-05 01:00:00+00:00,,,,,,,,,,1013.0161638684026,3549.342460767911,474.90369658931183,0.02983353360445836,50.28184939661654,2949.348208587202,281.0918554035112,766.969019803593,67.15747728696742,1055.4804793568949,3443.1931532427084,474.4991970129713,0.03439596063988095,50.797045407738096,3052.257767874306,352.11690448037757,767.4428344592261,65.57871875,1055.4804793568949,3443.1931532427084,474.4991970129713,0.03439596063988095,50.797045407738096,3052.257767874306,352.11690448037757,767.4428344592261,65.57871875
2026-03-05 02:00:00+00:00,,,,,,,,,,1025.5282240003087,3566.4163100397905,474.90369658931183,0.030334078537760933,50.28184939661654,2997.207204262113,287.62998517677056,767.799761266987,67.15747728696742,1055.4804793568949,3443.1931532427084,474.4991970129713,0.03439596063988095,50.797045407738096,3052.257767874306,352.11690448037757,767.4428344592261,65.57871875,1055.4804793568949,3443.1931532427084,474.4991970129713,0.03439596063988095,50.797045407738096,3052.257767874306,352.11690448037757,767.4428344592261,65.57871875
2026-03-05 03:00:00+00:00,,,,,,,,,,1066.761707820652,3617.5119012583386,474.90369658931183,0.030834623471063503,50.28184939661654,3155.2210164013227,294.1681149500299,768.5849580226129,67.15747728696742,1055.4804793568949,3443.1931532427084,474.4991970129713,0.03439596063988095,50.797045407738096,3052.257767874306,352.11690448037757,767.4428344592261,65.57871875,1055.4804793568949,3443.1931532427084,474.4991970129713,0.03439596063988095,50.797045407738096,3052.257767874306,352.11690448037757,767.4428344592261,65.57871875
2026-03-05 04:00:00+00:00,,,,,,,,,,1131.5048935632249,3698.825830683587,474.90369658931183,0.03133516840436607,50.28184939661654,3424.1533399642094,300.70624472328933,769.6227397618662,67.15747728696742,1055.4804793568949,3443.1931532427084,474.4991970129713,0.03439596063988095,50.797045407738096,3052.257767874306,352.11690448037757,767.4428344592261,65.57871875,1055.4804793568949,3443.1931532427084,474.4991970129713,0.03439596063988095,50.797045407738096,3052.257767874306,352.11690448037757,767.4428344592261,65.57871875
2026-03-05 05:00:00+00:00,,,,,,,,,,1181.1302356200138,3773.38030297587,474.90369658931183,0.031835713337668645,50.28184939661654,3637.376060166078,307.2443744965487,770.6672352518672,67.15747728696742,1055.4804793568949,3443.1931532427084,474.4991970129713,0.03439596063988095,50.797045407738096,3052.257767874306,352.11690448037757,767.4428344592261,65.57871875,1055.4804793568949,3443.1931532427084,474.4991970129713,0.03439596063988095,50.797045407738096,3052.257767874306,352.11690448037757,767.4428344592261,65.57871875
2026-03-05 06:00:00+00:00,,,,,,,,,,1219.2766936502553,3807.651324819818,474.90369658931183,0.03233625827097121,50.28184939661654,3775.0697645078903,313.78250426980804,770.995556357299,67.15747728696742,1055.4804793568949,3443.1931532427084,474.4991970129713,0.03439596063988095,50.797045407738096,3052.257767874306,352.11690448037757,767.4428344592261,65.57871875,1055.4804793568949,3443.1931532427084,474.4991970129713,0.03439596063988095,50.797045407738096,3052.257767874306,352.11690448037757,767.4428344592261,65.57871875
2026-03-05 07:00:00+00:00,,,,,,,,,,1158.9843973910931,3729.2522827609996,474.90369658931183,0.03283680320427378,50.28184939661654,3529.145681849777,320.3206340430674,770.2283131327813,67.15747728696742,1055.4804793568949,3443.1931532427084,474.4991970129713,0.03439596063988095,50.797045407738096,3052.257767874306,352.11690448037757,767.4428344592261,65.57871875,1055.4804793568949,3443.1931532427084,474.4991970129713,0.03439596063988095,50.797045407738096,3052.257767874306,352.11690448037757,767.4428344592261,65.57871875
2026-03-05 08:00:00+00:00,,,,,,,,,,1096.164354239238,3634.3100947913686,474.90369658931183,0.03333734813757635,50.28184939661654,3309.946788737756,326.85876381632676,768.7593340244626,67.15747728696742,1055.4804793568949,3443.1931532427084,474.4991970129713,0.03439596063988095,50.797045407738096,3052.257767874306,352.11690448037757,767.4428344592261,65.57871875,1055.4804793568949,3443.1931532427084,474.4991970129713,0.03439596063988095,50.797045407738096,3052.257767874306,352.11690448037757,767.4428344592261,65.57871875
2026-03-05 09:00:00+00:00,,,,,,,,,,1044.55032714356,3552.0601390880347,474.90369658931183,0.03383789307087892,50.28184939661654,3065.181534007739,333.39689358958617,767.1889627926681,67.15747728696742,1055.4804793568949,3443.1931532427084,474.4991970129713,0.03439596063988095,50.797045407738096,3052.257767874306,352.11690448037757,767.4428344592261,65.57871875,1055.4804793568949,3443.1931532427084,474.4991970129713,0.03439596063988095,50.797045407738096,3052.257767874306,352.11690448037757,767.4428344592261,65.57871875
2026-03-05 10:00:00+00:00,,,,,,,,,,999.9295209760434,3411.215886191849,474.90369658931183,0.03433843800418149,50.28184939661654,2834.844698976456,339.9350233628455,765.4245375005528,67.15747728696742,1055.4804793568949,3443.1931532427084,474.4991970129713,0.03439596063988095,50.797045407738096,3052.257767874306,352.11690448037757,767.4428344592261,65.57871875,1055.4804793568949,3443.1931532427084,474.4991970129713,0.03439596063988095,50.797045407738096,3052.257767874306,352.11690448037757,767.4428344592261,65.57871875
2026-03-05 11:00:00+00:00,,,,,,,,,,987.9919716791411,3330.1962660457893,474.90369658931183,0.03483898293748406,50.28184939661654,2721.6656800713854,346.4731531361049,763.5606968424988,67.15747728696742,1055.4804793568949,3443.1931532427084,474.4991970129713,0.03439596063988095,50.797045407738096,3052.257767874306,352.11690448037757,767.4428344592261,65.57871875,1055.4804793568949,3443.1931532427084,474.4991970129713,0.03439596063988095,50.797045407738096,3052.257767874306,352.11690448037757,767.4428344592261,65.57871875
2026-03-05 12:00:00+00:00,,,,,,,,,,984.5433672918052,3248.31383132536,474.90369658931183,0.03533952787078663,50.28184939661654,2683.5274091040146,353.01128290936424,762.3108805154003,67.15747728696742,1055.4804793568949,3443.1931532427084,474.4991970129713,0.03439596063988095,50.797045407738096,3052.257767874306,352.11690448037757,767.4428344592261,65.57871875,1055.4804793568949,3443.1931532427084,474.4991970129713,0.03439596063988095,50.797045407738096,3052.257767874306,352.11690448037757,767.4428344592261,65.57871875
2026-03-05 13:00:00+00:00,,,,,,,,,,987.4621857749781,3241.0362550243435,474.90369658931183,0.0358400728040892,50.28184939661654,2712.25346361798,359.5494126826236,761.959199161033,67.15747728696742,1055.4804793568949,3443.1931532427084,474.4991970129713,0.03439596063988095,50.797045407738096,3052.257767874306,352.11690448037757,767.4428344592261,65.57871875,1055.4804793568949,3443.1931532427084,474.4991970129713,0.03439596063988095,50.797045407738096,3052.257767874306,352.11690448037757,767.4428344592261,65.57871875
2026-03-05 14:00:00+00:00,,,,,,,,,,1017.5852751148883,3306.3687340703914,474.90369658931183,0.03634061773739177,50.28184939661654,2891.8664628758697,366.08754245588295,762.2712627412951,67.15747728696742,1055.4804793568949,3443.1931532427084,474.4991970129713,0.03439596063988095,50.797045407738096,3052.257767874306,352.11690448037757,767.4428344592261,65.57871875,1055.4804793568949,3443.1931532427084,474.4991970129713,0.03439596063988095,50.797045407738096,3052.257767874306,352.11690448037757,767.4428344592261,65.57871875
2026-03-05 15:00:00+00:00,,,,,,,,,,1096.7207432841744,3451.20766858898,474.90369658931183,0.03684116267069434,50.28184939661654,3247.370931840986,372.62567222914237,763.1707075187971,67.15747728696742,1055.4804793568949,3443.1931532427084,474.4991970129713,0.03439596063988095,50.797045407738096,3052.257767874306,352.11690448037757,767.4428344592261,65.57871875,1055.4804793568949,3443.1931532427084,474.4991970129713,0.03439596063988095,50.797045407738096,3052.257767874306,352.11690448037757,767.4428344592261,65.57871875
2026-03-05 16:00:00+00:00,,,,,,,,,,1191.0580624993445,3591.8820622895414,474.90369658931183,0.03734170760399691,50.28184939661654,3630.3091468682987,379.1638020024017,764.9328792186075,67.15747728696742,1055.4804793568949,3443.1931532427084,474.4991970129713,0.03439596063988095,50.797045407738096,3052.257767874306,352.11690448037757,767.4428344592261,65.57871875,1055.4804793568949,3443.1931532427084,474.4991970129713,0.03439596063988095,50.797045407738096,3052.257767874306,352.11690448037757,767.4428344592261,65.57871875
2026-03-05 17:00:00+00:00,,,,,,,,,,1182.8464163088956,3587.09044269081,474.90369658931183,0.03784225253729948,50.28184939661654,3626.6193183878336,385.7019317756611,767.3073557516924,67.15747728696742,1055.4804793568949,3443.1931532427084,474.4991970129713,0.03439596063988095,50.797045407738096,3052.257767874306,352.11690448037757,767.4428344592261,65.57871875,1055.4804793568949,3443.1931532427084,474.4991970129713,0.03439596063988095,50.797045407738096,3052.257767874306,352.11690448037757,767.4428344592261,65.57871875
2026-03-05 18:00:00+00:00,,,,,,,,,,1185.6324135893099,3566.3924614958923,474.90369658931183,0.03834279747060205,50.28184939661654,3626.983349066259,392.24006154892044,769.460605868513,67.15747728696742,1055.4804793568949,3443.1931532427084,474.4991970129713,0.03439596063988095,50.797045407738096,3052.257767874306,352.11690448037757,767.4428344592261,65.57871875,1055.4804793568949,3443.1931532427084,474.4991970129713,0.03439596063988095,50.797045407738096,3052.257767874306,352.11690448037757,767.4428344592261,65.57871875
2026-03-05 19:00:00+00:00,,,,,,,,,,1168.899431173276,3517.212066395243,474.90369658931183,0.03884334240390462,50.28184939661654,3565.704383446849,398.7781913221798,771.1256467839397,67.15747728696742,1055.4804793568949,3443.1931532427084,474.4991970129713,0.03439596063988095,50.797045407738096,3052.257767874306,352.11690448037757,767.4428344592261,65.57871875,1055.4804793568949,3443.1931532427084,474.4991970129713,0.03439596063988095,50.797045407738096,3052.257767874306,352.11690448037757,767.4428344592261,65.57871875
2026-03-05 20:00:00+00:00,,,,,,,,,,1130.6062653102872,3466.7157957056525,474.90369658931183,0.03934388733720719,50.28184939661654,3427.871847626686,405.3163210954392,772.5819231199687,67.15747728696742,1055.4804793568949,3443.1931532427084,474.4991970129713,0.03439596063988095,50.797045407738096,3052.257767874306,352.11690448037757,767.4428344592261,65.57871875,1055.4804793568949,3443.1931532427084,474.4991970129713,0.03439596063988095,50.797045407738096,3052.257767874306,352.11690448037757,767.4428344592261,65.57871875
2026-03-05 21:00:00+00:00,,,,,,,,,,1087.1273534112136,3410.7612402999434,474.90369658931183,0.03984443227050976,50.28184939661654,3276.0869637712703,411.85445086869856,773.9132138410409,67.15747728696742,1055.4804793568949,3443.1931532427084,474.4991970129713,0.03439596063988095,50.797045407738096,3052.257767874306,352.11690448037757,767.4428344592261,65.57871875,1055.4804793568949,3443.1931532427084,474.4991970129713,0.03439596063988095,50.797045407738096,3052.257767874306,352.11690448037757,767.4428344592261,65.57871875
2026-03-05 22:00:00+00:00,,,,,,,,,,1057.7884106978793,3361.937319867719,474.90369658931183,0.04034497720381233,50.28184939661654,3157.160607980078,418.3925806419579,774.8569799681328,67.15747728696742,1055.4804793568949,3443.1931532427084,474.4991970129713,0.03439596063988095,50.797045407738096,3052.257767874306,352.11690448037757,767.4428344592261,65.57871875,1055.4804793568949,3443.1931532427084,474.4991970129713,0.03439596063988095,50.797045407738096,3052.257767874306,352.11690448037757,767.4428344592261,65.57871875
2026-03-05 23:00:00+00:00,,,,,,,,,,1034.3224137087327,3347.878693710791,474.90369658931183,0.0408455221371149,50.28184939661654,3063.438261670205,424.9307104152173,776.091888301147,67.15747728696742,1055.4804793568949,3443.1931532427084,474.4991970129713,0.03439596063988095,50.797045407738096,3052.257767874306,352.11690448037757,767.4428344592261,65.57871875,1055.4804793568949,3443.1931532427084,474.4991970129713,0.03439596063988095,50.797045407738096,3052.257767874306,352.11690448037757,767.4428344592261,65.57871875
2026-03-06 00:00:00+00:00,,,,,,,,,,1024.8610004466314,3343.0754974071483,474.90369658931183,0.02933298867115579,50.28184939661654,2948.8835117768513,274.55372563025185,764.7298826197743,67.15747728696742,1055.4804793568949,3443.1931532427084,474.4991970129713,0.03439596063988095,50.797045407738096,3052.257767874306,352.11690448037757,767.4428344592261,65.57871875,1055.4804793568949,3443.1931532427084,474.4991970129713,0.03439596063988095,50.797045407738096,3052.257767874306,352.11690448037757,767.4428344592261,65.57871875
2026-03-06 01:00:00+00:00,,,,,,,,,,1015.2681952408237,3344.653320987905,474.90369658931183,0.02983353360445836,50.28184939661654,2920.337814029648,281.0918554035112,765.9211174210975,67.15747728696742,1055.4804793568949,3443.1931532427084,474.4991970129713,0.03439596063988095,50.797045407738096,3052.257767874306,352.11690448037757,767.4428344592261,65.57871875,1055.4804793568949,3443.1931532427084,474.4991970129713,0.03439596063988095,50.797045407738096,3052.257767874306,352.11690448037757,767.4428344592261,65.57871875
2026-03-06 02:00:00+00:00,,,,,,,,,,1051.9110400152779,3375.5233153870736,474.90369658931183,0.030334078537760933,50.28184939661654,3053.867123815249,287.62998517677056,767.2128397453434,67.15747728696742,1055.4804793568949,3443.1931532427084,474.4991970129713,0.03439596063988095,50.797045407738096,3052.257767874306,352.11690448037757,767.4428344592261,65.57871875,1055.4804793568949,3443.1931532427084,474.4991970129713,0.03439596063988095,50.797045407738096,3052.257767874306,352.11690448037757,767.4428344592261,65.57871875
2026-03-06 03:00:00+00:00,,,,,,,,,,1085.15072465839,3419.5394783067436,474.90369658931183,0.030834623471063503,50.28184939661654,3185.3743384766185,294.1681149500299,768.4609937859237,67.15747728696742,1055.4804793568949,3443.1931532427084,474.4991970129713,0.03439596063988095,50.797045407738096,3052.257767874306,352.11690448037757,767.4428344592261,65.57871875,1055.4804793568949,3443.1931532427084,474.4991970129713,0.03439596063988095,50.797045407738096,3052.257767874306,352.11690448037757,767.4428344592261,65.57871875
2026-03-06 04:00:00+00:00,,,,,,,,,,1150.6463613698434,3483.443295133071,474.90369658931183,0.03133516840436607,50.28184939661654,3435.495359003477,300.70624472328933,769.5205295514569,67.15747728696742,1055.4804793568949,3443.1931532427084,474.4991970129713,0.03439596063988095,50.797045407738096,3052.257767874306,352.11690448037757,767.4428344592261,65.57871875,1055.4804793568949,3443.1931532427084,474.4991970129713,0.03439596063988095,50.797045407738096,3052.257767874306,352.11690448037757,767.4428344592261,65.57871875
2026-03-06 05:00:00+00:00,,,,,,,,,,1225.2865381687584,3570.042830084797,474.90369658931183,0.031835713337668645,50.28184939661654,3742.5357891956846,307.2443744965487,770.2870821223349,67.15747728696742,1055.4804793568949,3443.1931532427084,474.4991970129713,0.03439596063988095,50.797045407738096,3052.257767874306,352.11690448037757,767.4428344592261,65.57871875,1055.4804793568949,3443.1931532427084,474.4991970129713,0.03439596063988095,50.797045407738096,3052.257767874306,352.11690448037757,767.4428344592261,65.57871875
2026-03-06 06:00:00+00:00,,,,,,,,,,1254.6346675107898,3599.7596416346732,474.90369658931183,0.03233625827097121,50.28184939661654,3845.241689842402,313.78250426980804,770.6026133666142,67.15747728696742,1055.4804793568949,3443.1931532427084,474.4991970129713,0.03439596063988095,50.797045407738096,3052.257767874306,352.11690448037757,767.4428344592261,65.57871875,1055.4804793568949,3443.1931532427084,474.4991970129713,0.03439596063988095,50.797045407738096,3052.257767874306,352.11690448037757,767.4428344592261,65.57871875
2026-03-06 07:00:00+00:00,,,,,,,,,,1215.3348656939816,3507.6727421081514,474.90369658931183,0.03283680320427378,50.28184939661654,3713.1184798520144,320.3206340430674,770.1552218103935,67.15747728696742,1055.4804793568949,3443.1931532427084,474.4991970129713,0.03439596063988095,50.797045407738096,3052.257767874306,352.11690448037757,767.4428344592261,65.57871875,1055.4804793568949,3443.1931532427084,474.4991970129713,0.03439596063988095,50.797045407738096,3052.257767874306,352.11690448037757,767.4428344592261,65.57871875
2026-03-06 08:00:00+00:00,,,,,,,,,,1160.3974649071693,3411.011214787377,474.90369658931183,0.03333734813757635,50.28184939661654,3511.2150602972383,326.85876381632676,769.0476756136679,67.15747728696742,1055.4804793568949,3443.1931532427084,474.4991970129713,0.03439596063988095,50.797045407738096,3052.257767874306,352.11690448037757,767.4428344592261,65.57871875,1055.4804793568949,3443.1931532427084,474.4991970129713,0.03439596063988095,50.797045407738096,3052.257767874306,352.11690448037757,767.4428344592261,65.57871875
2026-03-06 09:00:00+00:00,,,,,,,,,,1084.7333244176805,3331.8398032375817,474.90369658931183,0.03383789307087892,50.28184939661654,3219.3902606661827,333.39689358958617,767.6850468428759,67.15747728696742,1055.4804793568949,3443.1931532427084,474.4991970129713,0.03439596063988095,50.797045407738096,3052.257767874306,352.11690448037757,767.4428344592261,65.57871875,1055.4804793568949,3443.1931532427084,474.4991970129713,0.03439596063988095,50.797045407738096,3052.257767874306,352.11690448037757,767.4428344592261,65.57871875
2026-03-06 10:00:00+00:00,,,,,,,,,,1060.0311479977086,3269.8105237096265,474.90369658931183,0.03433843800418149,50.28184939661654,3112.022880057454,339.9350233628455,766.4145837464276,67.15747728696742,1055.4804793568949,3443.1931532427084,474.4991970129713,0.03439596063988095,50.797045407738096,3052.257767874306,352.11690448037757,767.4428344592261,65.57871875,1055.4804793568949,3443.1931532427084,474.4991970129713,0.03439596063988095,50.797045407738096,3052.257767874306,352.11690448037757,767.4428344592261,65.57871875
2026-03-06 11:00:00+00:00,,,,,,,,,,1021.1495631260382,3212.5142185189534,474.90369658931183,0.03483898293748406,50.28184939661654,2937.050163525796,346.4731531361049,765.47556663594,67.15747728696742,1055.4804793568949,3443.1931532427084,474.4991970129713,0.03439596063988095,50.797045407738096,3052.257767874306,352.11690448037757,767.4428344592261,65.57871875,1055.4804793568949,3443.1931532427084,474.4991970129713,0.03439596063988095,50.797045407738096,3052.257767874306,352.11690448037757,767.4428344592261,65.57871875
2026-03-06 12:00:00+00:00,,,,,,,,,,1012.555587426005,3171.1293174678867,474.90369658931183,0.03533952787078663,50.28184939661654,2900.8593673400424,353.01128290936424,765.2021486975447,67.15747728696742,1055.4804793568949,3443.1931532427084,474.4991970129713,0.03439596063988095,50.797045407738096,3052.257767874306,352.11690448037757,767.4428344592261,65.57871875,1055.4804793568949,3443.1931532427084,474.4991970129713,0.03439596063988095,50.797045407738096,3052.257767874306,352.11690448037757,767.4428344592261,65.57871875
2026-03-06 13:00:00+00:00,,,,,,,,,,1015.7814792673739,3215.6620632972144,474.90369658931183,0.0358400728040892,50.28184939661654,2941.7618441907407,359.5494126826236,765.6606126915302,67.15747728696742,1055.4804793568949,3443.1931532427084,474.4991970129713,0.03439596063988095,50.797045407738096,3052.257767874306,352.11690448037757,767.4428344592261,65.57871875,1055.4804793568949,3443.1931532427084,474.4991970129713,0.03439596063988095,50.797045407738096,3052.257767874306,352.11690448037757,767.4428344592261,65.57871875
2026-03-06 14:00:00+00:00,,,,,,,,,,1054.0111061125674,3351.4568486595163,474.90369658931183,0.03634061773739177,50.28184939661654,3134.3406460281494,366.08754245588295,766.5803613239717,67.15747728696742,1055.4804793568949,3443.1931532427084,474.4991970129713,0.03439596063988095,50.797045407738096,3052.257767874306,352.11690448037757,767.4428344592261,65.57871875,1055.4804793568949,3443.1931532427084,474.4991970129713,0.03439596063988095,50.797045407738096,3052.257767874306,352.11690448037757,767.4428344592261,65.57871875
2026-03-06 15:00:00+00:00,,,,,,,,,,1165.1845954180983,3547.0661313351397,474.90369658931183,0.03684116267069434,50.28184939661654,3538.823517309102,372.62567222914237,767.8582877832437,67.15747728696742,1055.4804793568949,3443.1931532427084,474.4991970129713,0.03439596063988095,50.797045407738096,3052.257767874306,352.11690448037757,767.4428344592261,65.57871875,1055.4804793568949,3443.1931532427084,474.4991970129713,0.03439596063988095,50.797045407738096,3052.257767874306,352.11690448037757,767.4428344592261,65.57871875
2026-03-06 16:00:00+00:00,,,,,,,,,,1250.0465879007857,3671.3137564462354,474.90369658931183,0.03734170760399691,50.28184939661654,3852.132193292715,379.1638020024017,769.3137968908304,67.15747728696742,1055.4804793568949,3443.1931532427084,474.4991970129713,0.03439596063988095,50.797045407738096,3052.257767874306,352.11690448037757,767.4428344592261,65.57871875,1055.4804793568949,3443.1931532427084,474.4991970129713,0.03439596063988095,50.797045407738096,3052.257767874306,352.11690448037757,767.4428344592261,65.57871875
2026-03-06 17:00:00+00:00,,,,,,,,,,1242.8004582325314,3682.9852824522522,474.90369658931183,0.03784225253729948,50.28184939661654,3842.6686472416013,385.7019317756611,770.8291728917776,67.15747728696742,1055.4804793568949,3443.1931532427084,474.4991970129713,0.03439596063988095,50.797045407738096,3052.257767874306,352.11690448037757,767.4428344592261,65.57871875,1055.4804793568949,3443.1931532427084,474.4991970129713,0.03439596063988095,50.797045407738096,3052.257767874306,352.11690448037757,767.4428344592261,65.57871875
2026-03-06 18:00:00+00:00,,,,,,,,,,1232.6555350606704,3661.8369596890902,474.90369658931183,0.03834279747060205,50.28184939661654,3799.220645365391,392.24006154892044,772.2217915626707,67.15747728696742,1055.4804793568949,3443.1931532427084,474.4991970129713,0.03439596063988095,50.797045407738096,3052.257767874306,352.11690448037757,767.4428344592261,65.57871875,1055.4804793568949,3443.1931532427084,474.4991970129713,0.03439596063988095,50.797045407738096,3052.257767874306,352.11690448037757,767.4428344592261,65.57871875
2026-03-06 19:00:00+00:00,,,,,,,,,,1170.403693281415,3608.812831225157,474.90369658931183,0.03884334240390462,50.28184939661654,3585.4813188471453,398.7781913221798,773.5609185013034,67.15747728696742,1055.4804793568949,3443.1931532427084,474.4991970129713,0.03439596063988095,50.797045407738096,3052.257767874306,352.11690448037757,767.4428344592261,65.57871875,1055.4804793568949,3443.1931532427084,474.4991970129713,0.03439596063988095,50.797045407738096,3052.257767874306,352.11690448037757,767.4428344592261,65.57871875
2026-03-06 20:00:00+00:00,,,,,,,,,,1154.3735766954073,3582.0867640029924,474.90369658931183,0.03934388733720719,50.28184939661654,3511.9964633589248,405.3163210954392,774.9650177215059,67.15747728696742,1055.4804793568949,3443.1931532427084,474.4991970129713,0.03439596063988095,50.797045407738096,3052.257767874306,352.11690448037757,767.4428344592261,65.57871875,1055.4804793568949,3443.1931532427084,474.4991970129713,0.03439596063988095,50.797045407738096,3052.257767874306,352.11690448037757,767.4428344592261,65.57871875
2026-03-06 21:00:00+00:00,,,,,,,,,,1117.560847591455,3579.389664220591,474.90369658931183,0.03984443227050976,50.28184939661654,3396.7011418603206,411.85445086869856,776.4241651648673,67.15747728696742,1055.4804793568949,3443.1931532427084,474.4991970129713,0.03439596063988095,50.797045407738096,3052.257767874306,352.11690448037757,767.4428344592261,65.57871875,1055.4804793568949,3443.1931532427084,474.4991970129713,0.03439596063988095,50.797045407738096,3052.257767874306,352.11690448037757,767.4428344592261,65.57871875
2026-03-06 22:00:00+00:00,,,,,,,,,,1075.7834786449437,3577.9281851548967,474.90369658931183,0.04034497720381233,50.28184939661654,3238.6721254809318,418.3925806419579,777.8719380356077,67.15747728696742,1055.4804793568949,3443.1931532427084,474.4991970129713,0.03439596063988095,50.797045407738096,3052.257767874306,352.11690448037757,767.4428344592261,65.57871875,1055.4804793568949,3443.1931532427084,474.4991970129713,0.03439596063988095,50.797045407738096,3052.257767874306,352.11690448037757,767.4428344592261,65.57871875
2026-03-06 23:00:00+00:00,,,,,,,,,,1057.3539445042545,3575.157513107281,474.90369658931183,0.0408455221371149,50.28184939661654,3158.573701296507,424.9307104152173,779.2361997995168,67.15747728696742,1055.4804793568949,3443.1931532427084,474.4991970129713,0.03439596063988095,50.797045407738096,3052.257767874306,352.11690448037757,767.4428344592261,65.57871875,1055.4804793568949,3443.1931532427084,474.4991970129713,0.03439596063988095,50.797045407738096,3052.257767874306,352.11690448037757,767.4428344592261,65.57871875
